-8.767369436100125313e-04;1.724671019474044442e-04;-4.288991447538137436e-03
-7.445142255164682865e-04;-2.134262758772820234e-04;-4.306418821215629578e-03
-7.445142255164682865e-04;-2.134262758772820234e-04;-4.306418821215629578e-03
-7.891335408203303814e-04;-4.407648229971528053e-04;-3.996025770902633667e-03
-7.891335408203303814e-04;-4.407648229971528053e-04;-3.996025770902633667e-03
-8.457240182906389236e-04;-1.397098531015217304e-04;-4.192532505840063095e-03
-9.252813179045915604e-04;-2.828388242051005363e-04;-4.107812419533729553e-03
-9.252813179045915604e-04;-2.828388242051005363e-04;-4.107812419533729553e-03
-8.046445436775684357e-04;-6.701639358652755618e-05;-4.274825565516948700e-03
-8.046445436775684357e-04;-6.701639358652755618e-05;-4.274825565516948700e-03
-7.866147789172828197e-04;1.151883770944550633e-04;-4.107733722776174545e-03
-7.866147789172828197e-04;1.151883770944550633e-04;-4.107733722776174545e-03
-6.903617177158594131e-04;7.977931090863421559e-05;-4.206242039799690247e-03
-6.903617177158594131e-04;7.977931090863421559e-05;-4.206242039799690247e-03
-5.425860290415585041e-04;-2.032180345850065351e-04;-4.362617153674364090e-03
-5.425860290415585041e-04;-2.032180345850065351e-04;-4.362617153674364090e-03
-5.484579014591872692e-04;-1.564951708132866770e-05;-4.283198621124029160e-03
-5.484579014591872692e-04;-1.564951708132866770e-05;-4.283198621124029160e-03
-8.154102833941578865e-04;9.040668373927474022e-05;-4.357917699962854385e-03
-7.336576818488538265e-04;6.393593503162264824e-05;-4.612236283719539642e-03
-7.336576818488538265e-04;6.393593503162264824e-05;-4.612236283719539642e-03
-6.332567427307367325e-04;4.806947799806948751e-06;-4.458272829651832581e-03
-6.332567427307367325e-04;4.806947799806948751e-06;-4.458272829651832581e-03
-5.762515356764197350e-04;7.396098226308822632e-05;-4.487219732254743576e-03
-5.762515356764197350e-04;7.396098226308822632e-05;-4.487219732254743576e-03
-4.523809766396880150e-04;1.630888582440093160e-04;-4.757449030876159668e-03
-4.523809766396880150e-04;1.630888582440093160e-04;-4.757449030876159668e-03
-3.619575873017311096e-04;2.784906537272036076e-04;-4.286557901650667191e-03
-3.619575873017311096e-04;2.784906537272036076e-04;-4.286557901650667191e-03
-5.222319741733372211e-04;2.356387267354875803e-04;-4.377357661724090576e-03
-7.824156200513243675e-04;2.456396759953349829e-04;-4.482827614992856979e-03
-7.824156200513243675e-04;2.456396759953349829e-04;-4.482827614992856979e-03
-7.795409183017909527e-04;1.559245865792036057e-04;-4.275858402252197266e-03
-7.795409183017909527e-04;1.559245865792036057e-04;-4.275858402252197266e-03
-8.812919259071350098e-04;-1.413436984876170754e-05;-4.352787043899297714e-03
-8.812919259071350098e-04;-1.413436984876170754e-05;-4.352787043899297714e-03
-7.847834494896233082e-04;-3.132118217763490975e-05;-4.363954998552799225e-03
-7.847834494896233082e-04;-3.132118217763490975e-05;-4.363954998552799225e-03
-7.235356024466454983e-04;1.176277000922709703e-04;-4.502087365835905075e-03
-7.235356024466454983e-04;1.176277000922709703e-04;-4.502087365835905075e-03
-8.451390895061194897e-04;2.595926525827962905e-05;-4.687656182795763016e-03
-8.451390895061194897e-04;2.595926525827962905e-05;-4.687656182795763016e-03
-5.354180466383695602e-04;-2.027679583989083767e-04;-4.320374689996242523e-03
-7.992830942384898663e-04;-2.908344613388180733e-04;-4.391520749777555466e-03
-7.992830942384898663e-04;-2.908344613388180733e-04;-4.391520749777555466e-03
-3.288850712124258280e-04;1.266006729565560818e-04;-4.492739215493202209e-03
-3.288850712124258280e-04;1.266006729565560818e-04;-4.492739215493202209e-03
-1.951368612935766578e-04;1.636212618905119598e-05;-3.946989309042692184e-03
-1.951368612935766578e-04;1.636212618905119598e-05;-3.946989309042692184e-03
-4.598045779857784510e-04;-6.519722228404134512e-05;-3.785575041547417641e-03
-4.598045779857784510e-04;-6.519722228404134512e-05;-3.785575041547417641e-03
-6.664909888058900833e-04;6.739854870829731226e-05;-4.155959468334913254e-03
-6.664909888058900833e-04;6.739854870829731226e-05;-4.155959468334913254e-03
-6.225511897355318069e-04;1.536659692646935582e-04;-4.290074575692415237e-03
-6.225511897355318069e-04;1.536659692646935582e-04;-4.290074575692415237e-03
-7.352364482358098030e-04;1.011840940918773413e-04;-4.342796746641397476e-03
-7.352364482358098030e-04;1.011840940918773413e-04;-4.342796746641397476e-03
-5.152735975570976734e-04;3.243510145694017410e-04;-4.060443025082349777e-03
-5.152735975570976734e-04;3.243510145694017410e-04;-4.060443025082349777e-03
-7.131985039450228214e-04;3.373164508957415819e-04;-4.274768754839897156e-03
-7.131985039450228214e-04;3.373164508957415819e-04;-4.274768754839897156e-03
-5.460837855935096741e-04;4.401041078381240368e-04;-4.320774693042039871e-03
-5.460837855935096741e-04;4.401041078381240368e-04;-4.320774693042039871e-03
-8.315968443639576435e-04;9.734314517118036747e-05;-4.514728672802448273e-03
-8.315968443639576435e-04;9.734314517118036747e-05;-4.514728672802448273e-03
-5.497821257449686527e-04;1.461933570681139827e-04;-4.140224307775497437e-03
-8.455737843178212643e-04;1.039574199239723384e-04;-4.793592728674411774e-03
-8.455737843178212643e-04;1.039574199239723384e-04;-4.793592728674411774e-03
-7.311847875826060772e-04;2.864265406969934702e-04;-4.380253609269857407e-03
-7.311847875826060772e-04;2.864265406969934702e-04;-4.380253609269857407e-03
-7.721754373051226139e-04;2.456767542753368616e-04;-4.633593838661909103e-03
-7.721754373051226139e-04;2.456767542753368616e-04;-4.633593838661909103e-03
-8.181817829608917236e-04;4.681739665102213621e-05;-4.236567765474319458e-03
-8.181817829608917236e-04;4.681739665102213621e-05;-4.236567765474319458e-03
-7.283902377821505070e-04;3.490131348371505737e-04;-4.334608092904090881e-03
-7.283902377821505070e-04;3.490131348371505737e-04;-4.334608092904090881e-03
-8.222549222409725189e-04;1.102956375689245760e-04;-4.558489192277193069e-03
-8.222549222409725189e-04;1.102956375689245760e-04;-4.558489192277193069e-03
-8.338581537827849388e-04;-3.210849536117166281e-04;-4.208739381283521652e-03
-9.525340283289551735e-04;-3.346933226566761732e-04;-4.401490092277526855e-03
-9.525340283289551735e-04;-3.346933226566761732e-04;-4.401490092277526855e-03
-9.502928005531430244e-04;-7.323062891373410821e-05;-4.053641576319932938e-03
-9.502928005531430244e-04;-7.323062891373410821e-05;-4.053641576319932938e-03
-7.362379692494869232e-04;1.719390129437670112e-04;-4.101445898413658142e-03
-7.362379692494869232e-04;1.719390129437670112e-04;-4.101445898413658142e-03
-6.932408432476222515e-04;3.102225018665194511e-04;-4.057465586811304092e-03
-6.932408432476222515e-04;3.102225018665194511e-04;-4.057465586811304092e-03
-8.534103399142622948e-04;2.131207584170624614e-04;-3.853991162031888962e-03
-8.534103399142622948e-04;2.131207584170624614e-04;-3.853991162031888962e-03
-9.905757615342736244e-04;1.796393335098400712e-04;-3.904034383594989777e-03
-6.152788409963250160e-04;-2.524706942494958639e-04;-3.665669122710824013e-03
-6.152788409963250160e-04;-2.524706942494958639e-04;-3.665669122710824013e-03
-6.019955035299062729e-04;-9.380636038258671761e-05;-3.902381286025047302e-03
-6.019955035299062729e-04;-9.380636038258671761e-05;-3.902381286025047302e-03
-6.421077414415776730e-04;-2.910400216933339834e-04;-4.106548149138689041e-03
-6.421077414415776730e-04;-2.910400216933339834e-04;-4.106548149138689041e-03
-6.898544379509985447e-04;-3.190454153809696436e-04;-4.208278376609086990e-03
-6.898544379509985447e-04;-3.190454153809696436e-04;-4.208278376609086990e-03
-7.898243493400514126e-04;7.432663096551550552e-06;-4.115646239370107651e-03
-7.898243493400514126e-04;7.432663096551550552e-06;-4.115646239370107651e-03
-8.493984933011233807e-04;4.565541530610062182e-06;-4.119607619941234589e-03
-8.493984933011233807e-04;4.565541530610062182e-06;-4.119607619941234589e-03
-7.111553568392992020e-04;1.353812258457764983e-04;-4.328636918216943741e-03
-7.194524514488875866e-04;4.487411206355318427e-05;-4.166966304183006287e-03
-7.194524514488875866e-04;4.487411206355318427e-05;-4.166966304183006287e-03
-7.653539651073515415e-04;3.113368584308773279e-04;-4.056615289300680161e-03
-7.653539651073515415e-04;3.113368584308773279e-04;-4.056615289300680161e-03
-6.720605888403952122e-04;4.228902398608624935e-04;-4.234184976667165756e-03
-6.720605888403952122e-04;4.228902398608624935e-04;-4.234184976667165756e-03
-5.766449612565338612e-04;3.904116747435182333e-04;-4.296490922570228577e-03
-5.766449612565338612e-04;3.904116747435182333e-04;-4.296490922570228577e-03
-4.679761477746069431e-04;2.659597375895828009e-04;-4.201665520668029785e-03
-4.679761477746069431e-04;2.659597375895828009e-04;-4.201665520668029785e-03
-5.788789130747318268e-04;3.938128356821835041e-04;-4.065033979713916779e-03
-5.788789130747318268e-04;3.938128356821835041e-04;-4.065033979713916779e-03
-7.671302300877869129e-04;2.373012102907523513e-04;-4.017509520053863525e-03
-7.671302300877869129e-04;2.373012102907523513e-04;-4.017509520053863525e-03
-4.024556255899369717e-04;3.869582433253526688e-04;-3.985939081758260727e-03
-2.830186858773231506e-04;4.612123884726315737e-04;-4.152528941631317139e-03
-2.830186858773231506e-04;4.612123884726315737e-04;-4.152528941631317139e-03
-5.465659196488559246e-04;5.600085714831948280e-04;-4.229993559420108795e-03
-5.465659196488559246e-04;5.600085714831948280e-04;-4.229993559420108795e-03
-6.296217325143516064e-04;6.554831634275615215e-04;-4.110586363822221756e-03
-6.296217325143516064e-04;6.554831634275615215e-04;-4.110586363822221756e-03
-6.906504859216511250e-04;7.838965393602848053e-04;-4.044707864522933960e-03
-6.906504859216511250e-04;7.838965393602848053e-04;-4.044707864522933960e-03
-8.033453486859798431e-04;8.851840393617749214e-04;-4.425929393619298935e-03
-8.033453486859798431e-04;8.851840393617749214e-04;-4.425929393619298935e-03
-8.458821102976799011e-04;8.693906711414456367e-04;-4.283748101443052292e-03
-7.958456990309059620e-04;5.894035566598176956e-04;-4.292166791856288910e-03
-7.958456990309059620e-04;5.894035566598176956e-04;-4.292166791856288910e-03
-7.634129142388701439e-04;3.950331010855734348e-04;-4.485873039811849594e-03
-7.634129142388701439e-04;3.950331010855734348e-04;-4.485873039811849594e-03
-8.124107844196259975e-04;5.622392636723816395e-04;-4.534003790467977524e-03
-8.124107844196259975e-04;5.622392636723816395e-04;-4.534003790467977524e-03
-8.192515233531594276e-04;1.749473158270120621e-04;-4.318386316299438477e-03
-8.192515233531594276e-04;1.749473158270120621e-04;-4.318386316299438477e-03
-7.489309064112603664e-04;-6.557707092724740505e-05;-4.475777968764305115e-03
-7.489309064112603664e-04;-6.557707092724740505e-05;-4.475777968764305115e-03
-6.477815331891179085e-04;1.943600182130467147e-05;-4.039933439344167709e-03
-5.639598239213228226e-04;-3.850208886433392763e-04;-3.993464168161153793e-03
-5.639598239213228226e-04;-3.850208886433392763e-04;-3.993464168161153793e-03
-5.356320762075483799e-04;-4.387033113744109869e-04;-4.120906814932823181e-03
-5.356320762075483799e-04;-4.387033113744109869e-04;-4.120906814932823181e-03
-4.109681118279695511e-03;1.316893940384034067e-05;-1.686220988631248474e-02
-4.109681118279695511e-03;1.316893940384034067e-05;-1.686220988631248474e-02
-2.364808320999145508e-02;4.174023051746189594e-04;-8.475887775421142578e-02
-2.364808320999145508e-02;4.174023051746189594e-04;-8.475887775421142578e-02
-4.883828014135360718e-02;-5.564544699154794216e-04;-7.619990408420562744e-02
-4.883828014135360718e-02;-5.564544699154794216e-04;-7.619990408420562744e-02
-6.825485825538635254e-02;-6.301623070612549782e-04;-2.467352524399757385e-02
-7.618340849876403809e-02;-6.087204092182219028e-04;2.734891511499881744e-02
-7.618340849876403809e-02;-6.087204092182219028e-04;2.734891511499881744e-02
-8.556293696165084839e-02;-5.012694746255874634e-04;6.231839582324028015e-02
-8.556293696165084839e-02;-5.012694746255874634e-04;6.231839582324028015e-02
-9.252706170082092285e-02;-6.895844708196818829e-04;9.607387334108352661e-02
-9.252706170082092285e-02;-6.895844708196818829e-04;9.607387334108352661e-02
-8.609842509031295776e-02;1.844819169491529465e-03;1.371426880359649658e-01
-8.609842509031295776e-02;1.844819169491529465e-03;1.371426880359649658e-01
-8.007755130529403687e-02;5.565784871578216553e-03;1.804643273353576660e-01
-7.512140274047851562e-02;8.966489695012569427e-03;2.321376353502273560e-01
-7.512140274047851562e-02;8.966489695012569427e-03;2.321376353502273560e-01
-6.860294938087463379e-02;9.619554504752159119e-03;2.802998125553131104e-01
-6.860294938087463379e-02;9.619554504752159119e-03;2.802998125553131104e-01
-6.151922419667243958e-02;7.781847845762968063e-03;3.186930119991302490e-01
-6.151922419667243958e-02;7.781847845762968063e-03;3.186930119991302490e-01
-5.399280786514282227e-02;4.309578798711299896e-03;3.404605090618133545e-01
-5.399280786514282227e-02;4.309578798711299896e-03;3.404605090618133545e-01
-4.827985912561416626e-02;7.611982058733701706e-03;3.592287600040435791e-01
-4.827985912561416626e-02;7.611982058733701706e-03;3.592287600040435791e-01
-4.421254247426986694e-02;6.618376821279525757e-03;3.749931454658508301e-01
-4.421254247426986694e-02;6.618376821279525757e-03;3.749931454658508301e-01
-3.717594221234321594e-02;5.227183923125267029e-03;3.899837434291839600e-01
-3.096674010157585144e-02;3.268467029556632042e-03;4.031583666801452637e-01
-3.096674010157585144e-02;3.268467029556632042e-03;4.031583666801452637e-01
-2.266613021492958069e-02;1.122356741689145565e-03;4.110769033432006836e-01
-2.266613021492958069e-02;1.122356741689145565e-03;4.110769033432006836e-01
-1.622110418975353241e-02;-7.196128717623651028e-04;4.139864742755889893e-01
-1.622110418975353241e-02;-7.196128717623651028e-04;4.139864742755889893e-01
-9.450764395296573639e-03;-2.883339766412973404e-03;4.088232815265655518e-01
-9.450764395296573639e-03;-2.883339766412973404e-03;4.088232815265655518e-01
-1.567784929648041725e-03;-3.353265346959233284e-03;3.933738470077514648e-01
-1.567784929648041725e-03;-3.353265346959233284e-03;3.933738470077514648e-01
2.776214620098471642e-03;-2.934821415692567825e-03;3.757471442222595215e-01
2.776214620098471642e-03;-2.934821415692567825e-03;3.757471442222595215e-01
4.806009586900472641e-03;-4.161757882684469223e-03;3.668360114097595215e-01
5.943912081420421600e-03;-5.374204367399215698e-03;3.614987134933471680e-01
5.943912081420421600e-03;-5.374204367399215698e-03;3.614987134933471680e-01
6.728810258209705353e-03;-5.586162675172090530e-03;3.551254570484161377e-01
6.728810258209705353e-03;-5.586162675172090530e-03;3.551254570484161377e-01
5.050192121416330338e-03;-5.677616689354181290e-03;3.499397933483123779e-01
5.050192121416330338e-03;-5.677616689354181290e-03;3.499397933483123779e-01
3.619152354076504707e-03;-6.711343768984079361e-03;3.465428054332733154e-01
3.619152354076504707e-03;-6.711343768984079361e-03;3.465428054332733154e-01
2.475691027939319611e-03;-7.884130813181400299e-03;3.359104096889495850e-01
2.475691027939319611e-03;-7.884130813181400299e-03;3.359104096889495850e-01
-1.911416416987776756e-03;-4.549929406493902206e-03;3.194756209850311279e-01
-1.911416416987776756e-03;-4.549929406493902206e-03;3.194756209850311279e-01
-6.243702489882707596e-03;-4.772759974002838135e-03;3.155571222305297852e-01
-9.925732389092445374e-03;-4.533736035227775574e-03;3.153374195098876953e-01
-9.925732389092445374e-03;-4.533736035227775574e-03;3.153374195098876953e-01
-6.002367474138736725e-03;-3.129417309537529945e-03;2.854851484298706055e-01
-6.002367474138736725e-03;-3.129417309537529945e-03;2.854851484298706055e-01
1.538714044727385044e-03;-2.695003524422645569e-03;2.257999926805496216e-01
1.538714044727385044e-03;-2.695003524422645569e-03;2.257999926805496216e-01
1.056880317628383636e-02;-1.594998524524271488e-03;1.633490771055221558e-01
1.056880317628383636e-02;-1.594998524524271488e-03;1.633490771055221558e-01
2.076596021652221680e-02;-1.586859929375350475e-03;1.037751957774162292e-01
2.076596021652221680e-02;-1.586859929375350475e-03;1.037751957774162292e-01
2.698758244514465332e-02;-2.556245308369398117e-03;6.004305928945541382e-02
3.009435907006263733e-02;-3.129645017907023430e-03;2.648428454995155334e-02
3.009435907006263733e-02;-3.129645017907023430e-03;2.648428454995155334e-02
2.919926308095455170e-02;-6.366156507283449173e-03;5.438928026705980301e-03
2.919926308095455170e-02;-6.366156507283449173e-03;5.438928026705980301e-03
2.376884967088699341e-02;-7.233188487589359283e-03;-6.361908162944018841e-05
2.376884967088699341e-02;-7.233188487589359283e-03;-6.361908162944018841e-05
1.398685574531555176e-02;-6.687028799206018448e-03;2.705594059079885483e-03
1.398685574531555176e-02;-6.687028799206018448e-03;2.705594059079885483e-03
2.201114082708954811e-03;-6.515061482787132263e-03;9.725892916321754456e-03
2.201114082708954811e-03;-6.515061482787132263e-03;9.725892916321754456e-03
-7.386260200291872025e-03;-4.965757019817829132e-03;8.609454147517681122e-03
-1.260847318917512894e-02;-4.044723231345415115e-03;-5.910929758101701736e-04
-1.260847318917512894e-02;-4.044723231345415115e-03;-5.910929758101701736e-04
-1.564524136483669281e-02;-2.683395519852638245e-03;-7.695677690207958221e-03
-1.564524136483669281e-02;-2.683395519852638245e-03;-7.695677690207958221e-03
-1.840914040803909302e-02;-4.428870161063969135e-04;-8.655897341668605804e-03
-1.840914040803909302e-02;-4.428870161063969135e-04;-8.655897341668605804e-03
-2.098345011472702026e-02;1.231790869496762753e-03;-3.270333632826805115e-03
-2.098345011472702026e-02;1.231790869496762753e-03;-3.270333632826805115e-03
-2.256819978356361389e-02;2.843499183654785156e-03;5.886899307370185852e-04
-2.256819978356361389e-02;2.843499183654785156e-03;5.886899307370185852e-04
-2.257051877677440643e-02;3.214073833078145981e-03;-1.380329602397978306e-03
-2.257051877677440643e-02;3.214073833078145981e-03;-1.380329602397978306e-03
-2.115725912153720856e-02;4.088649526238441467e-03;-5.588118918240070343e-03
-1.927639171481132507e-02;4.074006341397762299e-03;-8.291389793157577515e-03
-1.927639171481132507e-02;4.074006341397762299e-03;-8.291389793157577515e-03
-1.721531525254249573e-02;2.773249987512826920e-03;-5.796364508569240570e-03
-1.721531525254249573e-02;2.773249987512826920e-03;-5.796364508569240570e-03
-1.536189392209053040e-02;2.148707630112767220e-03;-2.151822904124855995e-03
-1.536189392209053040e-02;2.148707630112767220e-03;-2.151822904124855995e-03
-1.229734253138303757e-02;1.711059361696243286e-03;-1.359145506285130978e-03
-1.229734253138303757e-02;1.711059361696243286e-03;-1.359145506285130978e-03
-8.820102550089359283e-03;2.960059209726750851e-04;-3.905347082763910294e-03
-8.820102550089359283e-03;2.960059209726750851e-04;-3.905347082763910294e-03
-4.794175736606121063e-03;-9.627105901017785072e-04;-6.128694396466016769e-03
-1.211720868013799191e-03;-2.066264161840081215e-03;-4.937196616083383560e-03
-1.211720868013799191e-03;-2.066264161840081215e-03;-4.937196616083383560e-03
1.457084319554269314e-03;-2.693271497264504433e-03;-2.837629057466983795e-03
1.457084319554269314e-03;-2.693271497264504433e-03;-2.837629057466983795e-03
3.452329663559794426e-03;-2.918927697464823723e-03;-1.434768782928586006e-03
3.452329663559794426e-03;-2.918927697464823723e-03;-1.434768782928586006e-03
3.952392376959323883e-03;-2.693014219403266907e-03;-2.779429778456687927e-03
3.952392376959323883e-03;-2.693014219403266907e-03;-2.779429778456687927e-03
4.722969606518745422e-03;-1.613060710951685905e-03;-4.727427382022142410e-03
4.722969606518745422e-03;-1.613060710951685905e-03;-4.727427382022142410e-03
3.961230162531137466e-03;-7.213251083157956600e-04;-5.040635820478200912e-03
2.404872328042984009e-03;8.342388900928199291e-05;-3.851838409900665283e-03
2.404872328042984009e-03;8.342388900928199291e-05;-3.851838409900665283e-03
9.277404169552028179e-04;8.460209937766194344e-04;-3.115046536549925804e-03
9.277404169552028179e-04;8.460209937766194344e-04;-3.115046536549925804e-03
-7.113607134670019150e-04;1.556403120048344135e-03;-3.935173153877258301e-03
-7.113607134670019150e-04;1.556403120048344135e-03;-3.935173153877258301e-03
-1.906345249153673649e-03;1.251136884093284607e-03;-5.140441469848155975e-03
-1.906345249153673649e-03;1.251136884093284607e-03;-5.140441469848155975e-03
-2.771476982161402702e-03;1.580615062266588211e-03;-5.528752692043781281e-03
-2.771476982161402702e-03;1.580615062266588211e-03;-5.528752692043781281e-03
-3.087216522544622421e-03;1.124372356571257114e-03;-5.035499576479196548e-03
-3.087216522544622421e-03;1.124372356571257114e-03;-5.035499576479196548e-03
-3.014739835634827614e-03;8.861215901561081409e-04;-4.100367426872253418e-03
-3.014739835634827614e-03;8.861215901561081409e-04;-4.100367426872253418e-03
-3.085114294663071632e-03;3.848232736345380545e-04;-4.352343734353780746e-03
-3.085114294663071632e-03;3.848232736345380545e-04;-4.352343734353780746e-03
-1.915254630148410797e-03;-6.476441631093621254e-04;-4.766365047544240952e-03
-1.054130028933286667e-03;-9.220418869517743587e-04;-4.882175009697675705e-03
-1.054130028933286667e-03;-9.220418869517743587e-04;-4.882175009697675705e-03
-7.298565469682216644e-05;-1.325589139014482498e-03;-4.237156827002763748e-03
-7.298565469682216644e-05;-1.325589139014482498e-03;-4.237156827002763748e-03
5.175749538466334343e-04;-1.954640261828899384e-03;-3.734304569661617279e-03
5.175749538466334343e-04;-1.954640261828899384e-03;-3.734304569661617279e-03
6.578568136319518089e-04;-1.717505161650478840e-03;-3.707531373947858810e-03
6.578568136319518089e-04;-1.717505161650478840e-03;-3.707531373947858810e-03
9.458181448280811310e-04;-1.406916417181491852e-03;-4.258611239492893219e-03
9.458181448280811310e-04;-1.406916417181491852e-03;-4.258611239492893219e-03
5.529966438189148903e-04;-1.109454664401710033e-03;-4.443330224603414536e-03
4.798522568307816982e-04;-3.841121797449886799e-04;-4.272558260709047318e-03
4.798522568307816982e-04;-3.841121797449886799e-04;-4.272558260709047318e-03
-1.750572409946471453e-04;1.833916176110506058e-04;-4.002488683909177780e-03
-1.750572409946471453e-04;1.833916176110506058e-04;-4.002488683909177780e-03
-8.828528807498514652e-04;8.122833678498864174e-04;-4.033821169286966324e-03
-8.828528807498514652e-04;8.122833678498864174e-04;-4.033821169286966324e-03
-9.686614503152668476e-04;1.208770787343382835e-03;-4.242660943418741226e-03
-9.686614503152668476e-04;1.208770787343382835e-03;-4.242660943418741226e-03
-1.347286393865942955e-03;9.701552917249500751e-04;-4.536827094852924347e-03
-1.347286393865942955e-03;9.701552917249500751e-04;-4.536827094852924347e-03
-1.320474082604050636e-03;1.255111885257065296e-03;-4.469587933272123337e-03
-1.320474082604050636e-03;1.255111885257065296e-03;-4.469587933272123337e-03
-1.460650120861828327e-03;1.201762119308114052e-03;-4.101729951798915863e-03
-1.495370408520102501e-03;1.298309187404811382e-03;-3.863897407427430153e-03
-1.495370408520102501e-03;1.298309187404811382e-03;-3.863897407427430153e-03
-1.217733253724873066e-03;8.628610521554946899e-04;-4.039245191961526871e-03
-1.217733253724873066e-03;8.628610521554946899e-04;-4.039245191961526871e-03
-8.490189211443066597e-04;3.242162056267261505e-04;-4.797656089067459106e-03
-8.490189211443066597e-04;3.242162056267261505e-04;-4.797656089067459106e-03
-5.246545770205557346e-04;-2.137412957381457090e-04;-4.675537813454866409e-03
-5.246545770205557346e-04;-2.137412957381457090e-04;-4.675537813454866409e-03
2.730217966018244624e-05;-5.525897140614688396e-04;-4.324971698224544525e-03
2.730217966018244624e-05;-5.525897140614688396e-04;-4.324971698224544525e-03
-8.908553718356415629e-05;-6.412184447981417179e-04;-4.104883875697851181e-03
2.589205396361649036e-04;-1.042830641381442547e-03;-4.227455239742994308e-03
2.589205396361649036e-04;-1.042830641381442547e-03;-4.227455239742994308e-03
2.963664301205426455e-04;-7.939875940792262554e-04;-4.246180411428213120e-03
2.963664301205426455e-04;-7.939875940792262554e-04;-4.246180411428213120e-03
1.797664153855293989e-04;-3.961684124078601599e-04;-4.254272673279047012e-03
1.797664153855293989e-04;-3.961684124078601599e-04;-4.254272673279047012e-03
1.804181811166927218e-04;-3.476971760392189026e-04;-3.834113478660583496e-03
1.804181811166927218e-04;-3.476971760392189026e-04;-3.834113478660583496e-03
-1.034737724694423378e-04;6.209458661032840610e-05;-3.840432967990636826e-03
-1.034737724694423378e-04;6.209458661032840610e-05;-3.840432967990636826e-03
-4.633830976672470570e-04;1.847597450250759721e-04;-4.004542250186204910e-03
-2.607683127280324697e-04;4.606229776982218027e-05;-4.189765080809593201e-03
-2.607683127280324697e-04;4.606229776982218027e-05;-4.189765080809593201e-03
-4.352414107415825129e-04;1.981558016268536448e-04;-3.921794705092906952e-03
-4.352414107415825129e-04;1.981558016268536448e-04;-3.921794705092906952e-03
-5.992132937535643578e-04;5.486239679157733917e-04;-4.011087119579315186e-03
-5.992132937535643578e-04;5.486239679157733917e-04;-4.011087119579315186e-03
-8.660722232889384031e-05;7.743386086076498032e-04;-4.155964590609073639e-03
-8.660722232889384031e-05;7.743386086076498032e-04;-4.155964590609073639e-03
3.190099669154733419e-04;9.531024988973513246e-05;-4.098456352949142456e-03
3.190099669154733419e-04;9.531024988973513246e-05;-4.098456352949142456e-03
6.320463144220411777e-04;-6.171955028548836708e-04;-4.082326311618089676e-03
4.349218797869980335e-04;-1.017735572531819344e-03;-4.280558787286281586e-03
4.349218797869980335e-04;-1.017735572531819344e-03;-4.280558787286281586e-03
3.202501102350652218e-04;-1.162483007647097111e-03;-4.190178122371435165e-03
3.202501102350652218e-04;-1.162483007647097111e-03;-4.190178122371435165e-03
4.440135380718857050e-04;-1.548402826301753521e-03;-4.044611938297748566e-03
4.440135380718857050e-04;-1.548402826301753521e-03;-4.044611938297748566e-03
1.725978800095617771e-04;-1.281048404052853584e-03;-4.338157363235950470e-03
1.725978800095617771e-04;-1.281048404052853584e-03;-4.338157363235950470e-03
4.970184818375855684e-05;-1.220350153744220734e-03;-4.425305407494306564e-03
4.970184818375855684e-05;-1.220350153744220734e-03;-4.425305407494306564e-03
-2.060160331893712282e-04;-9.999854955822229385e-04;-4.252113401889801025e-03
-3.794366784859448671e-04;-3.074887499678879976e-04;-4.494545049965381622e-03
-3.794366784859448671e-04;-3.074887499678879976e-04;-4.494545049965381622e-03
-4.817787557840347290e-04;-2.174698602175340056e-04;-4.095145501196384430e-03
-4.817787557840347290e-04;-2.174698602175340056e-04;-4.095145501196384430e-03
-4.424647195264697075e-04;4.182793782092630863e-04;-4.182256292551755905e-03
-4.424647195264697075e-04;4.182793782092630863e-04;-4.182256292551755905e-03
-6.398335099220275879e-04;3.339697723276913166e-04;-4.404513631016016006e-03
-6.398335099220275879e-04;3.339697723276913166e-04;-4.404513631016016006e-03
-3.302184049971401691e-04;5.035722861066460609e-04;-4.423750564455986023e-03
-3.302184049971401691e-04;5.035722861066460609e-04;-4.423750564455986023e-03
-3.451435186434537172e-04;1.999927335418760777e-04;-4.447455983608961105e-03
-3.451435186434537172e-04;1.999927335418760777e-04;-4.447455983608961105e-03
-1.021690040943212807e-04;4.441344935912638903e-04;-4.295209422707557678e-03
-1.021690040943212807e-04;4.441344935912638903e-04;-4.295209422707557678e-03
-7.727912161499261856e-04;2.035198267549276352e-04;-4.101593513041734695e-03
-7.727912161499261856e-04;2.035198267549276352e-04;-4.101593513041734695e-03
-2.537490800023078918e-03;1.108814321924000978e-04;-3.373859450221061707e-03
-2.537490800023078918e-03;1.108814321924000978e-04;-3.373859450221061707e-03
-4.982817452400922775e-03;-5.311828572303056717e-04;-3.227271372452378273e-03
-9.524445980787277222e-03;-3.500293241813778877e-04;-3.126300638541579247e-03
-9.524445980787277222e-03;-3.500293241813778877e-04;-3.126300638541579247e-03
-1.416126824915409088e-02;2.272556303068995476e-03;-1.092238468118011951e-03
-1.416126824915409088e-02;2.272556303068995476e-03;-1.092238468118011951e-03
-2.082832716405391693e-02;3.069700207561254501e-03;1.011406723409891129e-02
-2.082832716405391693e-02;3.069700207561254501e-03;1.011406723409891129e-02
1.779288402758538723e-03;-1.867507025599479675e-02;-4.912833869457244873e-02
1.779288402758538723e-03;-1.867507025599479675e-02;-4.912833869457244873e-02
-1.822196133434772491e-02;-1.643053255975246429e-02;2.568922564387321472e-02
-1.822196133434772491e-02;-1.643053255975246429e-02;2.568922564387321472e-02
-1.822196133434772491e-02;-1.643053255975246429e-02;2.568922564387321472e-02
-1.822196133434772491e-02;-1.643053255975246429e-02;2.568922564387321472e-02
-7.320065796375274658e-02;-8.000473491847515106e-03;1.422641426324844360e-01
-7.320065796375274658e-02;-8.000473491847515106e-03;1.422641426324844360e-01
-8.804125338792800903e-02;2.016150625422596931e-03;9.733445942401885986e-02
-1.037917435169219971e-01;5.494260229170322418e-03;3.616771847009658813e-02
-1.037917435169219971e-01;5.494260229170322418e-03;3.616771847009658813e-02
-1.350413262844085693e-01;-1.222486700862646103e-02;-2.881793305277824402e-03
-1.350413262844085693e-01;-1.222486700862646103e-02;-2.881793305277824402e-03
-6.787537783384323120e-02;1.922593265771865845e-02;-4.513085819780826569e-03
-6.787537783384323120e-02;1.922593265771865845e-02;-4.513085819780826569e-03
-8.786322176456451416e-02;4.032064753118902445e-04;4.896501079201698303e-02
-8.786322176456451416e-02;4.032064753118902445e-04;4.896501079201698303e-02
-5.897741764783859253e-02;7.969716563820838928e-03;4.891592636704444885e-02
-5.897741764783859253e-02;7.969716563820838928e-03;4.891592636704444885e-02
-6.536715477705001831e-02;1.693177409470081329e-02;4.451529309153556824e-02
-5.422556400299072266e-02;1.912566646933555603e-02;6.132365018129348755e-02
-5.422556400299072266e-02;1.912566646933555603e-02;6.132365018129348755e-02
-4.791932553052902222e-02;2.501818723976612091e-02;4.645806178450584412e-02
-4.791932553052902222e-02;2.501818723976612091e-02;4.645806178450584412e-02
-5.783662945032119751e-02;4.511220380663871765e-02;2.449723333120346069e-02
-5.783662945032119751e-02;4.511220380663871765e-02;2.449723333120346069e-02
-6.870447099208831787e-02;4.394466802477836609e-02;1.433041989803314209e-01
-6.870447099208831787e-02;4.394466802477836609e-02;1.433041989803314209e-01
1.778903231024742126e-02;2.797205746173858643e-02;1.638774871826171875e-01
1.778903231024742126e-02;2.797205746173858643e-02;1.638774871826171875e-01
4.114429000765085220e-03;2.808256261050701141e-02;2.049097418785095215e-01
5.002687219530344009e-03;3.002647310495376587e-02;2.257017940282821655e-01
5.002687219530344009e-03;3.002647310495376587e-02;2.257017940282821655e-01
-2.111947396770119667e-03;3.520446270704269409e-02;2.220424115657806396e-01
-2.111947396770119667e-03;3.520446270704269409e-02;2.220424115657806396e-01
-1.831504516303539276e-02;5.322458967566490173e-02;9.977894276380538940e-02
-1.831504516303539276e-02;5.322458967566490173e-02;9.977894276380538940e-02
-3.041866421699523926e-02;7.669633626937866211e-02;3.260078653693199158e-02
-3.041866421699523926e-02;7.669633626937866211e-02;3.260078653693199158e-02
-2.618970535695552826e-02;9.645746648311614990e-02;-4.704260081052780151e-02
-2.618970535695552826e-02;9.645746648311614990e-02;-4.704260081052780151e-02
-1.192019414156675339e-02;1.200992017984390259e-01;-4.975735023617744446e-02
7.101064920425415039e-02;1.341312080621719360e-01;2.907275035977363586e-02
7.101064920425415039e-02;1.341312080621719360e-01;2.907275035977363586e-02
7.375673204660415649e-02;1.329395025968551636e-01;3.934483230113983154e-02
7.375673204660415649e-02;1.329395025968551636e-01;3.934483230113983154e-02
9.989845752716064453e-02;1.147072166204452515e-01;3.044292330741882324e-02
9.989845752716064453e-02;1.147072166204452515e-01;3.044292330741882324e-02
8.307038247585296631e-02;1.047821491956710815e-01;6.797304004430770874e-02
8.307038247585296631e-02;1.047821491956710815e-01;6.797304004430770874e-02
4.979261010885238647e-02;9.932161867618560791e-02;8.190332353115081787e-02
4.979261010885238647e-02;9.932161867618560791e-02;8.190332353115081787e-02
3.450037539005279541e-02;1.139304414391517639e-01;8.496905118227005005e-02
3.450037539005279541e-02;1.139304414391517639e-01;8.496905118227005005e-02
2.653167769312858582e-02;1.118782758712768555e-01;9.985087066888809204e-02
4.984865896403789520e-03;1.409599035978317261e-01;1.949275285005569458e-01
4.984865896403789520e-03;1.409599035978317261e-01;1.949275285005569458e-01
5.163942277431488037e-02;7.139676809310913086e-02;4.693015292286872864e-02
5.163942277431488037e-02;7.139676809310913086e-02;4.693015292286872864e-02
3.112798742949962616e-02;6.279637664556503296e-02;9.137951582670211792e-02
3.112798742949962616e-02;6.279637664556503296e-02;9.137951582670211792e-02
4.984287917613983154e-02;3.107637166976928711e-02;1.474886536598205566e-01
4.984287917613983154e-02;3.107637166976928711e-02;1.474886536598205566e-01
3.790977597236633301e-02;3.325158730149269104e-02;1.995034813880920410e-01
3.790977597236633301e-02;3.325158730149269104e-02;1.995034813880920410e-01
3.087169863283634186e-02;4.434289410710334778e-02;1.719326376914978027e-01
3.087169863283634186e-02;4.434289410710334778e-02;1.719326376914978027e-01
4.124043043702840805e-03;5.439990013837814331e-02;1.040159687399864197e-01
1.819493807852268219e-02;4.685666784644126892e-02;3.107564896345138550e-02
1.819493807852268219e-02;4.685666784644126892e-02;3.107564896345138550e-02
-5.025994963943958282e-03;2.716353163123130798e-02;9.248548746109008789e-02
-5.025994963943958282e-03;2.716353163123130798e-02;9.248548746109008789e-02
6.218257546424865723e-02;4.789350181818008423e-02;5.967685207724571228e-02
6.218257546424865723e-02;4.789350181818008423e-02;5.967685207724571228e-02
3.733793646097183228e-02;4.161333665251731873e-02;3.974065929651260376e-02
3.733793646097183228e-02;4.161333665251731873e-02;3.974065929651260376e-02
4.450539872050285339e-02;3.499750047922134399e-02;4.345523566007614136e-02
4.450539872050285339e-02;3.499750047922134399e-02;4.345523566007614136e-02
4.243748262524604797e-02;2.437808923423290253e-02;5.723018199205398560e-02
3.063907474279403687e-02;1.919448189437389374e-02;4.141668230295181274e-02
3.063907474279403687e-02;1.919448189437389374e-02;4.141668230295181274e-02
2.171020768582820892e-02;2.352646924555301666e-02;-8.591902442276477814e-03
2.171020768582820892e-02;2.352646924555301666e-02;-8.591902442276477814e-03
2.816896885633468628e-02;2.808254770934581757e-02;-6.394220143556594849e-02
2.816896885633468628e-02;2.808254770934581757e-02;-6.394220143556594849e-02
1.243432750925421715e-03;1.408536452800035477e-02;1.086645387113094330e-02
1.243432750925421715e-03;1.408536452800035477e-02;1.086645387113094330e-02
6.675590574741363525e-02;1.491814479231834412e-02;-1.597381755709648132e-02
6.675590574741363525e-02;1.491814479231834412e-02;-1.597381755709648132e-02
3.858134150505065918e-02;1.021671295166015625e-02;3.567505627870559692e-02
3.614781424403190613e-02;1.339443773031234741e-02;1.047877296805381775e-01
3.614781424403190613e-02;1.339443773031234741e-02;1.047877296805381775e-01
3.026848845183849335e-02;2.207385934889316559e-02;9.880075603723526001e-02
3.026848845183849335e-02;2.207385934889316559e-02;9.880075603723526001e-02
2.965504676103591919e-02;2.555715478956699371e-02;4.932377487421035767e-02
2.965504676103591919e-02;2.555715478956699371e-02;4.932377487421035767e-02
3.140405938029289246e-02;1.908775046467781067e-02;-8.859449066221714020e-03
3.140405938029289246e-02;1.908775046467781067e-02;-8.859449066221714020e-03
4.480854421854019165e-02;1.093456335365772247e-02;-7.666785269975662231e-02
4.480854421854019165e-02;1.093456335365772247e-02;-7.666785269975662231e-02
1.662588329054415226e-04;-1.815323717892169952e-03;4.028538614511489868e-02
1.662588329054415226e-04;-1.815323717892169952e-03;4.028538614511489868e-02
5.666450783610343933e-02;2.194827608764171600e-02;5.471331626176834106e-02
3.370422497391700745e-02;1.012446475215256214e-03;6.094051524996757507e-02
3.370422497391700745e-02;1.012446475215256214e-03;6.094051524996757507e-02
4.444104060530662537e-02;5.512938369065523148e-03;6.103584542870521545e-02
4.444104060530662537e-02;5.512938369065523148e-03;6.103584542870521545e-02
4.041090607643127441e-02;-4.702301695942878723e-03;6.265643984079360962e-02
4.041090607643127441e-02;-4.702301695942878723e-03;6.265643984079360962e-02
3.704302012920379639e-02;-7.223520427942276001e-03;3.631054610013961792e-02
3.704302012920379639e-02;-7.223520427942276001e-03;3.631054610013961792e-02
3.805838897824287415e-02;-1.162802614271640778e-02;-1.340675167739391327e-02
3.805838897824287415e-02;-1.162802614271640778e-02;-1.340675167739391327e-02
4.397640377283096313e-02;-1.430500298738479614e-02;-5.784954503178596497e-02
4.397640377283096313e-02;-1.430500298738479614e-02;-5.784954503178596497e-02
1.865955442190170288e-02;-2.486894465982913971e-02;3.780991956591606140e-02
7.954487949609756470e-02;-3.151255846023559570e-02;6.964239757508039474e-03
7.954487949609756470e-02;-3.151255846023559570e-02;6.964239757508039474e-03
5.442843586206436157e-02;-2.303814888000488281e-02;3.192590922117233276e-02
5.442843586206436157e-02;-2.303814888000488281e-02;3.192590922117233276e-02
5.856333673000335693e-02;-1.933572231791913509e-03;8.423750102519989014e-02
5.856333673000335693e-02;-1.933572231791913509e-03;8.423750102519989014e-02
5.355278775095939636e-02;9.953925386071205139e-03;9.159879386425018311e-02
5.355278775095939636e-02;9.953925386071205139e-03;9.159879386425018311e-02
4.542931914329528809e-02;2.008502744138240814e-02;4.095575213432312012e-02
3.951424732804298401e-02;2.331186644732952118e-02;-2.505267970263957977e-02
3.951424732804298401e-02;2.331186644732952118e-02;-2.505267970263957977e-02
5.212979018688201904e-02;1.691172085702419281e-02;-1.026337966322898865e-01
5.212979018688201904e-02;1.691172085702419281e-02;-1.026337966322898865e-01
9.026160463690757751e-03;-4.263694863766431808e-04;-1.626157760620117188e-02
9.026160463690757751e-03;-4.263694863766431808e-04;-1.626157760620117188e-02
4.229150712490081787e-02;2.147753722965717316e-02;4.226508736610412598e-02
4.229150712490081787e-02;2.147753722965717316e-02;4.226508736610412598e-02
2.120022289454936981e-02;1.083414163440465927e-02;5.166512727737426758e-02
2.120022289454936981e-02;1.083414163440465927e-02;5.166512727737426758e-02
3.269845992326736450e-02;9.736196137964725494e-03;6.978166103363037109e-02
3.269845992326736450e-02;9.736196137964725494e-03;6.978166103363037109e-02
3.055007942020893097e-02;9.236758574843406677e-03;6.307568401098251343e-02
2.283498644828796387e-02;9.450121782720088959e-03;2.663031406700611115e-02
2.283498644828796387e-02;9.450121782720088959e-03;2.663031406700611115e-02
2.047232352197170258e-02;9.421639144420623779e-03;-2.280967496335506439e-02
2.047232352197170258e-02;9.421639144420623779e-03;-2.280967496335506439e-02
2.786248922348022461e-02;3.212376497685909271e-03;-7.252156734466552734e-02
2.786248922348022461e-02;3.212376497685909271e-03;-7.252156734466552734e-02
-1.801483891904354095e-02;2.085401909425854683e-03;7.004318758845329285e-03
-1.801483891904354095e-02;2.085401909425854683e-03;7.004318758845329285e-03
5.640034377574920654e-02;-2.103065513074398041e-02;9.291346184909343719e-03
5.640034377574920654e-02;-2.103065513074398041e-02;9.291346184909343719e-03
3.090951591730117798e-02;-1.449347194284200668e-02;4.104766249656677246e-02
3.672204539179801941e-02;4.750485997647047043e-03;8.372835069894790649e-02
3.672204539179801941e-02;4.750485997647047043e-03;8.372835069894790649e-02
3.409739211201667786e-02;1.311534643173217773e-02;8.431059122085571289e-02
3.409739211201667786e-02;1.311534643173217773e-02;8.431059122085571289e-02
3.300312906503677368e-02;2.211531624197959900e-02;3.125005587935447693e-02
3.300312906503677368e-02;2.211531624197959900e-02;3.125005587935447693e-02
2.965552732348442078e-02;2.502445690333843231e-02;-3.168465197086334229e-02
2.965552732348442078e-02;2.502445690333843231e-02;-3.168465197086334229e-02
3.739794716238975525e-02;1.519380137324333191e-02;-8.505160361528396606e-02
3.739794716238975525e-02;1.519380137324333191e-02;-8.505160361528396606e-02
-8.836597204208374023e-03;-1.637931354343891144e-02;3.562247753143310547e-02
-8.836597204208374023e-03;-1.637931354343891144e-02;3.562247753143310547e-02
3.960915654897689819e-02;-7.419729139655828476e-03;9.958059340715408325e-02
2.130228094756603241e-02;-1.685070246458053589e-02;1.014399603009223938e-01
2.130228094756603241e-02;-1.685070246458053589e-02;1.014399603009223938e-01
3.798808157444000244e-02;-7.214352488517761230e-03;1.072255298495292664e-01
3.798808157444000244e-02;-7.214352488517761230e-03;1.072255298495292664e-01
3.654744103550910950e-02;-1.405020337551832199e-02;7.295212149620056152e-02
3.654744103550910950e-02;-1.405020337551832199e-02;7.295212149620056152e-02
3.282444924116134644e-02;-1.942020468413829803e-02;2.461849898099899292e-02
3.282444924116134644e-02;-1.942020468413829803e-02;2.461849898099899292e-02
2.809848263859748840e-02;-1.859885081648826599e-02;-2.553731761872768402e-02
2.809848263859748840e-02;-1.859885081648826599e-02;-2.553731761872768402e-02
2.814636379480361938e-02;-1.380535308271646500e-02;-6.162519380450248718e-02
-1.867526583373546600e-02;-3.399956505745649338e-03;2.857831120491027832e-02
-1.867526583373546600e-02;-3.399956505745649338e-03;2.857831120491027832e-02
5.650009959936141968e-02;-1.776461303234100342e-02;2.365835383534431458e-02
5.650009959936141968e-02;-1.776461303234100342e-02;2.365835383534431458e-02
3.599110245704650879e-02;-1.857609301805496216e-02;4.697719216346740723e-02
3.599110245704650879e-02;-1.857609301805496216e-02;4.697719216346740723e-02
4.795626178383827209e-02;-6.402908358722925186e-03;7.782766222953796387e-02
4.795626178383827209e-02;-6.402908358722925186e-03;7.782766222953796387e-02
4.360113665461540222e-02;-2.680698176845908165e-03;8.432191610336303711e-02
4.360113665461540222e-02;-2.680698176845908165e-03;8.432191610336303711e-02
3.705698251724243164e-02;9.175331331789493561e-03;2.507895231246948242e-02
2.852555736899375916e-02;1.206113211810588837e-02;-4.125141352415084839e-02
2.852555736899375916e-02;1.206113211810588837e-02;-4.125141352415084839e-02
3.889955207705497742e-02;5.905907601118087769e-03;-1.148065179586410522e-01
3.889955207705497742e-02;5.905907601118087769e-03;-1.148065179586410522e-01
4.352816540631465614e-05;-2.297429367899894714e-02;1.938054524362087250e-02
4.352816540631465614e-05;-2.297429367899894714e-02;1.938054524362087250e-02
3.072732128202915192e-02;3.152607381343841553e-02;-3.165607899427413940e-02
3.072732128202915192e-02;3.152607381343841553e-02;-3.165607899427413940e-02
1.938113383948802948e-02;3.051209030672907829e-03;-2.516711317002773285e-02
1.938113383948802948e-02;3.051209030672907829e-03;-2.516711317002773285e-02
-2.146692015230655670e-03;-1.299962401390075684e-02;-4.173539951443672180e-02
-2.146692015230655670e-03;-1.299962401390075684e-02;-4.173539951443672180e-02
6.659228238277137280e-04;-2.802822366356849670e-02;-1.413294579833745956e-02
-5.607801140286028385e-04;-2.954930625855922699e-02;7.454075850546360016e-03
-5.607801140286028385e-04;-2.954930625855922699e-02;7.454075850546360016e-03
-1.485586073249578476e-02;-2.992953918874263763e-02;1.293215993791818619e-02
-1.485586073249578476e-02;-2.992953918874263763e-02;1.293215993791818619e-02
-1.572168245911598206e-02;-2.918151952326297760e-02;-9.566885419189929962e-03
-1.572168245911598206e-02;-2.918151952326297760e-02;-9.566885419189929962e-03
-1.660225167870521545e-02;-2.832275256514549255e-02;-2.090521529316902161e-02
-1.660225167870521545e-02;-2.832275256514549255e-02;-2.090521529316902161e-02
-1.674876734614372253e-02;-2.599980495870113373e-02;-1.163146831095218658e-02
-1.674876734614372253e-02;-2.599980495870113373e-02;-1.163146831095218658e-02
-1.689843274652957916e-02;-2.304479479789733887e-02;1.700575812719762325e-03
-1.698213256895542145e-02;-1.777947507798671722e-02;5.815879907459020615e-03
-1.698213256895542145e-02;-1.777947507798671722e-02;5.815879907459020615e-03
-1.433742139488458633e-02;-1.179948728531599045e-02;-2.077795797958970070e-03
-1.433742139488458633e-02;-1.179948728531599045e-02;-2.077795797958970070e-03
-9.151658043265342712e-03;-7.097467314451932907e-03;-8.657312020659446716e-03
-9.151658043265342712e-03;-7.097467314451932907e-03;-8.657312020659446716e-03
-3.950660116970539093e-03;-2.471795305609703064e-03;-6.395634263753890991e-03
-3.950660116970539093e-03;-2.471795305609703064e-03;-6.395634263753890991e-03
-6.888877833262085915e-04;-6.454385002143681049e-04;-2.132462570443749428e-03
-6.888877833262085915e-04;-6.454385002143681049e-04;-2.132462570443749428e-03
1.284569152630865574e-03;7.168719894252717495e-04;1.352029968984425068e-03
1.284569152630865574e-03;7.168719894252717495e-04;1.352029968984425068e-03
1.700692810118198395e-03;4.366920038592070341e-04;-1.241502119228243828e-03
-2.886682515963912010e-03;-5.480495747178792953e-04;-1.248838286846876144e-02
-2.886682515963912010e-03;-5.480495747178792953e-04;-1.248838286846876144e-02
-1.454285066574811935e-02;1.779169891960918903e-03;-1.326420754194259644e-01
-1.454285066574811935e-02;1.779169891960918903e-03;-1.326420754194259644e-01
-1.331193605437874794e-03;5.500351078808307648e-03;-3.111754357814788818e-01
-1.331193605437874794e-03;5.500351078808307648e-03;-3.111754357814788818e-01
1.042024325579404831e-02;1.082364562898874283e-02;-4.742903411388397217e-01
1.042024325579404831e-02;1.082364562898874283e-02;-4.742903411388397217e-01
2.402280271053314209e-02;1.078221667557954788e-02;-5.959475040435791016e-01
2.402280271053314209e-02;1.078221667557954788e-02;-5.959475040435791016e-01
3.698223084211349487e-02;1.052789483219385147e-02;-6.766449809074401855e-01
4.500311240553855896e-02;9.395814500749111176e-03;-7.309980392456054688e-01
4.500311240553855896e-02;9.395814500749111176e-03;-7.309980392456054688e-01
4.725188389420509338e-02;7.091800682246685028e-03;-7.619480490684509277e-01
4.725188389420509338e-02;7.091800682246685028e-03;-7.619480490684509277e-01
4.689098894596099854e-02;6.092910189181566238e-03;-7.838860154151916504e-01
4.689098894596099854e-02;6.092910189181566238e-03;-7.838860154151916504e-01
4.773025587201118469e-02;2.178983762860298157e-03;-8.050733804702758789e-01
4.773025587201118469e-02;2.178983762860298157e-03;-8.050733804702758789e-01
4.812582582235336304e-02;-1.464572618715465069e-03;-8.211073875427246094e-01
4.812582582235336304e-02;-1.464572618715465069e-03;-8.211073875427246094e-01
2.700131759047508240e-02;-4.313845653086900711e-03;-7.443145513534545898e-01
-2.605194970965385437e-02;-7.671203464269638062e-03;-4.872735738754272461e-01
-2.605194970965385437e-02;-7.671203464269638062e-03;-4.872735738754272461e-01
-1.352490335702896118e-01;3.254036419093608856e-03;-8.815360814332962036e-02
-1.352490335702896118e-01;3.254036419093608856e-03;-8.815360814332962036e-02
-2.489701360464096069e-01;5.699538160115480423e-03;3.072333931922912598e-01
-2.489701360464096069e-01;5.699538160115480423e-03;3.072333931922912598e-01
-3.150272369384765625e-01;8.496843278408050537e-03;6.621615290641784668e-01
-3.150272369384765625e-01;8.496843278408050537e-03;6.621615290641784668e-01
-3.461031615734100342e-01;1.744721643626689911e-02;8.974432945251464844e-01
-3.461031615734100342e-01;1.744721643626689911e-02;8.974432945251464844e-01
-3.633085787296295166e-01;3.392608463764190674e-02;1.002961635589599609e+00
-3.633085787296295166e-01;3.392608463764190674e-02;1.002961635589599609e+00
-2.592981755733489990e-01;6.641852669417858124e-03;9.176102280616760254e-01
-5.019822716712951660e-02;-6.097552552819252014e-02;7.626156210899353027e-01
-5.019822716712951660e-02;-6.097552552819252014e-02;7.626156210899353027e-01
8.232975006103515625e-02;-1.031878590583801270e-01;6.997940540313720703e-01
8.232975006103515625e-02;-1.031878590583801270e-01;6.997940540313720703e-01
1.515202671289443970e-01;-1.370302736759185791e-01;6.239054203033447266e-01
1.515202671289443970e-01;-1.370302736759185791e-01;6.239054203033447266e-01
7.785115391016006470e-02;-1.436331868171691895e-01;4.788899719715118408e-01
7.785115391016006470e-02;-1.436331868171691895e-01;4.788899719715118408e-01
-2.448552846908569336e-01;-1.246771141886711121e-01;3.251612484455108643e-01
-2.448552846908569336e-01;-1.246771141886711121e-01;3.251612484455108643e-01
-4.155135154724121094e-01;-1.166326329112052917e-01;2.961106598377227783e-01
-4.916540980339050293e-01;-9.814129769802093506e-02;3.202767372131347656e-01
-4.916540980339050293e-01;-9.814129769802093506e-02;3.202767372131347656e-01
-5.372736454010009766e-01;-6.657970696687698364e-02;3.404727280139923096e-01
-5.372736454010009766e-01;-6.657970696687698364e-02;3.404727280139923096e-01
-5.544080138206481934e-01;-4.362113773822784424e-02;3.547343313694000244e-01
-5.544080138206481934e-01;-4.362113773822784424e-02;3.547343313694000244e-01
-5.495160818099975586e-01;-2.867594547569751740e-02;3.771001994609832764e-01
-5.495160818099975586e-01;-2.867594547569751740e-02;3.771001994609832764e-01
-5.298902988433837891e-01;-1.589033938944339752e-02;3.883882761001586914e-01
-5.298902988433837891e-01;-1.589033938944339752e-02;3.883882761001586914e-01
-5.040605068206787109e-01;-1.826962339691817760e-03;3.734645843505859375e-01
-5.040605068206787109e-01;-1.826962339691817760e-03;3.734645843505859375e-01
-4.773571193218231201e-01;1.341984979808330536e-02;3.484852015972137451e-01
-4.773571193218231201e-01;1.341984979808330536e-02;3.484852015972137451e-01
-4.474219381809234619e-01;2.490175701677799225e-02;3.353834152221679688e-01
-4.474219381809234619e-01;2.490175701677799225e-02;3.353834152221679688e-01
-4.206989407539367676e-01;3.133406490087509155e-02;3.313181698322296143e-01
-4.206989407539367676e-01;3.133406490087509155e-02;3.313181698322296143e-01
-3.966332077980041504e-01;3.615894168615341187e-02;3.246470093727111816e-01
-3.732470571994781494e-01;4.026130586862564087e-02;3.231740891933441162e-01
-3.732470571994781494e-01;4.026130586862564087e-02;3.231740891933441162e-01
-3.410261869430541992e-01;4.516290128231048584e-02;3.221723139286041260e-01
-3.410261869430541992e-01;4.516290128231048584e-02;3.221723139286041260e-01
-2.796739637851715088e-01;5.460605025291442871e-02;2.961708307266235352e-01
-2.796739637851715088e-01;5.460605025291442871e-02;2.961708307266235352e-01
-2.546259164810180664e-01;5.932766571640968323e-02;2.610893547534942627e-01
-2.546259164810180664e-01;5.932766571640968323e-02;2.610893547534942627e-01
-2.242778092622756958e-01;3.814980760216712952e-02;1.854034364223480225e-01
-2.242778092622756958e-01;3.814980760216712952e-02;1.854034364223480225e-01
-2.123774141073226929e-01;3.663233667612075806e-02;1.698979586362838745e-01
-2.123774141073226929e-01;3.663233667612075806e-02;1.698979586362838745e-01
-1.268621683120727539e-01;2.100609429180622101e-02;1.416911035776138306e-01
-1.268621683120727539e-01;2.100609429180622101e-02;1.416911035776138306e-01
-5.375871434807777405e-02;-1.105971285142004490e-03;1.164680495858192444e-01
-2.712389267981052399e-02;-2.317098900675773621e-02;9.066279232501983643e-02
-2.712389267981052399e-02;-2.317098900675773621e-02;9.066279232501983643e-02
-1.931215450167655945e-02;-3.368141129612922668e-02;6.701254844665527344e-02
-1.931215450167655945e-02;-3.368141129612922668e-02;6.701254844665527344e-02
-1.665329001843929291e-02;-3.880371153354644775e-02;4.034043848514556885e-02
-1.665329001843929291e-02;-3.880371153354644775e-02;4.034043848514556885e-02
-1.278850436210632324e-02;-4.184725508093833923e-02;1.406537462025880814e-02
-1.278850436210632324e-02;-4.184725508093833923e-02;1.406537462025880814e-02
-7.251172326505184174e-03;-4.048981890082359314e-02;-1.274460088461637497e-02
-7.251172326505184174e-03;-4.048981890082359314e-02;-1.274460088461637497e-02
-4.419522825628519058e-03;-3.718182444572448730e-02;-4.122614860534667969e-02
1.562763936817646027e-03;-3.569626063108444214e-02;-6.590922921895980835e-02
1.562763936817646027e-03;-3.569626063108444214e-02;-6.590922921895980835e-02
7.603872567415237427e-03;-3.048714064061641693e-02;-8.755670487880706787e-02
7.603872567415237427e-03;-3.048714064061641693e-02;-8.755670487880706787e-02
1.560284383594989777e-02;-2.127937600016593933e-02;-1.085449382662773132e-01
1.560284383594989777e-02;-2.127937600016593933e-02;-1.085449382662773132e-01
2.113038115203380585e-02;-1.271217968314886093e-02;-1.259343177080154419e-01
2.113038115203380585e-02;-1.271217968314886093e-02;-1.259343177080154419e-01
2.629279717803001404e-02;-1.899029244668781757e-03;-1.429122537374496460e-01
2.629279717803001404e-02;-1.899029244668781757e-03;-1.429122537374496460e-01
3.095451556146144867e-02;8.804525248706340790e-03;-1.593076586723327637e-01
3.095451556146144867e-02;8.804525248706340790e-03;-1.593076586723327637e-01
3.311553969979286194e-02;1.887078024446964264e-02;-1.743710190057754517e-01
3.485062718391418457e-02;2.710013836622238159e-02;-1.866942495107650757e-01
3.485062718391418457e-02;2.710013836622238159e-02;-1.866942495107650757e-01
3.934080526232719421e-02;3.401886299252510071e-02;-1.950460374355316162e-01
3.934080526232719421e-02;3.401886299252510071e-02;-1.950460374355316162e-01
4.336554184556007385e-02;4.216250032186508179e-02;-2.029952406883239746e-01
4.336554184556007385e-02;4.216250032186508179e-02;-2.029952406883239746e-01
4.457712545990943909e-02;4.888112470507621765e-02;-2.089589238166809082e-01
4.457712545990943909e-02;4.888112470507621765e-02;-2.089589238166809082e-01
4.208350554108619690e-02;5.161431059241294861e-02;-2.157026082277297974e-01
4.208350554108619690e-02;5.161431059241294861e-02;-2.157026082277297974e-01
4.027765244245529175e-02;5.197915062308311462e-02;-2.197313606739044189e-01
3.733376041054725647e-02;5.043756216764450073e-02;-2.253331542015075684e-01
3.733376041054725647e-02;5.043756216764450073e-02;-2.253331542015075684e-01
3.517237305641174316e-02;4.606148600578308105e-02;-2.290565669536590576e-01
3.517237305641174316e-02;4.606148600578308105e-02;-2.290565669536590576e-01
3.238203376531600952e-02;4.113998264074325562e-02;-2.295854836702346802e-01
3.238203376531600952e-02;4.113998264074325562e-02;-2.295854836702346802e-01
2.940667606890201569e-02;3.571798652410507202e-02;-2.282434403896331787e-01
2.940667606890201569e-02;3.571798652410507202e-02;-2.282434403896331787e-01
2.394417859613895416e-02;2.972872368991374969e-02;-2.261901497840881348e-01
2.394417859613895416e-02;2.972872368991374969e-02;-2.261901497840881348e-01
1.796341687440872192e-02;2.476787194609642029e-02;-2.227126955986022949e-01
1.796341687440872192e-02;2.476787194609642029e-02;-2.227126955986022949e-01
1.359518803656101227e-02;1.902237161993980408e-02;-2.187539339065551758e-01
5.521732848137617111e-03;1.445982418954372406e-02;-2.043307423591613770e-01
5.521732848137617111e-03;1.445982418954372406e-02;-2.043307423591613770e-01
-7.428162265568971634e-03;9.678252972662448883e-03;-1.768701374530792236e-01
-7.428162265568971634e-03;9.678252972662448883e-03;-1.768701374530792236e-01
-1.138497330248355865e-02;2.553425263613462448e-03;-1.485540866851806641e-01
-1.138497330248355865e-02;2.553425263613462448e-03;-1.485540866851806641e-01
-8.470767177641391754e-03;-3.598385083023458719e-04;-1.166718155145645142e-01
-8.470767177641391754e-03;-3.598385083023458719e-04;-1.166718155145645142e-01
-1.855152513599023223e-04;4.832569102291017771e-04;-8.432601392269134521e-02
-1.855152513599023223e-04;4.832569102291017771e-04;-8.432601392269134521e-02
6.536386441439390182e-03;-5.673584746546112001e-05;-5.589806661009788513e-02
7.842548191547393799e-03;-5.776011385023593903e-04;-3.172506019473075867e-02
7.842548191547393799e-03;-5.776011385023593903e-04;-3.172506019473075867e-02
7.402584422379732132e-03;5.010416498407721519e-04;-9.633973240852355957e-03
7.402584422379732132e-03;5.010416498407721519e-04;-9.633973240852355957e-03
7.311624009162187576e-03;2.850318924174644053e-05;8.063456974923610687e-03
7.311624009162187576e-03;2.850318924174644053e-05;8.063456974923610687e-03
6.874884478747844696e-03;3.975518629886209965e-04;2.275106310844421387e-02
6.874884478747844696e-03;3.975518629886209965e-04;2.275106310844421387e-02
5.214545410126447678e-03;2.267391653731465340e-03;3.371930494904518127e-02
5.214545410126447678e-03;2.267391653731465340e-03;3.371930494904518127e-02
2.691274974495172501e-03;2.493106061592698097e-03;4.102485626935958862e-02
2.691274974495172501e-03;2.493106061592698097e-03;4.102485626935958862e-02
-1.095011481083929539e-03;2.579041291028261185e-03;4.472880437970161438e-02
-1.095011481083929539e-03;2.579041291028261185e-03;4.472880437970161438e-02
-5.258636549115180969e-03;3.045059042051434517e-03;4.700817912817001343e-02
-5.258636549115180969e-03;3.045059042051434517e-03;4.700817912817001343e-02
-7.815187796950340271e-03;2.358462661504745483e-03;4.922895133495330811e-02
-7.815187796950340271e-03;2.358462661504745483e-03;4.922895133495330811e-02
-5.979928188025951385e-03;9.943750919774174690e-04;4.985931143164634705e-02
-5.979928188025951385e-03;9.943750919774174690e-04;4.985931143164634705e-02
-4.240748472511768341e-03;-3.218117053620517254e-04;4.879958182573318481e-02
-4.240748472511768341e-03;-3.218117053620517254e-04;4.879958182573318481e-02
-4.127412103116512299e-03;-2.653829753398895264e-03;4.782090336084365845e-02
-4.127412103116512299e-03;-2.653829753398895264e-03;4.782090336084365845e-02
-4.935457836836576462e-03;-4.052382893860340118e-03;4.659395292401313782e-02
-4.935457836836576462e-03;-4.052382893860340118e-03;4.659395292401313782e-02
-3.355985274538397789e-03;-4.732881672680377960e-03;4.597107693552970886e-02
-3.355985274538397789e-03;-4.732881672680377960e-03;4.597107693552970886e-02
-2.417479874566197395e-03;-4.541147965937852859e-03;4.600489884614944458e-02
-2.267773495987057686e-03;-3.990648780018091202e-03;4.587127268314361572e-02
-2.267773495987057686e-03;-3.990648780018091202e-03;4.587127268314361572e-02
8.622759487479925156e-04;-5.116724874824285507e-03;4.481839016079902649e-02
8.622759487479925156e-04;-5.116724874824285507e-03;4.481839016079902649e-02
4.350925795733928680e-03;-7.891307584941387177e-03;4.233308881521224976e-02
4.350925795733928680e-03;-7.891307584941387177e-03;4.233308881521224976e-02
6.367668509483337402e-03;-1.274516526609659195e-02;3.895767033100128174e-02
6.367668509483337402e-03;-1.274516526609659195e-02;3.895767033100128174e-02
9.556530043482780457e-03;-1.985479891300201416e-02;3.689612448215484619e-02
9.556530043482780457e-03;-1.985479891300201416e-02;3.689612448215484619e-02
1.278039813041687012e-02;-2.948457747697830200e-02;3.799976035952568054e-02
1.278039813041687012e-02;-2.948457747697830200e-02;3.799976035952568054e-02
1.325421966612339020e-02;-4.274727404117584229e-02;4.087463021278381348e-02
1.325421966612339020e-02;-4.274727404117584229e-02;4.087463021278381348e-02
9.152590297162532806e-03;-6.035347655415534973e-02;4.680554941296577454e-02
9.152590297162532806e-03;-6.035347655415534973e-02;4.680554941296577454e-02
3.281674798927269876e-05;-7.797669619321823120e-02;5.794532969594001770e-02
3.281674798927269876e-05;-7.797669619321823120e-02;5.794532969594001770e-02
-1.303873863071203232e-02;-9.990143775939941406e-02;7.026394456624984741e-02
-1.303873863071203232e-02;-9.990143775939941406e-02;7.026394456624984741e-02
-3.754511475563049316e-02;-1.194044202566146851e-01;8.776708692312240601e-02
-7.394392043352127075e-02;-1.393350660800933838e-01;1.059218272566795349e-01
-7.394392043352127075e-02;-1.393350660800933838e-01;1.059218272566795349e-01
-1.187103241682052612e-01;-1.559822708368301392e-01;1.237398311495780945e-01
-1.187103241682052612e-01;-1.559822708368301392e-01;1.237398311495780945e-01
-1.668350249528884888e-01;-1.653025895357131958e-01;1.393129080533981323e-01
-1.668350249528884888e-01;-1.653025895357131958e-01;1.393129080533981323e-01
-2.159621715545654297e-01;-1.708646714687347412e-01;1.555987894535064697e-01
-2.159621715545654297e-01;-1.708646714687347412e-01;1.555987894535064697e-01
-2.673743367195129395e-01;-1.684489697217941284e-01;1.606661528348922729e-01
-2.673743367195129395e-01;-1.684489697217941284e-01;1.606661528348922729e-01
-3.142933845520019531e-01;-1.632418036460876465e-01;1.642920821905136108e-01
-3.554237484931945801e-01;-1.547256857156753540e-01;1.600730568170547485e-01
-3.554237484931945801e-01;-1.547256857156753540e-01;1.600730568170547485e-01
-3.901129961013793945e-01;-1.403433382511138916e-01;1.490361839532852173e-01
-3.901129961013793945e-01;-1.403433382511138916e-01;1.490361839532852173e-01
-4.110346436500549316e-01;-1.240670159459114075e-01;1.312533318996429443e-01
-4.110346436500549316e-01;-1.240670159459114075e-01;1.312533318996429443e-01
-4.209098815917968750e-01;-1.067487075924873352e-01;1.136174798011779785e-01
-4.209098815917968750e-01;-1.067487075924873352e-01;1.136174798011779785e-01
-4.228979945182800293e-01;-9.007321298122406006e-02;9.126921743154525757e-02
-4.228979945182800293e-01;-9.007321298122406006e-02;9.126921743154525757e-02
-4.255976974964141846e-01;-7.610638439655303955e-02;7.144567370414733887e-02
-4.184152483940124512e-01;-6.971330940723419189e-02;4.914817214012145996e-02
-4.184152483940124512e-01;-6.971330940723419189e-02;4.914817214012145996e-02
-4.051460027694702148e-01;-6.220161169767379761e-02;3.107852302491664886e-02
-4.051460027694702148e-01;-6.220161169767379761e-02;3.107852302491664886e-02
-3.872421979904174805e-01;-5.366816744208335876e-02;2.336819656193256378e-02
-3.872421979904174805e-01;-5.366816744208335876e-02;2.336819656193256378e-02
-3.646186888217926025e-01;-4.222874715924263000e-02;2.284256927669048309e-02
-3.646186888217926025e-01;-4.222874715924263000e-02;2.284256927669048309e-02
-3.345880210399627686e-01;-3.069423139095306396e-02;2.732689678668975830e-02
-3.345880210399627686e-01;-3.069423139095306396e-02;2.732689678668975830e-02
-2.955158948898315430e-01;-2.297611534595489502e-02;2.446269057691097260e-02
-2.955158948898315430e-01;-2.297611534595489502e-02;2.446269057691097260e-02
-2.532017529010772705e-01;-2.019053138792514801e-02;2.331713400781154633e-02
-2.127707153558731079e-01;-1.783936657011508942e-02;2.698101475834846497e-02
-2.127707153558731079e-01;-1.783936657011508942e-02;2.698101475834846497e-02
-1.751211434602737427e-01;-1.575928553938865662e-02;2.807980589568614960e-02
-1.751211434602737427e-01;-1.575928553938865662e-02;2.807980589568614960e-02
-1.405500918626785278e-01;-1.604274846613407135e-02;2.907819114625453949e-02
-1.405500918626785278e-01;-1.604274846613407135e-02;2.907819114625453949e-02
-1.105210110545158386e-01;-1.393904630094766617e-02;3.018700331449508667e-02
-1.105210110545158386e-01;-1.393904630094766617e-02;3.018700331449508667e-02
-8.083550631999969482e-02;-1.238111685961484909e-02;3.198517486453056335e-02
-8.083550631999969482e-02;-1.238111685961484909e-02;3.198517486453056335e-02
-4.829657077789306641e-02;-1.089143007993698120e-02;3.551983088254928589e-02
-4.829657077789306641e-02;-1.089143007993698120e-02;3.551983088254928589e-02
-6.520005874335765839e-03;-1.010003499686717987e-02;4.176945984363555908e-02
4.758607968688011169e-02;-1.037670113146305084e-02;4.651993140578269958e-02
4.758607968688011169e-02;-1.037670113146305084e-02;4.651993140578269958e-02
1.130313202738761902e-01;-1.026110537350177765e-02;4.587841406464576721e-02
1.130313202738761902e-01;-1.026110537350177765e-02;4.587841406464576721e-02
1.864793747663497925e-01;-1.071712560951709747e-02;4.411941394209861755e-02
1.864793747663497925e-01;-1.071712560951709747e-02;4.411941394209861755e-02
2.633221447467803955e-01;-9.551484137773513794e-03;4.072270914912223816e-02
2.633221447467803955e-01;-9.551484137773513794e-03;4.072270914912223816e-02
3.273172080516815186e-01;-9.340673685073852539e-03;2.449862286448478699e-02
3.273172080516815186e-01;-9.340673685073852539e-03;2.449862286448478699e-02
3.593115210533142090e-01;-6.107389461249113083e-03;1.271687448024749756e-02
3.593115210533142090e-01;-6.107389461249113083e-03;1.271687448024749756e-02
3.687196671962738037e-01;-6.739300675690174103e-03;2.603979082778096199e-03
3.547583222389221191e-01;-5.773656070232391357e-03;3.474707482382655144e-04
3.547583222389221191e-01;-5.773656070232391357e-03;3.474707482382655144e-04
3.268039524555206299e-01;-7.285709027200937271e-03;-6.945878267288208008e-04
3.268039524555206299e-01;-7.285709027200937271e-03;-6.945878267288208008e-04
2.887591123580932617e-01;-6.360559258610010147e-03;1.867199316620826721e-03
2.887591123580932617e-01;-6.360559258610010147e-03;1.867199316620826721e-03
2.449753582477569580e-01;-2.878844039514660835e-03;4.670661408454179764e-03
2.449753582477569580e-01;-2.878844039514660835e-03;4.670661408454179764e-03
1.972892433404922485e-01;-1.262662932276725769e-03;8.545501157641410828e-03
1.972892433404922485e-01;-1.262662932276725769e-03;8.545501157641410828e-03
1.408280134201049805e-01;9.085308993235230446e-04;1.595623418688774109e-02
1.408280134201049805e-01;9.085308993235230446e-04;1.595623418688774109e-02
7.743542641401290894e-02;-5.083089345134794712e-04;2.460075169801712036e-02
4.955017007887363434e-03;5.013199406675994396e-04;3.445547819137573242e-02
4.955017007887363434e-03;5.013199406675994396e-04;3.445547819137573242e-02
-7.354440540075302124e-02;9.199330816045403481e-04;4.463680088520050049e-02
-7.354440540075302124e-02;9.199330816045403481e-04;4.463680088520050049e-02
-1.506835520267486572e-01;2.450024476274847984e-03;4.867175221443176270e-02
-1.506835520267486572e-01;2.450024476274847984e-03;4.867175221443176270e-02
-2.228986024856567383e-01;6.812891922891139984e-03;4.528671130537986755e-02
-2.228986024856567383e-01;6.812891922891139984e-03;4.528671130537986755e-02
-2.830315530300140381e-01;1.066673081368207932e-02;3.719079867005348206e-02
-2.830315530300140381e-01;1.066673081368207932e-02;3.719079867005348206e-02
-3.305747210979461670e-01;1.927858404815196991e-02;2.434923686087131500e-02
-3.305747210979461670e-01;1.927858404815196991e-02;2.434923686087131500e-02
-3.600898385047912598e-01;2.725477516651153564e-02;8.470479398965835571e-03
-3.726287186145782471e-01;3.578552231192588806e-02;-5.009106360375881195e-03
-3.726287186145782471e-01;3.578552231192588806e-02;-5.009106360375881195e-03
-3.664450347423553467e-01;4.187694564461708069e-02;-1.469025667756795883e-02
-3.664450347423553467e-01;4.187694564461708069e-02;-1.469025667756795883e-02
-3.389031887054443359e-01;4.685664921998977661e-02;-2.086021751165390015e-02
-3.389031887054443359e-01;4.685664921998977661e-02;-2.086021751165390015e-02
-2.986341416835784912e-01;5.297401174902915955e-02;-1.708029769361019135e-02
-2.986341416835784912e-01;5.297401174902915955e-02;-1.708029769361019135e-02
-2.466795444488525391e-01;5.480851605534553528e-02;-8.335950784385204315e-03
-2.466795444488525391e-01;5.480851605534553528e-02;-8.335950784385204315e-03
-1.887630075216293335e-01;5.915730819106101990e-02;6.945155095309019089e-03
-1.252794861793518066e-01;6.113507971167564392e-02;2.378388121724128723e-02
-1.252794861793518066e-01;6.113507971167564392e-02;2.378388121724128723e-02
-5.243716388940811157e-02;6.049101054668426514e-02;4.334525018930435181e-02
-5.243716388940811157e-02;6.049101054668426514e-02;4.334525018930435181e-02
2.707738243043422699e-02;6.118083000183105469e-02;6.237434223294258118e-02
2.707738243043422699e-02;6.118083000183105469e-02;6.237434223294258118e-02
1.150192692875862122e-01;6.282913684844970703e-02;7.502308487892150879e-02
1.150192692875862122e-01;6.282913684844970703e-02;7.502308487892150879e-02
2.062636613845825195e-01;6.634262949228286743e-02;7.656451314687728882e-02
2.062636613845825195e-01;6.634262949228286743e-02;7.656451314687728882e-02
2.877165079116821289e-01;7.207203656435012817e-02;7.920322567224502563e-02
2.877165079116821289e-01;7.207203656435012817e-02;7.920322567224502563e-02
3.507252633571624756e-01;7.714330404996871948e-02;5.872572958469390869e-02
3.863598108291625977e-01;8.009144663810729980e-02;3.887455165386199951e-02
3.863598108291625977e-01;8.009144663810729980e-02;3.887455165386199951e-02
3.906908035278320312e-01;7.988245785236358643e-02;2.052762545645236969e-02
3.906908035278320312e-01;7.988245785236358643e-02;2.052762545645236969e-02
3.649823963642120361e-01;7.301560789346694946e-02;7.619047537446022034e-03
3.649823963642120361e-01;7.301560789346694946e-02;7.619047537446022034e-03
3.192290365695953369e-01;6.524745374917984009e-02;1.467130728997290134e-03
3.192290365695953369e-01;6.524745374917984009e-02;1.467130728997290134e-03
2.628213167190551758e-01;5.763598531484603882e-02;-1.297199632972478867e-03
2.628213167190551758e-01;5.763598531484603882e-02;-1.297199632972478867e-03
1.999476850032806396e-01;5.024744942784309387e-02;1.781914732418954372e-03
1.999476850032806396e-01;5.024744942784309387e-02;1.781914732418954372e-03
1.303533762693405151e-01;4.427377507090568542e-02;8.607271127402782440e-03
