2.157116541638970375e-03;-6.144646555185317993e-03;-2.066355664283037186e-03
2.157116541638970375e-03;-6.144646555185317993e-03;-2.066355664283037186e-03
1.091852202080190182e-03;3.442732384428381920e-03;-3.131619887426495552e-03
1.091852202080190182e-03;3.442732384428381920e-03;-3.131619887426495552e-03
1.707081682980060577e-02;6.638525519520044327e-03;-8.457941934466362000e-03
1.707081682980060577e-02;6.638525519520044327e-03;-8.457941934466362000e-03
2.157116541638970375e-03;1.089958287775516510e-02;-1.165373437106609344e-02
2.157116541638970375e-03;1.089958287775516510e-02;-1.165373437106609344e-02
4.287645220756530762e-03;9.834318421781063080e-03;-1.591479219496250153e-02
4.287645220756530762e-03;9.834318421781063080e-03;-1.591479219496250153e-02
9.613966569304466248e-03;2.368275448679924011e-02;-2.443690598011016846e-02
9.613966569304466248e-03;2.368275448679924011e-02;-2.443690598011016846e-02
1.494028791785240173e-02;1.089958287775516510e-02;1.071681641042232513e-02
-1.914816908538341522e-02;7.703789509832859039e-03;1.071681641042232513e-02
-1.914816908538341522e-02;7.703789509832859039e-03;1.071681641042232513e-02
-9.560790844261646271e-03;1.312203821726143360e-03;5.390494596213102341e-03
-9.560790844261646271e-03;1.312203821726143360e-03;5.390494596213102341e-03
-1.808290556073188782e-02;-2.948853420093655586e-03;6.455758586525917053e-03
-1.808290556073188782e-02;-2.948853420093655586e-03;6.455758586525917053e-03
-1.275658421218395233e-02;-7.209910545498132706e-03;1.497787330299615860e-02
-1.275658421218395233e-02;-7.209910545498132706e-03;1.497787330299615860e-02
4.157189652323722839e-02;-1.892781816422939301e-02;6.455758586525917053e-03
4.157189652323722839e-02;-1.892781816422939301e-02;6.455758586525917053e-03
1.067923102527856827e-02;-2.212361060082912445e-02;-7.392677478492259979e-03
3.837610408663749695e-02;-2.948853420093655586e-03;3.259965917095541954e-03
3.837610408663749695e-02;-2.948853420093655586e-03;3.259965917095541954e-03
-4.151871800422668457e-02;4.507996607571840286e-03;-1.484952773898839951e-02
-4.151871800422668457e-02;4.507996607571840286e-03;-1.484952773898839951e-02
3.091925382614135742e-02;1.835643313825130463e-02;1.391260884702205658e-02
3.091925382614135742e-02;1.835643313825130463e-02;1.391260884702205658e-02
1.067923102527856827e-02;4.285751283168792725e-02;-2.124111168086528778e-02
1.067923102527856827e-02;4.285751283168792725e-02;-2.124111168086528778e-02
1.600555330514907837e-02;4.179225116968154907e-02;-2.550216950476169586e-02
1.494028791785240173e-02;2.687854692339897156e-02;-1.591479219496250153e-02
1.494028791785240173e-02;2.687854692339897156e-02;-1.591479219496250153e-02
3.411504626274108887e-02;1.516063977032899857e-02;-5.262148566544055939e-03
3.411504626274108887e-02;1.516063977032899857e-02;-5.262148566544055939e-03
1.387502439320087433e-02;-2.948853420093655586e-03;-2.443690598011016846e-02
1.387502439320087433e-02;-2.948853420093655586e-03;-2.443690598011016846e-02
3.222380764782428741e-03;-1.253623235970735550e-02;1.604313775897026062e-02
3.222380764782428741e-03;-1.253623235970735550e-02;1.604313775897026062e-02
-4.234469495713710785e-03;-2.425413951277732849e-02;1.604313775897026062e-02
-4.234469495713710785e-03;-2.425413951277732849e-02;1.604313775897026062e-02
-2.980081364512443542e-02;-2.958046086132526398e-02;1.817366667091846466e-02
-2.980081364512443542e-02;-2.958046086132526398e-02;1.817366667091846466e-02
-2.021343447268009186e-02;-3.384151682257652283e-02;2.776104584336280823e-02
-2.021343447268009186e-02;-3.384151682257652283e-02;2.776104584336280823e-02
-8.495526388287544250e-03;-3.171098977327346802e-02;1.178207993507385254e-02
-8.495526388287544250e-03;-3.171098977327346802e-02;1.178207993507385254e-02
-2.767028473317623138e-02;-2.638466842472553253e-02;-2.066355664283037186e-03
-2.767028473317623138e-02;-2.638466842472553253e-02;-2.066355664283037186e-03
-1.169131975620985031e-02;-9.340438991785049438e-03;-2.550216950476169586e-02
-1.169131975620985031e-02;-9.340438991785049438e-03;-2.550216950476169586e-02
1.600555330514907837e-02;-4.014117643237113953e-03;-7.392677478492259979e-03
1.600555330514907837e-02;-4.014117643237113953e-03;-7.392677478492259979e-03
1.920134574174880981e-02;1.835643313825130463e-02;-1.165373437106609344e-02
1.280975993722677231e-02;3.007434122264385223e-02;-1.911058463156223297e-02
1.280975993722677231e-02;3.007434122264385223e-02;-1.911058463156223297e-02
2.133187465369701385e-02;3.007434122264385223e-02;4.325230140239000320e-03
2.133187465369701385e-02;3.007434122264385223e-02;4.325230140239000320e-03
2.452766709029674530e-02;4.392277821898460388e-02;3.259965917095541954e-03
2.452766709029674530e-02;4.392277821898460388e-02;3.259965917095541954e-03
-3.169205039739608765e-03;4.285751283168792725e-02;6.455758586525917053e-03
-3.169205039739608765e-03;4.285751283168792725e-02;6.455758586525917053e-03
-1.062605530023574829e-02;3.859645873308181763e-02;-8.457941934466362000e-03
-1.062605530023574829e-02;3.859645873308181763e-02;-8.457941934466362000e-03
2.157116541638970375e-03;9.834318421781063080e-03;2.194701693952083588e-03
-1.595237664878368378e-02;1.409537531435489655e-02;-2.443690598011016846e-02
-1.595237664878368378e-02;1.409537531435489655e-02;-2.443690598011016846e-02
2.559293061494827271e-02;1.196484733372926712e-02;5.390494596213102341e-03
2.559293061494827271e-02;1.196484733372926712e-02;5.390494596213102341e-03
-8.495526388287544250e-03;-8.275175467133522034e-03;-2.066355664283037186e-03
-8.495526388287544250e-03;-8.275175467133522034e-03;-2.066355664283037186e-03
-3.169205039739608765e-03;-1.253623235970735550e-02;-2.124111168086528778e-02
-3.169205039739608765e-03;-1.253623235970735550e-02;-2.124111168086528778e-02
1.067923102527856827e-02;-1.679728925228118896e-02;-1.698005571961402893e-02
1.067923102527856827e-02;-1.679728925228118896e-02;-1.698005571961402893e-02
-6.364997942000627518e-03;-2.948853420093655586e-03;-8.457941934466362000e-03
2.665819600224494934e-02;-2.948853420093655586e-03;-1.271899882704019547e-02
2.665819600224494934e-02;-2.948853420093655586e-03;-1.271899882704019547e-02
-3.193134069442749023e-02;1.409537531435489655e-02;-2.066355664283037186e-03
-3.193134069442749023e-02;1.409537531435489655e-02;-2.066355664283037186e-03
-6.069347634911537170e-02;1.729116775095462799e-02;-1.591479219496250153e-02
-6.069347634911537170e-02;1.729116775095462799e-02;-1.591479219496250153e-02
2.772345952689647675e-02;7.703789509832859039e-03;-8.457941934466362000e-03
2.772345952689647675e-02;7.703789509832859039e-03;-8.457941934466362000e-03
4.263716191053390503e-02;1.303011085838079453e-02;-1.058846991509199142e-02
4.263716191053390503e-02;1.303011085838079453e-02;-1.058846991509199142e-02
-1.488711219280958176e-02;-9.340438991785049438e-03;2.194701693952083588e-03
-7.430262397974729538e-03;-2.318887598812580109e-02;5.390494596213102341e-03
-7.430262397974729538e-03;-2.318887598812580109e-02;5.390494596213102341e-03
-7.430262397974729538e-03;-2.425413951277732849e-02;1.710840128362178802e-02
-7.430262397974729538e-03;-2.425413951277732849e-02;1.710840128362178802e-02
-2.553975582122802734e-02;-4.768995195627212524e-02;1.071681641042232513e-02
-2.553975582122802734e-02;-4.768995195627212524e-02;1.071681641042232513e-02
-1.382184773683547974e-02;-5.088574439287185669e-02;9.651551954448223114e-03
-1.382184773683547974e-02;-5.088574439287185669e-02;9.651551954448223114e-03
8.548702113330364227e-03;-3.916783630847930908e-02;1.178207993507385254e-02
8.548702113330364227e-03;-3.916783630847930908e-02;1.178207993507385254e-02
-3.169205039739608765e-03;-4.768995195627212524e-02;-7.392677478492259979e-03
2.658791527210269123e-05;-6.047312542796134949e-02;5.390494596213102341e-03
2.658791527210269123e-05;-6.047312542796134949e-02;5.390494596213102341e-03
1.707081682980060577e-02;-5.621206760406494141e-02;-2.443690598011016846e-02
1.707081682980060577e-02;-5.621206760406494141e-02;-2.443690598011016846e-02
2.026660926640033722e-02;-4.342889413237571716e-02;-2.066355664283037186e-03
2.026660926640033722e-02;-4.342889413237571716e-02;-2.066355664283037186e-03
3.091925382614135742e-02;-1.679728925228118896e-02;-1.911058463156223297e-02
3.091925382614135742e-02;-1.679728925228118896e-02;-1.911058463156223297e-02
2.026660926640033722e-02;-3.277625516057014465e-02;-1.591479219496250153e-02
2.026660926640033722e-02;-3.277625516057014465e-02;-1.591479219496250153e-02
3.222380764782428741e-03;-1.883589080534875393e-03;6.417307304218411446e-05
3.222380764782428741e-03;-1.883589080534875393e-03;6.417307304218411446e-05
-3.169205039739608765e-03;9.834318421781063080e-03;-7.392677478492259979e-03
-8.495526388287544250e-03;3.113960474729537964e-02;1.129437354393303394e-03
-8.495526388287544250e-03;3.113960474729537964e-02;1.129437354393303394e-03
-1.382184773683547974e-02;4.818383604288101196e-02;6.455758586525917053e-03
-1.382184773683547974e-02;4.818383604288101196e-02;6.455758586525917053e-03
1.091852202080190182e-03;5.031436309218406677e-02;1.604313775897026062e-02
1.091852202080190182e-03;5.031436309218406677e-02;1.604313775897026062e-02
-4.364924505352973938e-02;7.161965221166610718e-02;-2.124111168086528778e-02
-4.364924505352973938e-02;7.161965221166610718e-02;-2.124111168086528778e-02
2.665819600224494934e-02;7.055438309907913208e-02;-1.271899882704019547e-02
2.665819600224494934e-02;7.055438309907913208e-02;-1.271899882704019547e-02
5.222454294562339783e-02;8.333756029605865479e-02;-3.082849085330963135e-02
3.198451548814773560e-02;8.440282195806503296e-02;-2.230637706816196442e-02
3.198451548814773560e-02;8.440282195806503296e-02;-2.230637706816196442e-02
2.772345952689647675e-02;9.185967594385147095e-02;-7.392677478492259979e-03
2.772345952689647675e-02;9.185967594385147095e-02;-7.392677478492259979e-03
2.346240356564521790e-02;6.522806733846664429e-02;3.308736905455589294e-02
2.346240356564521790e-02;6.522806733846664429e-02;3.308736905455589294e-02
-1.701764203608036041e-02;6.735859066247940063e-02;-2.066355664283037186e-03
-1.701764203608036041e-02;6.735859066247940063e-02;-2.066355664283037186e-03
-2.127869799733161926e-02;5.777121335268020630e-02;4.325230140239000320e-03
-2.127869799733161926e-02;5.777121335268020630e-02;4.325230140239000320e-03
2.157116541638970375e-03;3.220487013459205627e-02;1.284734439104795456e-02
-1.701764203608036041e-02;-8.183247991837561131e-04;1.071681641042232513e-02
-1.701764203608036041e-02;-8.183247991837561131e-04;1.071681641042232513e-02
3.304978087544441223e-02;-1.999308168888092041e-02;-6.327413022518157959e-03
3.304978087544441223e-02;-1.999308168888092041e-02;-6.327413022518157959e-03
2.026660926640033722e-02;-4.555942490696907043e-02;3.259965917095541954e-03
2.026660926640033722e-02;-4.555942490696907043e-02;3.259965917095541954e-03
-9.560790844261646271e-03;-5.834259465336799622e-02;-2.230637706816196442e-02
-9.560790844261646271e-03;-5.834259465336799622e-02;-2.230637706816196442e-02
-1.169131975620985031e-02;-8.390893787145614624e-02;3.259965917095541954e-03
-1.169131975620985031e-02;-8.390893787145614624e-02;3.259965917095541954e-03
2.157116541638970375e-03;-9.882263839244842529e-02;-6.327413022518157959e-03
2.157116541638970375e-03;-9.882263839244842529e-02;-6.327413022518157959e-03
-9.560790844261646271e-03;-1.211931928992271423e-01;6.417307304218411446e-05
-2.553975582122802734e-02;-1.190626621246337891e-01;1.817366667091846466e-02
-2.553975582122802734e-02;-1.190626621246337891e-01;1.817366667091846466e-02
-5.299733486026525497e-03;-1.148016080260276794e-01;-3.131619887426495552e-03
-5.299733486026525497e-03;-1.148016080260276794e-01;-3.131619887426495552e-03
1.067923102527856827e-02;-1.094752848148345947e-01;1.129437354393303394e-03
1.067923102527856827e-02;-1.094752848148345947e-01;1.129437354393303394e-03
3.198451548814773560e-02;-2.191975116729736328e-01;-2.066355664283037186e-03
3.198451548814773560e-02;-2.191975116729736328e-01;-2.066355664283037186e-03
-4.234469495713710785e-03;-1.307805627584457397e-01;-4.196884110569953918e-03
-4.234469495713710785e-03;-1.307805627584457397e-01;-4.196884110569953918e-03
-2.234396338462829590e-02;1.589713245630264282e-01;-1.271899882704019547e-02
1.494028791785240173e-02;4.157000184059143066e-01;1.129437354393303394e-03
1.494028791785240173e-02;4.157000184059143066e-01;1.129437354393303394e-03
-2.103940816596150398e-03;6.585803031921386719e-01;3.259965917095541954e-03
-2.103940816596150398e-03;6.585803031921386719e-01;3.259965917095541954e-03
2.658791527210269123e-05;9.046563506126403809e-01;-4.196884110569953918e-03
2.658791527210269123e-05;9.046563506126403809e-01;-4.196884110569953918e-03
-3.169205039739608765e-03;1.123035430908203125e+00;-9.523206390440464020e-03
-3.169205039739608765e-03;1.123035430908203125e+00;-9.523206390440464020e-03
3.222380764782428741e-03;1.340349435806274414e+00;-1.484952773898839951e-02
3.222380764782428741e-03;1.340349435806274414e+00;-1.484952773898839951e-02
6.418173667043447495e-03;1.601339101791381836e+00;-2.550216950476169586e-02
2.157116541638970375e-03;1.817587852478027344e+00;-2.017584815621376038e-02
2.157116541638970375e-03;1.817587852478027344e+00;-2.017584815621376038e-02
-1.595237664878368378e-02;2.037032127380371094e+00;-2.230637706816196442e-02
-1.595237664878368378e-02;2.037032127380371094e+00;-2.230637706816196442e-02
3.222380764782428741e-03;2.228779792785644531e+00;-2.230637706816196442e-02
3.222380764782428741e-03;2.228779792785644531e+00;-2.230637706816196442e-02
1.174449548125267029e-02;2.390700101852416992e+00;-2.763269841670989990e-02
1.174449548125267029e-02;2.390700101852416992e+00;-2.763269841670989990e-02
3.944136947393417358e-02;2.578186511993408203e+00;-1.804531924426555634e-02
3.944136947393417358e-02;2.578186511993408203e+00;-1.804531924426555634e-02
2.026660926640033722e-02;2.746498346328735352e+00;-2.124111168086528778e-02
5.009401217103004456e-02;2.977660655975341797e+00;-1.804531924426555634e-02
5.009401217103004456e-02;2.977660655975341797e+00;-1.804531924426555634e-02
1.494028791785240173e-02;3.087382793426513672e+00;-4.041587188839912415e-02
1.494028791785240173e-02;3.087382793426513672e+00;-4.041587188839912415e-02
1.920134574174880981e-02;3.154494524002075195e+00;-2.443690598011016846e-02
1.920134574174880981e-02;3.154494524002075195e+00;-2.443690598011016846e-02
5.755086243152618408e-02;3.341980934143066406e+00;-4.467692598700523376e-02
5.755086243152618408e-02;3.341980934143066406e+00;-4.467692598700523376e-02
1.600555330514907837e-02;3.514553785324096680e+00;-2.976322732865810394e-02
1.600555330514907837e-02;3.514553785324096680e+00;-2.976322732865810394e-02
-2.234396338462829590e-02;3.743585586547851562e+00;-2.017584815621376038e-02
-2.234396338462829590e-02;3.743585586547851562e+00;-2.017584815621376038e-02
-1.488711219280958176e-02;3.927876472473144531e+00;-1.804531924426555634e-02
-1.275658421218395233e-02;4.127080917358398438e+00;-1.484952773898839951e-02
-1.275658421218395233e-02;4.127080917358398438e+00;-1.484952773898839951e-02
9.613966569304466248e-03;4.241064071655273438e+00;-1.165373437106609344e-02
9.613966569304466248e-03;4.241064071655273438e+00;-1.165373437106609344e-02
-3.193134069442749023e-02;4.436007499694824219e+00;-2.869796194136142731e-02
-3.193134069442749023e-02;4.436007499694824219e+00;-2.869796194136142731e-02
-4.234469495713710785e-03;4.651191234588623047e+00;6.417307304218411446e-05
-4.234469495713710785e-03;4.651191234588623047e+00;6.417307304218411446e-05
-7.430262397974729538e-03;4.919637680053710938e+00;4.325230140239000320e-03
-7.430262397974729538e-03;4.919637680053710938e+00;4.325230140239000320e-03
2.279931455850601196e-01;5.184888362884521484e+00;-4.254639893770217896e-02
2.279931455850601196e-01;5.184888362884521484e+00;-4.254639893770217896e-02
-2.982473969459533691e-01;2.990443706512451172e+00;1.129437354393303394e-03
-1.778725534677505493e-01;2.164864063262939453e+00;-3.615481406450271606e-02
-1.778725534677505493e-01;2.164864063262939453e+00;-3.615481406450271606e-02
1.054877564311027527e-01;1.772846698760986328e+00;4.325230140239000320e-03
1.054877564311027527e-01;1.772846698760986328e+00;4.325230140239000320e-03
-4.364924505352973938e-02;1.475637912750244141e+00;1.071681641042232513e-02
-4.364924505352973938e-02;1.475637912750244141e+00;1.071681641042232513e-02
-4.791030287742614746e-02;1.447941064834594727e+00;-1.165373437106609344e-02
-4.791030287742614746e-02;1.447941064834594727e+00;-1.165373437106609344e-02
-1.150219589471817017e-01;8.396752476692199707e-01;-2.443690598011016846e-02
-1.150219589471817017e-01;8.396752476692199707e-01;-2.443690598011016846e-02
-3.169205039739608765e-03;4.519190192222595215e-01;6.455758586525917053e-03
-3.169205039739608765e-03;4.519190192222595215e-01;6.455758586525917053e-03
6.713823974132537842e-02;1.898639947175979614e-01;-6.327413022518157959e-03
5.755086243152618408e-02;9.825126081705093384e-02;-2.443690598011016846e-02
5.755086243152618408e-02;9.825126081705093384e-02;-2.443690598011016846e-02
2.878872491419315338e-02;1.099691689014434814e-01;-4.196884110569953918e-03
2.878872491419315338e-02;1.099691689014434814e-01;-4.196884110569953918e-03
4.583295434713363647e-02;1.579060554504394531e-01;-1.804531924426555634e-02
4.583295434713363647e-02;1.579060554504394531e-01;-1.804531924426555634e-02
4.157189652323722839e-02;1.536450088024139404e-01;-2.337164059281349182e-02
4.157189652323722839e-02;1.536450088024139404e-01;-2.337164059281349182e-02
1.067923102527856827e-02;1.227523386478424072e-01;6.455758586525917053e-03
-4.234469495713710785e-03;1.067733764648437500e-01;-3.131619887426495552e-03
-4.234469495713710785e-03;1.067733764648437500e-01;-3.131619887426495552e-03
-8.495526388287544250e-03;6.735859066247940063e-02;-4.196884110569953918e-03
-8.495526388287544250e-03;6.735859066247940063e-02;-4.196884110569953918e-03
4.689821973443031311e-02;-2.948853420093655586e-03;1.497787330299615860e-02
4.689821973443031311e-02;-2.948853420093655586e-03;1.497787330299615860e-02
3.198451548814773560e-02;-5.408153682947158813e-02;2.563051693141460419e-02
3.198451548814773560e-02;-5.408153682947158813e-02;2.563051693141460419e-02
1.091852202080190182e-03;-8.497420698404312134e-02;8.586287498474121094e-03
1.091852202080190182e-03;-8.497420698404312134e-02;8.586287498474121094e-03
5.352909676730632782e-03;-1.030836999416351318e-01;8.586287498474121094e-03
2.346240356564521790e-02;-1.435637474060058594e-01;1.710840128362178802e-02
2.346240356564521790e-02;-1.435637474060058594e-01;1.710840128362178802e-02
-1.275658421218395233e-02;-1.755216717720031738e-01;-3.131619887426495552e-03
-1.275658421218395233e-02;-1.755216717720031738e-01;-3.131619887426495552e-03
1.600555330514907837e-02;-1.648690253496170044e-01;-1.591479219496250153e-02
1.600555330514907837e-02;-1.648690253496170044e-01;-1.591479219496250153e-02
1.494028791785240173e-02;-1.584774404764175415e-01;-1.591479219496250153e-02
1.494028791785240173e-02;-1.584774404764175415e-01;-1.591479219496250153e-02
1.920134574174880981e-02;-1.499553322792053223e-01;-1.271899882704019547e-02
1.920134574174880981e-02;-1.499553322792053223e-01;-1.271899882704019547e-02
2.985398843884468079e-02;-1.669995486736297607e-01;-1.911058463156223297e-02
2.985398843884468079e-02;-1.669995486736297607e-01;-1.911058463156223297e-02
-1.914816908538341522e-02;-1.701953560113906860e-01;-2.337164059281349182e-02
1.387502439320087433e-02;-1.478247940540313721e-01;6.417307304218411446e-05
1.387502439320087433e-02;-1.478247940540313721e-01;6.417307304218411446e-05
-2.103940816596150398e-03;-1.659342944622039795e-01;6.417307304218411446e-05
-2.103940816596150398e-03;-1.659342944622039795e-01;6.417307304218411446e-05
1.600555330514907837e-02;-1.563469171524047852e-01;-5.262148566544055939e-03
1.600555330514907837e-02;-1.563469171524047852e-01;-5.262148566544055939e-03
1.920134574174880981e-02;-1.595427095890045166e-01;-1.058846991509199142e-02
1.920134574174880981e-02;-1.595427095890045166e-01;-1.058846991509199142e-02
-5.299733486026525497e-03;-1.446290016174316406e-01;4.325230140239000320e-03
-5.299733486026525497e-03;-1.446290016174316406e-01;4.325230140239000320e-03
1.280975993722677231e-02;-1.329111009836196899e-01;8.586287498474121094e-03
-1.382184773683547974e-02;-5.834259465336799622e-02;1.923893205821514130e-02
-1.382184773683547974e-02;-5.834259465336799622e-02;1.923893205821514130e-02
2.157116541638970375e-03;6.638525519520044327e-03;1.923893205821514130e-02
2.157116541638970375e-03;6.638525519520044327e-03;1.923893205821514130e-02
6.418173667043447495e-03;-8.275175467133522034e-03;2.456525340676307678e-02
6.418173667043447495e-03;-8.275175467133522034e-03;2.456525340676307678e-02
-3.169205039739608765e-03;-4.014117643237113953e-03;2.989157475531101227e-02
-3.169205039739608765e-03;-4.014117643237113953e-03;2.989157475531101227e-02
-1.171524822711944580e-01;-8.497420698404312134e-02;-4.196884110569953918e-03
-1.171524822711944580e-01;-8.497420698404312134e-02;-4.196884110569953918e-03
2.482331693172454834e-01;-1.286500394344329834e-01;7.782846689224243164e-02
1.076182872056961060e-01;9.718599170446395874e-02;1.492011696100234985e-01
1.076182872056961060e-01;9.718599170446395874e-02;1.492011696100234985e-01
-1.800030916929244995e-01;2.239524424076080322e-01;1.193737760186195374e-01
-1.800030916929244995e-01;2.239524424076080322e-01;1.193737760186195374e-01
-2.993126809597015381e-01;-1.040570344775915146e-02;2.882631123065948486e-02
-2.993126809597015381e-01;-1.040570344775915146e-02;2.882631123065948486e-02
-2.162220776081085205e-01;-1.723258793354034424e-01;-2.656743489205837250e-02
-2.162220776081085205e-01;-1.723258793354034424e-01;-2.656743489205837250e-02
1.331846266984939575e-01;-4.652735590934753418e-01;-1.591479219496250153e-02
1.331846266984939575e-01;-4.652735590934753418e-01;-1.591479219496250153e-02
-2.290052473545074463e-01;-4.236363247036933899e-02;7.521023042500019073e-03
-3.078347742557525635e-01;-8.071314543485641479e-02;-1.288328021764755249e-01
-3.078347742557525635e-01;-8.071314543485641479e-02;-1.288328021764755249e-01
-1.107608973979949951e-01;2.079734802246093750e-01;9.651551954448223114e-03
-1.107608973979949951e-01;2.079734802246093750e-01;9.651551954448223114e-03
2.133187465369701385e-02;-3.384151682257652283e-02;8.848111331462860107e-02
2.133187465369701385e-02;-3.384151682257652283e-02;8.848111331462860107e-02
1.044224947690963745e-01;-2.425413951277732849e-02;2.706412971019744873e-01
1.044224947690963745e-01;-2.425413951277732849e-02;2.706412971019744873e-01
8.311720937490463257e-02;-5.195100978016853333e-02;4.112561941146850586e-01
8.311720937490463257e-02;-5.195100978016853333e-02;4.112561941146850586e-01
6.287718564271926880e-02;-2.212361060082912445e-02;6.445490717887878418e-01
1.832520365715026855e-01;-3.703730925917625427e-02;9.119304418563842773e-01
1.832520365715026855e-01;-3.703730925917625427e-02;9.119304418563842773e-01
1.108140796422958374e-01;1.515144705772399902e-01;1.133505463600158691e+00
1.108140796422958374e-01;1.515144705772399902e-01;1.133505463600158691e+00
-1.310009211301803589e-01;1.792113482952117920e-01;1.432844638824462891e+00
-1.310009211301803589e-01;1.792113482952117920e-01;1.432844638824462891e+00
2.162752300500869751e-01;3.176957070827484131e-01;1.596895337104797363e+00
2.162752300500869751e-01;3.176957070827484131e-01;1.596895337104797363e+00
-1.523062139749526978e-01;2.686935365200042725e-01;1.643766999244689941e+00
-1.523062139749526978e-01;2.686935365200042725e-01;1.643766999244689941e+00
-2.801379263401031494e-01;2.463230043649673462e-01;1.839775681495666504e+00
-2.553975582122802734e-02;1.835643313825130463e-02;1.995304226875305176e+00
-2.553975582122802734e-02;1.835643313825130463e-02;1.995304226875305176e+00
-7.241138070821762085e-02;-2.032185494899749756e-01;2.266946554183959961e+00
-7.241138070821762085e-02;-2.032185494899749756e-01;2.266946554183959961e+00
5.049619078636169434e-01;-3.939008414745330811e-01;2.578003883361816406e+00
5.049619078636169434e-01;-3.939008414745330811e-01;2.578003883361816406e+00
1.843173056840896606e-01;-9.349631518125534058e-02;2.694117546081542969e+00
1.843173056840896606e-01;-9.349631518125534058e-02;2.694117546081542969e+00
-9.584719687700271606e-02;-7.325629889965057373e-02;2.439519405364990234e+00
-9.584719687700271606e-02;-7.325629889965057373e-02;2.439519405364990234e+00
-3.086607716977596283e-02;9.079440683126449585e-02;2.554568052291870117e+00
-3.086607716977596283e-02;9.079440683126449585e-02;2.554568052291870117e+00
-2.076999545097351074e-01;7.588070631027221680e-02;2.693052291870117188e+00
-4.045345261693000793e-02;1.303011085838079453e-02;2.946585178375244141e+00
-4.045345261693000793e-02;1.303011085838079453e-02;2.946585178375244141e+00
1.204014569520950317e-01;-4.662468656897544861e-02;3.194791793823242188e+00
1.204014569520950317e-01;-4.662468656897544861e-02;3.194791793823242188e+00
3.430417180061340332e-01;-1.158668696880340576e-01;3.664573431015014648e+00
3.430417180061340332e-01;-1.158668696880340576e-01;3.664573431015014648e+00
-1.310009211301803589e-01;-1.052142232656478882e-01;3.643268108367919922e+00
-1.310009211301803589e-01;-1.052142232656478882e-01;3.643268108367919922e+00
1.768604516983032227e-01;1.813418716192245483e-01;3.351385831832885742e+00
1.768604516983032227e-01;1.813418716192245483e-01;3.351385831832885742e+00
1.992310136556625366e-01;2.505840659141540527e-01;2.763359785079956055e+00
2.642121315002441406e-01;1.376660317182540894e-01;2.332993030548095703e+00
2.642121315002441406e-01;1.376660317182540894e-01;2.332993030548095703e+00
5.648559704422950745e-02;1.110344305634498596e-01;1.986782073974609375e+00
5.648559704422950745e-02;1.110344305634498596e-01;1.986782073974609375e+00
-6.921558827161788940e-02;-1.424984782934188843e-01;1.689573407173156738e+00
-6.921558827161788940e-02;-1.424984782934188843e-01;1.689573407173156738e+00
2.695384621620178223e-01;-3.768566250801086426e-01;1.666137576103210449e+00
2.695384621620178223e-01;-3.768566250801086426e-01;1.666137576103210449e+00
1.566204428672790527e-01;-3.054839074611663818e-01;1.690638661384582520e+00
1.566204428672790527e-01;-3.054839074611663818e-01;1.690638661384582520e+00
1.768604516983032227e-01;-2.681996524333953857e-01;1.721531271934509277e+00
1.768604516983032227e-01;-2.681996524333953857e-01;1.721531271934509277e+00
2.503637075424194336e-01;3.327013179659843445e-02;1.436040520668029785e+00
2.503637075424194336e-01;3.327013179659843445e-02;1.436040520668029785e+00
-2.982473969459533691e-01;-1.201279237866401672e-01;1.012065291404724121e+00
-2.982473969459533691e-01;-1.201279237866401672e-01;1.012065291404724121e+00
-2.407231479883193970e-01;2.005166262388229370e-01;8.011429309844970703e-01
-2.407231479883193970e-01;2.005166262388229370e-01;8.011429309844970703e-01
-6.069347634911537170e-02;1.941250413656234741e-01;6.413533091545104980e-01
-6.069347634911537170e-02;1.941250413656234741e-01;6.413533091545104980e-01
1.811215132474899292e-01;1.536450088024139404e-01;6.147217154502868652e-01
2.791258394718170166e-01;2.581328339874744415e-02;6.583975553512573242e-01
2.791258394718170166e-01;2.581328339874744415e-02;6.583975553512573242e-01
9.590037912130355835e-02;-1.733911484479904175e-01;7.414881587028503418e-01
9.590037912130355835e-02;-1.733911484479904175e-01;7.414881587028503418e-01
-2.343315631151199341e-01;-2.117406576871871948e-01;6.200479865074157715e-01
-2.343315631151199341e-01;-2.117406576871871948e-01;6.200479865074157715e-01
1.395762115716934204e-01;2.303440272808074951e-01;4.155172705650329590e-01
1.395762115716934204e-01;2.303440272808074951e-01;4.155172705650329590e-01
1.097488179802894592e-01;9.834318421781063080e-03;4.378878176212310791e-01
1.097488179802894592e-01;9.834318421781063080e-03;4.378878176212310791e-01
-6.601979583501815796e-02;1.738850176334381104e-01;4.868899881839752197e-01
-2.234396338462829590e-02;1.312203821726143360e-03;2.951423823833465576e-01
-2.234396338462829590e-02;1.312203821726143360e-03;2.951423823833465576e-01
-1.874599307775497437e-01;-6.579944491386413574e-02;2.482707500457763672e-01
-1.874599307775497437e-01;-6.579944491386413574e-02;2.482707500457763672e-01
-1.320661902427673340e-01;-2.937660217285156250e-01;2.141822874546051025e-01
-1.320661902427673340e-01;-2.937660217285156250e-01;2.141822874546051025e-01
1.651425510644912720e-01;-3.630082011222839355e-01;1.374832689762115479e-01
1.651425510644912720e-01;-3.630082011222839355e-01;1.374832689762115479e-01
-1.224788054823875427e-01;3.007434122264385223e-02;-1.618560105562210083e-01
-1.224788054823875427e-01;3.007434122264385223e-02;-1.618560105562210083e-01
1.896436363458633423e-01;7.395403981208801270e-01;-3.248414397239685059e-01
1.896436363458633423e-01;7.395403981208801270e-01;-3.248414397239685059e-01
-4.471451044082641602e-02;1.877334564924240112e-01;-3.770393729209899902e-01
5.435506999492645264e-02;1.930597871541976929e-01;-4.643910527229309082e-01
5.435506999492645264e-02;1.930597871541976929e-01;-4.643910527229309082e-01
6.926877051591873169e-02;4.507996607571840286e-03;-5.272416472434997559e-01
6.926877051591873169e-02;4.507996607571840286e-03;-5.272416472434997559e-01
1.789909899234771729e-01;7.907649874687194824e-02;-5.485469102859497070e-01
1.789909899234771729e-01;7.907649874687194824e-02;-5.485469102859497070e-01
1.289235651493072510e-01;-9.243105351924896240e-02;-5.336332321166992188e-01
1.289235651493072510e-01;-9.243105351924896240e-02;-5.336332321166992188e-01
-2.535063326358795166e-01;-3.054839074611663818e-01;-6.284417510032653809e-01
-2.535063326358795166e-01;-3.054839074611663818e-01;-6.284417510032653809e-01
-3.365969359874725342e-01;-1.925659030675888062e-01;-5.837006568908691406e-01
-9.584719687700271606e-02;2.314092963933944702e-01;-5.890269875526428223e-01
-9.584719687700271606e-02;2.314092963933944702e-01;-5.890269875526428223e-01
2.780605554580688477e-01;5.883647873997688293e-02;-3.727783262729644775e-01
2.780605554580688477e-01;5.883647873997688293e-02;-3.727783262729644775e-01
1.289235651493072510e-01;3.155651688575744629e-01;-2.555992603302001953e-01
1.289235651493072510e-01;3.155651688575744629e-01;-2.555992603302001953e-01
-8.306402713060379028e-02;1.866682022809982300e-01;-2.065971046686172485e-01
-8.306402713060379028e-02;1.866682022809982300e-01;-2.065971046686172485e-01
-2.385926246643066406e-01;1.216870769858360291e-01;-1.916834115982055664e-01
-2.385926246643066406e-01;1.216870769858360291e-01;-1.916834115982055664e-01
-4.292749166488647461e-01;-1.819132566452026367e-01;-1.575949490070343018e-01
-4.292749166488647461e-01;-1.819132566452026367e-01;-1.575949490070343018e-01
2.026660926640033722e-02;-4.982967674732208252e-01;-2.950140237808227539e-01
2.026660926640033722e-02;-4.982967674732208252e-01;-2.950140237808227539e-01
3.590206801891326904e-01;-3.054839074611663818e-01;-3.077971935272216797e-01
-2.130262851715087891e-01;4.913337826728820801e-01;-3.951488733291625977e-01
-2.130262851715087891e-01;4.913337826728820801e-01;-3.951488733291625977e-01
-2.322010397911071777e-01;1.259481310844421387e-01;-2.769045531749725342e-01
-2.322010397911071777e-01;1.259481310844421387e-01;-2.769045531749725342e-01
-2.204831242561340332e-01;7.161965221166610718e-02;-7.343906164169311523e-02
-2.204831242561340332e-01;7.161965221166610718e-02;-7.343906164169311523e-02
-2.322010397911071777e-01;-2.744993194937705994e-02;-7.450433075428009033e-02
-2.322010397911071777e-01;-2.744993194937705994e-02;-7.450433075428009033e-02
4.902874678373336792e-02;-7.538682222366333008e-02;-1.810307651758193970e-01
8.205194026231765747e-02;-1.691300868988037109e-01;-1.448117792606353760e-01
8.205194026231765747e-02;-1.691300868988037109e-01;-1.448117792606353760e-01
-2.343315631151199341e-01;-4.684693515300750732e-01;-1.149843707680702209e-01
-2.343315631151199341e-01;-4.684693515300750732e-01;-1.149843707680702209e-01
-4.995823502540588379e-01;-1.499553322792053223e-01;-8.515696972608566284e-02
-4.995823502540588379e-01;-1.499553322792053223e-01;-8.515696972608566284e-02
2.578205466270446777e-01;8.236962556838989258e-01;-5.213377624750137329e-02
2.578205466270446777e-01;8.236962556838989258e-01;-5.213377624750137329e-02
-1.810683459043502808e-01;1.983861029148101807e-01;3.308736905455589294e-02
-1.810683459043502808e-01;1.983861029148101807e-01;3.308736905455589294e-02
-1.480451524257659912e-01;3.837420940399169922e-01;6.930635124444961548e-02
-1.480451524257659912e-01;3.837420940399169922e-01;6.930635124444961548e-02
-3.472495675086975098e-01;1.334049850702285767e-01;2.243472449481487274e-02
-2.620284259319305420e-01;1.472534239292144775e-01;-1.128538399934768677e-01
-2.620284259319305420e-01;1.472534239292144775e-01;-1.128538399934768677e-01
-6.071740984916687012e-01;-1.148016080260276794e-01;-3.365593552589416504e-01
-6.071740984916687012e-01;-1.148016080260276794e-01;-3.365593552589416504e-01
2.610163390636444092e-01;-2.671343982219696045e-01;-5.762438178062438965e-01
2.610163390636444092e-01;-2.671343982219696045e-01;-5.762438178062438965e-01
4.548944532871246338e-01;-2.085448652505874634e-01;-6.849007606506347656e-01
4.548944532871246338e-01;-2.085448652505874634e-01;-6.849007606506347656e-01
8.011053204536437988e-01;2.463230043649673462e-01;-8.074061870574951172e-01
8.011053204536437988e-01;2.463230043649673462e-01;-8.074061870574951172e-01
-6.282400339841842651e-02;-4.662468656897544861e-02;-8.947578668594360352e-01
2.706037163734436035e-01;-2.744993194937705994e-02;-1.043894886970520020e+00
2.706037163734436035e-01;-2.744993194937705994e-02;-1.043894886970520020e+00
3.462375104427337646e-01;9.185967594385147095e-02;-1.096092820167541504e+00
3.462375104427337646e-01;9.185967594385147095e-02;-1.096092820167541504e+00
3.824564814567565918e-01;-1.062794923782348633e-01;-8.968883752822875977e-01
3.824564814567565918e-01;-1.062794923782348633e-01;-8.968883752822875977e-01
8.311720937490463257e-02;-6.282590031623840332e-01;-8.766483664512634277e-01
8.311720937490463257e-02;-6.282590031623840332e-01;-8.766483664512634277e-01
-1.363272368907928467e-01;-5.089493989944458008e-01;-8.031451106071472168e-01
-1.363272368907928467e-01;-5.089493989944458008e-01;-8.031451106071472168e-01
-1.075651049613952637e-01;2.474801801145076752e-02;-7.104671001434326172e-01
-1.075651049613952637e-01;2.474801801145076752e-02;-7.104671001434326172e-01
3.270627558231353760e-01;2.271482348442077637e-01;-3.014056086540222168e-01
3.228016793727874756e-01;5.925338864326477051e-01;-2.854266464710235596e-01
3.228016793727874756e-01;5.925338864326477051e-01;-2.854266464710235596e-01
7.672561705112457275e-02;3.773505091667175293e-01;-9.900540858507156372e-02
7.672561705112457275e-02;3.773505091667175293e-01;-9.900540858507156372e-02
-4.132959544658660889e-01;3.304788768291473389e-01;-2.034013122320175171e-01
-4.132959544658660889e-01;3.304788768291473389e-01;-2.034013122320175171e-01
-4.974518418312072754e-01;-1.892781816422939301e-02;-3.376246094703674316e-01
-4.974518418312072754e-01;-1.892781816422939301e-02;-3.376246094703674316e-01
6.394244730472564697e-02;-2.458291202783584595e-01;-6.156585812568664551e-01
6.394244730472564697e-02;-2.458291202783584595e-01;-6.156585812568664551e-01
3.238669633865356445e-01;-1.712606102228164673e-01;-7.530776858329772949e-01
8.309327363967895508e-01;2.207566499710083008e-01;-9.522821307182312012e-01
8.309327363967895508e-01;2.207566499710083008e-01;-9.522821307182312012e-01
5.648559704422950745e-02;-1.893701106309890747e-01;-9.171283841133117676e-01
5.648559704422950745e-02;-1.893701106309890747e-01;-9.171283841133117676e-01
2.162752300500869751e-01;-1.499553322792053223e-01;-1.037503242492675781e+00
2.162752300500869751e-01;-1.499553322792053223e-01;-1.037503242492675781e+00
3.675427734851837158e-01;-8.497420698404312134e-02;-1.157878160476684570e+00
3.675427734851837158e-01;-8.497420698404312134e-02;-1.157878160476684570e+00
2.301236689090728760e-01;-2.618080675601959229e-01;-1.141899108886718750e+00
2.301236689090728760e-01;-2.618080675601959229e-01;-1.141899108886718750e+00
1.235972493886947632e-01;-6.378464102745056152e-01;-1.268665671348571777e+00
1.235972493886947632e-01;-6.378464102745056152e-01;-1.268665671348571777e+00
-1.927862614393234253e-01;-4.492945969104766846e-01;-1.270796179771423340e+00
-1.927862614393234253e-01;-4.492945969104766846e-01;-1.270796179771423340e+00
5.124187469482421875e-01;2.314092963933944702e-01;-1.343234062194824219e+00
9.803090989589691162e-02;2.143650650978088379e-01;-9.650653004646301270e-01
9.803090989589691162e-02;2.143650650978088379e-01;-9.650653004646301270e-01
2.311889380216598511e-01;7.384750843048095703e-01;-6.870313286781311035e-01
2.311889380216598511e-01;7.384750843048095703e-01;-6.870313286781311035e-01
-1.778725534677505493e-01;5.882728695869445801e-01;-6.124628186225891113e-01
-1.778725534677505493e-01;5.882728695869445801e-01;-6.124628186225891113e-01
-4.250138700008392334e-01;1.483186781406402588e-01;-4.739784300327301025e-01
-4.250138700008392334e-01;1.483186781406402588e-01;-4.739784300327301025e-01
-2.023736387491226196e-01;-3.917703330516815186e-01;-6.625302433967590332e-01
-2.023736387491226196e-01;-3.917703330516815186e-01;-6.625302433967590332e-01
4.133491516113281250e-01;-3.353113234043121338e-01;-6.944881677627563477e-01
1.008831858634948730e+00;-2.223933041095733643e-01;-6.092669963836669922e-01
1.008831858634948730e+00;-2.223933041095733643e-01;-6.092669963836669922e-01
-1.246093362569808960e-01;-3.427681624889373779e-01;-5.464164018630981445e-01
-1.246093362569808960e-01;-3.427681624889373779e-01;-5.464164018630981445e-01
3.624557703733444214e-02;-1.020184308290481567e-01;-6.518775820732116699e-01
3.624557703733444214e-02;-1.020184308290481567e-01;-6.518775820732116699e-01
1.044224947690963745e-01;1.685587018728256226e-01;-6.135280728340148926e-01
1.044224947690963745e-01;1.685587018728256226e-01;-6.135280728340148926e-01
1.725994050502777100e-01;-9.243105351924896240e-02;-6.593344211578369141e-01
1.725994050502777100e-01;-9.243105351924896240e-02;-6.593344211578369141e-01
1.417067348957061768e-01;-4.194672107696533203e-01;-9.341726303100585938e-01
1.417067348957061768e-01;-4.194672107696533203e-01;-9.341726303100585938e-01
1.417067348957061768e-01;-4.194672107696533203e-01;-9.341726303100585938e-01
8.950879424810409546e-02;7.268491387367248535e-02;-1.171726584434509277e+00
8.950879424810409546e-02;7.268491387367248535e-02;-1.171726584434509277e+00
7.672561705112457275e-02;9.292493760585784912e-02;-1.262274026870727539e+00
7.672561705112457275e-02;9.292493760585784912e-02;-1.262274026870727539e+00
1.097488179802894592e-01;6.852118968963623047e-01;-1.340038299560546875e+00
1.097488179802894592e-01;6.852118968963623047e-01;-1.340038299560546875e+00
-5.251486897468566895e-01;6.521887183189392090e-01;-1.318733096122741699e+00
-5.251486897468566895e-01;6.521887183189392090e-01;-1.318733096122741699e+00
-9.448629021644592285e-01;5.360748767852783203e-01;-1.303819298744201660e+00
-9.448629021644592285e-01;5.360748767852783203e-01;-1.303819298744201660e+00
-8.372712135314941406e-01;-2.756565213203430176e-01;-1.555221676826477051e+00
9.483511745929718018e-02;-3.608776628971099854e-01;-1.843908309936523438e+00
9.483511745929718018e-02;-3.608776628971099854e-01;-1.843908309936523438e+00
1.252777457237243652e+00;-7.443727850914001465e-01;-2.086788654327392578e+00
1.252777457237243652e+00;-7.443727850914001465e-01;-2.086788654327392578e+00
-1.885251998901367188e-01;-4.833830595016479492e-01;-1.911020040512084961e+00
-1.885251998901367188e-01;-4.833830595016479492e-01;-1.911020040512084961e+00
-3.299660608172416687e-02;-4.471640586853027344e-01;-1.601028084754943848e+00
-3.299660608172416687e-02;-4.471640586853027344e-01;-1.601028084754943848e+00
-2.801379263401031494e-01;-1.723258793354034424e-01;-1.472131133079528809e+00
-2.801379263401031494e-01;-1.723258793354034424e-01;-1.472131133079528809e+00
-2.385926246643066406e-01;6.638525519520044327e-03;-1.224989771842956543e+00
-2.385926246643066406e-01;6.638525519520044327e-03;-1.224989771842956543e+00
-4.665591716766357422e-01;-1.925659030675888062e-01;-1.139768600463867188e+00
-1.075651049613952637e-01;-3.235934078693389893e-01;-1.297427773475646973e+00
-1.075651049613952637e-01;-3.235934078693389893e-01;-1.297427773475646973e+00
-4.591023325920104980e-01;-1.829785257577896118e-01;-1.624463915824890137e+00
-4.591023325920104980e-01;-1.829785257577896118e-01;-1.624463915824890137e+00
6.287718564271926880e-02;1.344702392816543579e-01;-1.928064227104187012e+00
6.287718564271926880e-02;1.344702392816543579e-01;-1.928064227104187012e+00
-2.103940816596150398e-03;1.248828694224357605e-01;-1.710750341415405273e+00
-2.103940816596150398e-03;1.248828694224357605e-01;-1.710750341415405273e+00
2.556900084018707275e-01;4.210263490676879883e-01;-1.805558800697326660e+00
2.556900084018707275e-01;4.210263490676879883e-01;-1.805558800697326660e+00
-3.536411523818969727e-01;1.536450088024139404e-01;-1.939782142639160156e+00
-3.536411523818969727e-01;1.536450088024139404e-01;-1.939782142639160156e+00
-5.453887581825256348e-01;2.250177115201950073e-01;-2.053765296936035156e+00
-4.772118031978607178e-01;8.440282195806503296e-02;-2.239121437072753906e+00
-4.772118031978607178e-01;8.440282195806503296e-02;-2.239121437072753906e+00
-3.163568973541259766e-01;-1.179974004626274109e-01;-2.519285917282104492e+00
-3.163568973541259766e-01;-1.179974004626274109e-01;-2.519285917282104492e+00
1.257277727127075195e-01;-1.446290016174316406e-01;-2.747252464294433594e+00
1.257277727127075195e-01;-1.446290016174316406e-01;-2.747252464294433594e+00
4.080228209495544434e-01;-5.940786004066467285e-02;-2.708903074264526367e+00
1.091852202080190182e-03;-6.250632405281066895e-01;-2.349908828735351562e+00
1.091852202080190182e-03;-6.250632405281066895e-01;-2.349908828735351562e+00
-2.439189404249191284e-01;-4.705998897552490234e-01;-2.084658145904541016e+00
-2.439189404249191284e-01;-4.705998897552490234e-01;-2.084658145904541016e+00
-8.330101370811462402e-01;-4.184019267559051514e-01;-1.866278886795043945e+00
-8.330101370811462402e-01;-4.184019267559051514e-01;-1.866278886795043945e+00
-7.318100333213806152e-01;-2.319806814193725586e-01;-1.753360867500305176e+00
-7.318100333213806152e-01;-2.319806814193725586e-01;-1.753360867500305176e+00
-6.945257782936096191e-01;-5.462336540222167969e-01;-1.641508102416992188e+00
-6.945257782936096191e-01;-5.462336540222167969e-01;-1.641508102416992188e+00
-6.487194299697875977e-01;-6.410421729087829590e-01;-1.596767067909240723e+00
-6.487194299697875977e-01;-6.410421729087829590e-01;-1.596767067909240723e+00
9.289370179176330566e-01;3.539147078990936279e-01;-1.044960141181945801e+00
-2.098304927349090576e-01;1.003817841410636902e-01;-8.191241025924682617e-01
-2.098304927349090576e-01;1.003817841410636902e-01;-8.191241025924682617e-01
-2.322010397911071777e-01;2.469395112711936235e-04;-6.199196577072143555e-01
-2.322010397911071777e-01;2.469395112711936235e-04;-6.199196577072143555e-01
2.844521701335906982e-01;5.563148856163024902e-01;-6.774439215660095215e-01
2.844521701335906982e-01;5.563148856163024902e-01;-6.774439215660095215e-01
-1.373925060033798218e-01;1.259481310844421387e-01;-5.251111388206481934e-01
-1.373925060033798218e-01;1.259481310844421387e-01;-5.251111388206481934e-01
-2.098304927349090576e-01;1.706892251968383789e-01;-5.453511476516723633e-01
-2.098304927349090576e-01;1.706892251968383789e-01;-5.453511476516723633e-01
-6.921558827161788940e-02;7.268491387367248535e-02;-5.602648258209228516e-01
-6.921558827161788940e-02;7.268491387367248535e-02;-5.602648258209228516e-01
3.675427734851837158e-01;-3.171098977327346802e-02;-6.390944123268127441e-01
5.582250952720642090e-01;2.794381231069564819e-02;-5.251111388206481934e-01
5.582250952720642090e-01;2.794381231069564819e-02;-5.251111388206481934e-01
8.980444073677062988e-01;-1.883589080534875393e-03;-4.281720817089080811e-01
8.980444073677062988e-01;-1.883589080534875393e-03;-4.281720817089080811e-01
-2.045041620731353760e-01;-2.373069971799850464e-01;-4.452162981033325195e-01
-2.045041620731353760e-01;-2.373069971799850464e-01;-4.452162981033325195e-01
4.050663486123085022e-02;-1.542163789272308350e-01;-4.356289207935333252e-01
4.050663486123085022e-02;-1.542163789272308350e-01;-4.356289207935333252e-01
-1.310009211301803589e-01;-1.435637474060058594e-01;-2.960793077945709229e-01
-1.310009211301803589e-01;-1.435637474060058594e-01;-2.960793077945709229e-01
3.731084242463111877e-02;-1.286500394344329834e-01;-3.152540624141693115e-01
1.214667186141014099e-01;-2.458291202783584595e-01;-2.971445620059967041e-01
1.214667186141014099e-01;-2.458291202783584595e-01;-2.971445620059967041e-01
-1.182177513837814331e-01;-5.558210015296936035e-01;-2.247066050767898560e-01
-1.182177513837814331e-01;-5.558210015296936035e-01;-2.247066050767898560e-01
1.523593813180923462e-01;1.089958287775516510e-02;-1.053969934582710266e-01
1.523593813180923462e-01;1.089958287775516510e-02;-1.053969934582710266e-01
6.040314435958862305e-01;8.418057560920715332e-01;-1.416159868240356445e-01
1.789909899234771729e-01;3.400662541389465332e-01;5.971897393465042114e-02
1.789909899234771729e-01;3.400662541389465332e-01;5.971897393465042114e-02
-4.258398339152336121e-02;3.975905179977416992e-01;5.013159662485122681e-02
-4.258398339152336121e-02;3.975905179977416992e-01;5.013159662485122681e-02
-4.196875393390655518e-01;5.670595169067382812e-02;5.119686201214790344e-02
-4.196875393390655518e-01;5.670595169067382812e-02;5.119686201214790344e-02
-2.684200108051300049e-01;2.261749096214771271e-02;4.325230140239000320e-03
-2.684200108051300049e-01;2.261749096214771271e-02;4.325230140239000320e-03
-4.143612086772918701e-01;-3.172018229961395264e-01;-1.128538399934768677e-01
-4.143612086772918701e-01;-3.172018229961395264e-01;-1.128538399934768677e-01
2.727342545986175537e-01;-4.578167200088500977e-01;-1.139191091060638428e-01
4.548944532871246338e-01;-2.937660217285156250e-01;-1.053969934582710266e-01
4.548944532871246338e-01;-2.937660217285156250e-01;-1.053969934582710266e-01
-6.069347634911537170e-02;7.778899073600769043e-01;-1.469423025846481323e-01
-6.069347634911537170e-02;7.778899073600769043e-01;-1.469423025846481323e-01
-2.684200108051300049e-01;-1.679728925228118896e-02;-1.171149015426635742e-01
-2.684200108051300049e-01;-1.679728925228118896e-02;-1.171149015426635742e-01
-1.043693125247955322e-01;-6.260365247726440430e-02;-4.361166432499885559e-02
-1.043693125247955322e-01;-6.260365247726440430e-02;-4.361166432499885559e-02
-2.385926246643066406e-01;-2.628733515739440918e-01;-5.213377624750137329e-02
-2.385926246643066406e-01;-2.628733515739440918e-01;-5.213377624750137329e-02
-1.320661902427673340e-01;-1.584774404764175415e-01;-1.213759556412696838e-01
-1.320661902427673340e-01;-1.584774404764175415e-01;-1.213759556412696838e-01
1.086835488677024841e-01;-3.374418318271636963e-01;-4.680745676159858704e-02
1.086835488677024841e-01;-3.374418318271636963e-01;-4.680745676159858704e-02
-2.513757944107055664e-01;-6.037579178810119629e-01;1.604313775897026062e-02
-3.866643607616424561e-01;-1.403679549694061279e-01;-1.058846991509199142e-02
-3.866643607616424561e-01;-1.403679549694061279e-01;-1.058846991509199142e-02
3.100185096263885498e-01;8.066520094871520996e-01;-9.048329293727874756e-02
3.100185096263885498e-01;8.066520094871520996e-01;-9.048329293727874756e-02
1.174449548125267029e-02;4.444621503353118896e-01;-4.467692598700523376e-02
1.174449548125267029e-02;4.444621503353118896e-01;-4.467692598700523376e-02
-2.748116254806518555e-01;6.021212935447692871e-01;4.906633123755455017e-02
-2.748116254806518555e-01;6.021212935447692871e-01;4.906633123755455017e-02
-7.254184484481811523e-01;4.593758583068847656e-01;1.161779835820198059e-01
-7.254184484481811523e-01;4.593758583068847656e-01;1.161779835820198059e-01
-7.137005329132080078e-01;9.825126081705093384e-02;7.889373600482940674e-02
-9.052087366580963135e-02;-5.291894078254699707e-01;-7.024326920509338379e-02
-9.052087366580963135e-02;-5.291894078254699707e-01;-7.024326920509338379e-02
5.976398587226867676e-01;-4.375766813755035400e-01;7.143688201904296875e-02
5.976398587226867676e-01;-4.375766813755035400e-01;7.143688201904296875e-02
9.885918498039245605e-01;-2.607428133487701416e-01;1.396137923002243042e-01
9.885918498039245605e-01;-2.607428133487701416e-01;1.396137923002243042e-01
-4.037085771560668945e-01;-9.882263839244842529e-02;-2.230637706816196442e-02
-4.037085771560668945e-01;-9.882263839244842529e-02;-2.230637706816196442e-02
-2.843989729881286621e-01;1.930597871541976929e-01;-1.394854485988616943e-01
-2.843989729881286621e-01;1.930597871541976929e-01;-1.394854485988616943e-01
1.704688668251037598e-01;3.666978776454925537e-01;-2.976322732865810394e-02
1.704688668251037598e-01;3.666978776454925537e-01;-2.976322732865810394e-02
3.707385659217834473e-01;7.268491387367248535e-02;9.167690575122833252e-02
3.707385659217834473e-01;7.268491387367248535e-02;9.167690575122833252e-02
-5.749768391251564026e-02;-3.448987007141113281e-01;7.463267445564270020e-02
-5.749768391251564026e-02;-3.448987007141113281e-01;7.463267445564270020e-02
-3.632285296916961670e-01;-2.532859742641448975e-01;-3.131619887426495552e-03
-3.632285296916961670e-01;-2.532859742641448975e-01;-3.131619887426495552e-03
-1.437841057777404785e-01;2.581328339874744415e-02;-7.130853831768035889e-02
-1.437841057777404785e-01;2.581328339874744415e-02;-7.130853831768035889e-02
-7.667244225740432739e-02;-1.499553322792053223e-01;-2.017584815621376038e-02
-7.667244225740432739e-02;-1.499553322792053223e-01;-2.017584815621376038e-02
-9.265140444040298462e-02;3.038472831249237061e-01;1.598538160324096680e-01
-9.265140444040298462e-02;3.038472831249237061e-01;1.598538160324096680e-01
-3.387274444103240967e-01;4.252873957157135010e-01;9.700322896242141724e-02
-4.346012473106384277e-01;2.676282823085784912e-01;4.693580418825149536e-02
-4.346012473106384277e-01;2.676282823085784912e-01;4.693580418825149536e-02
-1.352619826793670654e-01;-3.427681624889373779e-01;4.693580418825149536e-02
-1.352619826793670654e-01;-3.427681624889373779e-01;4.693580418825149536e-02
3.739343583583831787e-01;-1.765869408845901489e-01;8.208952844142913818e-02
3.739343583583831787e-01;-1.765869408845901489e-01;8.208952844142913818e-02
4.911134541034698486e-01;2.314092963933944702e-01;-4.361166432499885559e-02
4.911134541034698486e-01;2.314092963933944702e-01;-4.361166432499885559e-02
-4.234469495713710785e-03;-2.767217755317687988e-01;-2.017584815621376038e-02
-4.234469495713710785e-03;-2.767217755317687988e-01;-2.017584815621376038e-02
-6.175874173641204834e-02;-7.209910545498132706e-03;-1.245717480778694153e-01
-6.175874173641204834e-02;-7.209910545498132706e-03;-1.245717480778694153e-01
-4.577977582812309265e-02;2.037124186754226685e-01;-1.789002418518066406e-01
-4.577977582812309265e-02;2.037124186754226685e-01;-1.789002418518066406e-01
3.856522738933563232e-01;-1.052142232656478882e-01;-1.565296947956085205e-01
3.856522738933563232e-01;-1.052142232656478882e-01;-1.565296947956085205e-01
-2.353968322277069092e-01;-5.749958157539367676e-01;-9.367908537387847900e-02
-3.696201145648956299e-01;-4.705998897552490234e-01;1.710840128362178802e-02
-3.696201145648956299e-01;-4.705998897552490234e-01;1.710840128362178802e-02
4.016312360763549805e-01;5.797507166862487793e-01;-5.213377624750137329e-02
4.016312360763549805e-01;5.797507166862487793e-01;-5.213377624750137329e-02
-2.673547565937042236e-01;1.323397159576416016e-01;-5.959062650799751282e-02
-2.673547565937042236e-01;1.323397159576416016e-01;-5.959062650799751282e-02
-5.643241852521896362e-02;7.459319829940795898e-01;-2.822308540344238281e-01
-5.643241852521896362e-02;7.459319829940795898e-01;-2.822308540344238281e-01
-6.732204556465148926e-01;7.928035855293273926e-01;-4.867615997791290283e-01
-6.732204556465148926e-01;7.928035855293273926e-01;-4.867615997791290283e-01
-9.001218080520629883e-01;7.288877367973327637e-01;-7.253808379173278809e-01
-3.472495675086975098e-01;2.260829806327819824e-01;-9.778484702110290527e-01
-3.472495675086975098e-01;2.260829806327819824e-01;-9.778484702110290527e-01
4.932439625263214111e-01;7.694597542285919189e-02;-1.191966533660888672e+00
4.932439625263214111e-01;7.694597542285919189e-02;-1.191966533660888672e+00
1.282604813575744629e+00;-5.727733299136161804e-02;-1.602093338966369629e+00
1.282604813575744629e+00;-5.727733299136161804e-02;-1.602093338966369629e+00
1.042920351028442383e+00;-6.186715960502624512e-01;-1.559482812881469727e+00
1.042920351028442383e+00;-6.186715960502624512e-01;-1.559482812881469727e+00
5.869871973991394043e-01;-9.882263839244842529e-02;-1.933390498161315918e+00
4.793955385684967041e-01;2.303440272808074951e-01;-2.202902317047119141e+00
4.793955385684967041e-01;2.303440272808074951e-01;-2.202902317047119141e+00
-5.643241852521896362e-02;2.516493201255798340e-01;-2.254034996032714844e+00
-5.643241852521896362e-02;2.516493201255798340e-01;-2.254034996032714844e+00
1.992310136556625366e-01;-2.128059267997741699e-01;-2.536330223083496094e+00
1.992310136556625366e-01;-2.128059267997741699e-01;-2.536330223083496094e+00
1.853825747966766357e-01;-1.275847703218460083e-01;-2.870823144912719727e+00
1.853825747966766357e-01;-1.275847703218460083e-01;-2.870823144912719727e+00
-1.246093362569808960e-01;-2.405027896165847778e-01;-3.153118133544921875e+00
5.352909676730632782e-03;1.238176003098487854e-01;-2.536330223083496094e+00
5.352909676730632782e-03;1.238176003098487854e-01;-2.536330223083496094e+00
4.421112835407257080e-01;6.074476242065429688e-01;-2.266818284988403320e+00
4.421112835407257080e-01;6.074476242065429688e-01;-2.266818284988403320e+00
1.907088905572891235e-01;9.344837665557861328e-01;-2.235925674438476562e+00
1.907088905572891235e-01;9.344837665557861328e-01;-2.235925674438476562e+00
-3.568369448184967041e-01;6.085128784179687500e-01;-2.341386795043945312e+00
-3.568369448184967041e-01;6.085128784179687500e-01;-2.341386795043945312e+00
-7.137005329132080078e-01;4.540495276451110840e-01;-2.667357683181762695e+00
-7.137005329132080078e-01;4.540495276451110840e-01;-2.667357683181762695e+00
-8.095743060111999512e-01;3.965252637863159180e-01;-2.939000129699707031e+00
-8.095743060111999512e-01;3.965252637863159180e-01;-2.939000129699707031e+00
6.754041314125061035e-01;-4.768995195627212524e-02;-2.737665176391601562e+00
-2.236789315938949585e-01;-5.195100978016853333e-02;-2.438325881958007812e+00
-2.236789315938949585e-01;-5.195100978016853333e-02;-2.438325881958007812e+00
1.675687432289123535e+00;-1.200306057929992676e+00;-1.928064227104187012e+00
1.675687432289123535e+00;-1.200306057929992676e+00;-1.928064227104187012e+00
-9.584719687700271606e-02;-4.855135977268218994e-01;-1.677727103233337402e+00
-9.584719687700271606e-02;-4.855135977268218994e-01;-1.677727103233337402e+00
6.181192025542259216e-02;-4.449415951967239380e-02;-1.504088997840881348e+00
6.181192025542259216e-02;-4.449415951967239380e-02;-1.504088997840881348e+00
-5.858688354492187500e-01;1.461881548166275024e-01;-1.313406705856323242e+00
-5.858688354492187500e-01;1.461881548166275024e-01;-1.313406705856323242e+00
-5.709550976753234863e-01;-1.137363389134407043e-01;-1.297427773475646973e+00
-5.709550976753234863e-01;-1.137363389134407043e-01;-1.297427773475646973e+00
-5.975866913795471191e-01;-5.132104754447937012e-01;-1.321928858757019043e+00
6.434462070465087891e-01;-1.999308168888092041e-02;-9.544126391410827637e-01
6.434462070465087891e-01;-1.999308168888092041e-02;-9.544126391410827637e-01
-3.589674830436706543e-01;2.836072444915771484e-01;-6.444207429885864258e-01
-3.589674830436706543e-01;2.836072444915771484e-01;-6.444207429885864258e-01
-1.038676360622048378e-03;2.985209524631500244e-01;-4.558689296245574951e-01
-1.038676360622048378e-03;2.985209524631500244e-01;-4.558689296245574951e-01
2.109489142894744873e-01;3.698936700820922852e-01;-3.365593552589416504e-01
2.109489142894744873e-01;3.698936700820922852e-01;-3.365593552589416504e-01
-3.227484822273254395e-01;1.376660317182540894e-01;-2.364245057106018066e-01
-3.227484822273254395e-01;1.376660317182540894e-01;-2.364245057106018066e-01
-3.099653124809265137e-01;1.749502867460250854e-01;-3.248414397239685059e-01
-1.246093362569808960e-01;1.057081073522567749e-01;-3.972794115543365479e-01
-1.246093362569808960e-01;1.057081073522567749e-01;-3.972794115543365479e-01
2.141447067260742188e-01;1.409537531435489655e-02;-3.930183351039886475e-01
2.141447067260742188e-01;1.409537531435489655e-02;-3.930183351039886475e-01
1.365695476531982422e+00;-3.821829557418823242e-01;-2.247066050767898560e-01
1.365695476531982422e+00;-3.821829557418823242e-01;-2.247066050767898560e-01
4.857871234416961670e-01;-1.531511247158050537e-01;-2.268371284008026123e-01
4.857871234416961670e-01;-1.531511247158050537e-01;-2.268371284008026123e-01
-4.867991805076599121e-01;-6.250632405281066895e-01;-3.642562031745910645e-01
-1.214135438203811646e-01;-2.692649364471435547e-01;-3.674519956111907959e-01
-1.214135438203811646e-01;-2.692649364471435547e-01;-3.674519956111907959e-01
-6.327404379844665527e-01;-1.179974004626274109e-01;-2.385550439357757568e-01
-6.327404379844665527e-01;-1.179974004626274109e-01;-2.385550439357757568e-01
-3.832292556762695312e-02;-1.424984782934188843e-01;-2.726435065269470215e-01
-3.832292556762695312e-02;-1.424984782934188843e-01;-2.726435065269470215e-01
-1.810683459043502808e-01;-2.596775591373443604e-01;-1.618560105562210083e-01
-1.810683459043502808e-01;-2.596775591373443604e-01;-1.618560105562210083e-01
-1.086303666234016418e-01;-3.097449839115142822e-01;-1.160496398806571960e-01
-1.086303666234016418e-01;-3.097449839115142822e-01;-1.160496398806571960e-01
4.900481700897216797e-01;2.090387493371963501e-01;6.611055880784988403e-02
4.900481700897216797e-01;2.090387493371963501e-01;6.611055880784988403e-02
3.941743969917297363e-01;3.464578390121459961e-01;1.715717166662216187e-01
3.941743969917297363e-01;3.464578390121459961e-01;1.715717166662216187e-01
3.304978087544441223e-02;2.473882585763931274e-01;1.710840128362178802e-02
-4.045345261693000793e-02;2.825419902801513672e-01;1.033948138356208801e-01
-4.045345261693000793e-02;2.825419902801513672e-01;1.033948138356208801e-01
-2.119610160589218140e-01;5.244489386677742004e-02;-5.319904163479804993e-02
-2.119610160589218140e-01;5.244489386677742004e-02;-5.319904163479804993e-02
-1.938515305519104004e-01;4.179225116968154907e-02;-1.192454323172569275e-01
-1.938515305519104004e-01;4.179225116968154907e-02;-1.192454323172569275e-01
-1.597630679607391357e-01;-1.371721476316452026e-01;-1.469423025846481323e-01
-1.597630679607391357e-01;-1.371721476316452026e-01;-1.469423025846481323e-01
1.438372582197189331e-01;-2.564817667007446289e-01;-1.650518029928207397e-01
1.438372582197189331e-01;-2.564817667007446289e-01;-1.650518029928207397e-01
1.438372582197189331e-01;-2.564817667007446289e-01;-1.650518029928207397e-01
4.378502368927001953e-01;2.441924661397933960e-01;-7.876538485288619995e-02
4.378502368927001953e-01;2.441924661397933960e-01;-7.876538485288619995e-02
-4.878644645214080811e-01;-2.266543507575988770e-01;2.563051693141460419e-02
-4.878644645214080811e-01;-2.266543507575988770e-01;2.563051693141460419e-02
-3.152916431427001953e-01;-1.307805627584457397e-01;-8.409170806407928467e-02
-3.152916431427001953e-01;-1.307805627584457397e-01;-8.409170806407928467e-02
-3.312706053256988525e-01;-1.584774404764175415e-01;-8.835276216268539429e-02
-3.312706053256988525e-01;-1.584774404764175415e-01;-8.835276216268539429e-02
-6.364997942000627518e-03;-1.659342944622039795e-01;-1.309633404016494751e-01
-6.364997942000627518e-03;-1.659342944622039795e-01;-1.309633404016494751e-01
1.012267023324966431e-01;-1.829785257577896118e-01;-4.893798381090164185e-02
1.012267023324966431e-01;-1.829785257577896118e-01;-4.893798381090164185e-02
-1.246093362569808960e-01;-4.759262204170227051e-01;6.078423932194709778e-02
2.269278764724731445e-01;1.653629094362258911e-01;2.184433490037918091e-01
2.269278764724731445e-01;1.653629094362258911e-01;2.184433490037918091e-01
5.390503406524658203e-01;1.092142820358276367e+00;9.061164408922195435e-02
5.390503406524658203e-01;1.092142820358276367e+00;9.061164408922195435e-02
-2.130262851715087891e-01;3.571105003356933594e-01;1.875506788492202759e-01
-2.130262851715087891e-01;3.571105003356933594e-01;1.875506788492202759e-01
-1.405883133411407471e-01;4.433968961238861084e-01;2.344223111867904663e-01
-1.405883133411407471e-01;4.433968961238861084e-01;2.344223111867904663e-01
-5.752161741256713867e-01;9.825126081705093384e-02;8.954637497663497925e-02
-2.247441858053207397e-01;5.564068630337715149e-02;3.628316149115562439e-02
-2.247441858053207397e-01;5.564068630337715149e-02;3.628316149115562439e-02
-4.228833317756652832e-01;-2.458291202783584595e-01;-5.746009945869445801e-02
-4.228833317756652832e-01;-2.458291202783584595e-01;-5.746009945869445801e-02
2.184057682752609253e-01;-4.482293426990509033e-01;-8.302643895149230957e-02
2.184057682752609253e-01;-4.482293426990509033e-01;-8.302643895149230957e-02
8.074969053268432617e-01;-3.555513322353363037e-01;-3.615481406450271606e-02
8.074969053268432617e-01;-3.555513322353363037e-01;-3.615481406450271606e-02
7.339936494827270508e-01;-1.786255463957786560e-02;-5.213377624750137329e-02
7.339936494827270508e-01;-1.786255463957786560e-02;-5.213377624750137329e-02
-2.002431154251098633e-01;-1.552816480398178101e-01;1.140474528074264526e-01
-2.002431154251098633e-01;-1.552816480398178101e-01;1.140474528074264526e-01
-5.110609531402587891e-02;4.507996607571840286e-03;-1.378426328301429749e-02
9.163931757211685181e-02;1.099691689014434814e-01;1.284734439104795456e-02
9.163931757211685181e-02;1.099691689014434814e-01;1.284734439104795456e-02
2.386457920074462891e-01;-1.318458318710327148e-01;6.504529714584350586e-02
2.386457920074462891e-01;-1.318458318710327148e-01;6.504529714584350586e-02
-9.265140444040298462e-02;-4.695346355438232422e-01;4.800106957554817200e-02
-9.265140444040298462e-02;-4.695346355438232422e-01;4.800106957554817200e-02
-4.186222851276397705e-01;-3.438334465026855469e-01;-2.550216950476169586e-02
-4.186222851276397705e-01;-3.438334465026855469e-01;-2.550216950476169586e-02
2.269278764724731445e-01;3.656325936317443848e-01;6.417307304218411446e-05
2.269278764724731445e-01;3.656325936317443848e-01;6.417307304218411446e-05
1.387502439320087433e-02;3.176957070827484131e-01;5.119686201214790344e-02
2.985398843884468079e-02;6.990603208541870117e-01;1.950075328350067139e-01
2.985398843884468079e-02;6.990603208541870117e-01;1.950075328350067139e-01
-5.539108514785766602e-01;5.946644544601440430e-01;6.717582792043685913e-02
-5.539108514785766602e-01;5.946644544601440430e-01;6.717582792043685913e-02
-7.190268635749816895e-01;1.898639947175979614e-01;1.497787330299615860e-02
-7.190268635749816895e-01;1.898639947175979614e-01;1.497787330299615860e-02
-1.895904690027236938e-01;-3.768566250801086426e-01;3.095683827996253967e-02
-1.895904690027236938e-01;-3.768566250801086426e-01;3.095683827996253967e-02
5.113534927368164062e-01;-1.584774404764175415e-01;-2.066355664283037186e-03
5.113534927368164062e-01;-1.584774404764175415e-01;-2.066355664283037186e-03
9.086970090866088867e-01;-1.446290016174316406e-01;3.841368854045867920e-02
-2.577673792839050293e-01;-2.884396910667419434e-01;7.521023042500019073e-03
-2.577673792839050293e-01;-2.884396910667419434e-01;7.521023042500019073e-03
-1.299356520175933838e-01;-1.147096790373325348e-02;-1.341591328382492065e-01
-1.299356520175933838e-01;-1.147096790373325348e-02;-1.341591328382492065e-01
1.033572256565093994e-01;1.419270932674407959e-01;-8.835276216268539429e-02
1.033572256565093994e-01;1.419270932674407959e-01;-8.835276216268539429e-02
1.992310136556625366e-01;-9.340438991785049438e-03;-2.337164059281349182e-02
1.992310136556625366e-01;-9.340438991785049438e-03;-2.337164059281349182e-02
-2.630937099456787109e-01;-3.385071158409118652e-01;1.497787330299615860e-02
-2.630937099456787109e-01;-3.385071158409118652e-01;1.497787330299615860e-02
-4.559065401554107666e-01;-2.692649364471435547e-01;8.586287498474121094e-03
-4.559065401554107666e-01;-2.692649364471435547e-01;8.586287498474121094e-03
2.152099758386611938e-01;3.880031406879425049e-01;4.800106957554817200e-02
1.091852202080190182e-03;9.612073004245758057e-02;5.119686201214790344e-02
1.091852202080190182e-03;9.612073004245758057e-02;5.119686201214790344e-02
-1.595237664878368378e-02;6.063823103904724121e-01;1.609190702438354492e-01
-1.595237664878368378e-02;6.063823103904724121e-01;1.609190702438354492e-01
-5.507150292396545410e-01;5.754896998405456543e-01;5.652318149805068970e-02
-5.507150292396545410e-01;5.754896998405456543e-01;5.652318149805068970e-02
-7.328752875328063965e-01;3.475230932235717773e-01;5.971897393465042114e-02
-7.328752875328063965e-01;3.475230932235717773e-01;5.971897393465042114e-02
-1.736115068197250366e-01;-1.968269497156143188e-01;1.129821911454200745e-01
-1.736115068197250366e-01;-1.968269497156143188e-01;1.129821911454200745e-01
4.303933680057525635e-01;-2.531940490007400513e-02;4.374001175165176392e-02
8.181495666503906250e-01;-3.597204387187957764e-02;1.470706462860107422e-01
8.181495666503906250e-01;-3.597204387187957764e-02;1.470706462860107422e-01
-1.746767610311508179e-01;-1.648690253496170044e-01;-9.367908537387847900e-02
-1.746767610311508179e-01;-1.648690253496170044e-01;-9.367908537387847900e-02
2.013615369796752930e-01;5.137962847948074341e-02;-2.449466288089752197e-01
2.013615369796752930e-01;5.137962847948074341e-02;-2.449466288089752197e-01
4.857871234416961670e-01;2.239524424076080322e-01;-1.117885783314704895e-01
4.857871234416961670e-01;2.239524424076080322e-01;-1.117885783314704895e-01
2.748647630214691162e-01;2.676282823085784912e-01;-3.615481406450271606e-02
2.748647630214691162e-01;2.676282823085784912e-01;-3.615481406450271606e-02
8.205194026231765747e-02;7.703789509832859039e-03;8.954637497663497925e-02
-1.704157143831253052e-01;3.433539718389511108e-02;1.523969620466232300e-01
-1.704157143831253052e-01;3.433539718389511108e-02;1.523969620466232300e-01
1.129446104168891907e-01;2.058429569005966187e-01;1.497787330299615860e-02
1.129446104168891907e-01;2.058429569005966187e-01;1.497787330299615860e-02
1.174449548125267029e-02;1.312744468450546265e-01;1.577232778072357178e-01
1.174449548125267029e-02;1.312744468450546265e-01;1.577232778072357178e-01
-5.856294557452201843e-02;2.367356121540069580e-01;1.779633015394210815e-01
-5.856294557452201843e-02;2.367356121540069580e-01;1.779633015394210815e-01
-2.748116254806518555e-01;3.198262453079223633e-01;1.460053771734237671e-01
-2.748116254806518555e-01;3.198262453079223633e-01;1.460053771734237671e-01
-2.577673792839050293e-01;3.880031406879425049e-01;1.204390376806259155e-01
-2.577673792839050293e-01;3.880031406879425049e-01;1.204390376806259155e-01
-4.143612086772918701e-01;2.505840659141540527e-01;3.415263071656227112e-02
-1.331314444541931152e-01;3.753119334578514099e-02;-3.189375624060630798e-02
-1.331314444541931152e-01;3.753119334578514099e-02;-3.189375624060630798e-02
-1.331314444541931152e-01;3.753119334578514099e-02;-3.189375624060630798e-02
-1.331314444541931152e-01;3.753119334578514099e-02;-3.189375624060630798e-02
6.977747082710266113e-01;-2.724607288837432861e-01;8.954637497663497925e-02
6.977747082710266113e-01;-2.724607288837432861e-01;8.954637497663497925e-02
-3.323358595371246338e-01;-4.919051826000213623e-01;-1.757044494152069092e-01
-3.323358595371246338e-01;-4.919051826000213623e-01;-1.757044494152069092e-01
-1.533714830875396729e-01;-2.160017192363739014e-01;-9.687487781047821045e-02
-8.306402713060379028e-02;-5.727733299136161804e-02;-1.181801632046699524e-01
-8.306402713060379028e-02;-5.727733299136161804e-02;-1.181801632046699524e-01
-1.863946765661239624e-01;-5.301627516746520996e-02;-1.107233166694641113e-01
-1.863946765661239624e-01;-5.301627516746520996e-02;-1.107233166694641113e-01
1.725994050502777100e-01;-1.424984782934188843e-01;4.587053880095481873e-02
1.725994050502777100e-01;-1.424984782934188843e-01;4.587053880095481873e-02
4.796348512172698975e-02;-2.181322425603866577e-01;2.024643868207931519e-01
4.796348512172698975e-02;-2.181322425603866577e-01;2.024643868207931519e-01
4.796348512172698975e-02;-2.181322425603866577e-01;2.024643868207931519e-01
4.796348512172698975e-02;-2.181322425603866577e-01;2.024643868207931519e-01
-8.945561200380325317e-02;2.368275448679924011e-02;5.902206301689147949e-01
-2.801379263401031494e-01;4.924910143017768860e-02;1.025913715362548828e+00
-2.801379263401031494e-01;4.924910143017768860e-02;1.025913715362548828e+00
2.471679002046585083e-01;1.355355083942413330e-01;1.347623586654663086e+00
2.471679002046585083e-01;1.355355083942413330e-01;1.347623586654663086e+00
-2.162220776081085205e-01;1.824071407318115234e-01;1.489303708076477051e+00
-2.162220776081085205e-01;1.824071407318115234e-01;1.489303708076477051e+00
-1.278051286935806274e-01;1.238176003098487854e-01;1.695964932441711426e+00
-1.278051286935806274e-01;1.238176003098487854e-01;1.695964932441711426e+00
-1.320661902427673340e-01;-3.384151682257652283e-02;1.934584140777587891e+00
-1.320661902427673340e-01;-3.384151682257652283e-02;1.934584140777587891e+00
-1.341967135667800903e-01;-1.957616955041885376e-01;2.149767637252807617e+00
-1.341967135667800903e-01;-1.957616955041885376e-01;2.149767637252807617e+00
3.973701894283294678e-01;-5.334504842758178711e-01;2.241380214691162109e+00
3.973701894283294678e-01;-5.334504842758178711e-01;2.241380214691162109e+00
1.704688668251037598e-01;-3.619429171085357666e-01;2.383060455322265625e+00
-2.929210960865020752e-01;-2.990923225879669189e-01;2.224336147308349609e+00
-2.929210960865020752e-01;-2.990923225879669189e-01;2.224336147308349609e+00
8.098667860031127930e-02;-2.425413951277732849e-02;2.386256217956542969e+00
8.098667860031127930e-02;-2.425413951277732849e-02;2.386256217956542969e+00
-2.076999545097351074e-01;-1.435637474060058594e-01;2.506631135940551758e+00
-2.076999545097351074e-01;-1.435637474060058594e-01;2.506631135940551758e+00
-1.275658421218395233e-02;-1.052142232656478882e-01;2.617418527603149414e+00
-1.275658421218395233e-02;-1.052142232656478882e-01;2.617418527603149414e+00
2.026660926640033722e-02;-1.158668696880340576e-01;3.006240129470825195e+00
2.026660926640033722e-02;-1.158668696880340576e-01;3.006240129470825195e+00
2.482331693172454834e-01;2.377468161284923553e-03;3.398257255554199219e+00
-9.904298931360244751e-02;7.268491387367248535e-02;3.522893190383911133e+00
-9.904298931360244751e-02;7.268491387367248535e-02;3.522893190383911133e+00
3.600859344005584717e-01;1.227523386478424072e-01;3.658181905746459961e+00
3.600859344005584717e-01;1.227523386478424072e-01;3.658181905746459961e+00
1.779257208108901978e-01;2.186261266469955444e-01;3.437672138214111328e+00
1.779257208108901978e-01;2.186261266469955444e-01;3.437672138214111328e+00
1.651425510644912720e-01;1.259481310844421387e-01;3.291730880737304688e+00
1.651425510644912720e-01;1.259481310844421387e-01;3.291730880737304688e+00
-3.169205039739608765e-03;-9.340438991785049438e-03;3.204379320144653320e+00
-3.169205039739608765e-03;-9.340438991785049438e-03;3.204379320144653320e+00
3.334543406963348389e-01;-3.384151682257652283e-02;3.143659114837646484e+00
3.334543406963348389e-01;-3.384151682257652283e-02;3.143659114837646484e+00
4.602207839488983154e-01;-2.980270683765411377e-01;3.413171052932739258e+00
4.602207839488983154e-01;-2.980270683765411377e-01;3.413171052932739258e+00
-7.880296558141708374e-02;-3.864440023899078369e-01;3.626223802566528320e+00
-7.880296558141708374e-02;-3.864440023899078369e-01;3.626223802566528320e+00
-2.939863502979278564e-01;-5.323852300643920898e-01;3.754055738449096680e+00
-2.939863502979278564e-01;-5.323852300643920898e-01;3.754055738449096680e+00
-9.371666610240936279e-02;-4.215977191925048828e-01;3.384408950805664062e+00
-9.371666610240936279e-02;-4.215977191925048828e-01;3.384408950805664062e+00
-2.918558120727539062e-01;-1.968269497156143188e-01;2.917823076248168945e+00
-1.062605530023574829e-02;1.120996922254562378e-01;2.781469345092773438e+00
-1.062605530023574829e-02;1.120996922254562378e-01;2.781469345092773438e+00
-2.854642271995544434e-01;-5.195100978016853333e-02;2.707966089248657227e+00
-2.854642271995544434e-01;-5.195100978016853333e-02;2.707966089248657227e+00
-1.278051286935806274e-01;-1.040570344775915146e-02;2.896517753601074219e+00
-1.278051286935806274e-01;-1.040570344775915146e-02;2.896517753601074219e+00
2.450373768806457520e-01;6.948912143707275391e-02;3.334341526031494141e+00
2.450373768806457520e-01;6.948912143707275391e-02;3.334341526031494141e+00
4.868523776531219482e-01;1.642976403236389160e-01;3.605983972549438477e+00
4.868523776531219482e-01;1.642976403236389160e-01;3.605983972549438477e+00
1.853825747966766357e-01;2.900907583534717560e-02;3.686944007873535156e+00
1.853825747966766357e-01;2.900907583534717560e-02;3.686944007873535156e+00
-3.014431893825531006e-01;3.741547167301177979e-01;3.401453018188476562e+00
-5.536715313792228699e-02;2.356703579425811768e-01;3.327950000762939453e+00
-5.536715313792228699e-02;2.356703579425811768e-01;3.327950000762939453e+00
-1.038676360622048378e-03;1.856029331684112549e-01;3.084004402160644531e+00
-1.038676360622048378e-03;1.856029331684112549e-01;3.084004402160644531e+00
-3.938819095492362976e-02;-4.982048273086547852e-02;3.060568571090698242e+00
-3.938819095492362976e-02;-4.982048273086547852e-02;3.060568571090698242e+00
9.909617155790328979e-02;-1.829785257577896118e-01;2.869886159896850586e+00
9.909617155790328979e-02;-1.829785257577896118e-01;2.869886159896850586e+00
3.494333028793334961e-01;-4.535556435585021973e-01;2.868820905685424805e+00
3.494333028793334961e-01;-4.535556435585021973e-01;2.868820905685424805e+00
1.512941122055053711e-01;-4.567514359951019287e-01;2.709031343460083008e+00
1.619467586278915405e-01;-4.759262204170227051e-01;2.549241781234741211e+00
1.619467586278915405e-01;-4.759262204170227051e-01;2.549241781234741211e+00
3.185406327247619629e-01;-1.946964263916015625e-01;2.013413667678833008e+00
3.185406327247619629e-01;-1.946964263916015625e-01;2.013413667678833008e+00
-5.176918506622314453e-01;-2.852438986301422119e-01;1.371059298515319824e+00
-5.176918506622314453e-01;-2.852438986301422119e-01;1.371059298515319824e+00
-2.790726721286773682e-01;-6.047312542796134949e-02;1.219791769981384277e+00
-2.790726721286773682e-01;-6.047312542796134949e-02;1.219791769981384277e+00
-5.230181813240051270e-01;-5.195100978016853333e-02;1.079176902770996094e+00
-5.230181813240051270e-01;-5.195100978016853333e-02;1.079176902770996094e+00
-1.927862614393234253e-01;-1.573202572762966156e-02;1.137766480445861816e+00
1.299888342618942261e-01;-1.147096790373325348e-02;1.183572888374328613e+00
1.299888342618942261e-01;-1.147096790373325348e-02;1.183572888374328613e+00
-7.667244225740432739e-02;-5.834259465336799622e-02;1.128179073333740234e+00
-7.667244225740432739e-02;-5.834259465336799622e-02;1.128179073333740234e+00
2.559293061494827271e-02;9.834318421781063080e-03;9.321704506874084473e-01
2.559293061494827271e-02;9.834318421781063080e-03;9.321704506874084473e-01
1.896436363458633423e-01;1.835643313825130463e-02;8.096650838851928711e-01
1.896436363458633423e-01;1.835643313825130463e-02;8.096650838851928711e-01
1.917741596698760986e-01;1.099691689014434814e-01;8.000776767730712891e-01
1.917741596698760986e-01;1.099691689014434814e-01;8.000776767730712891e-01
2.801911234855651855e-01;2.804114520549774170e-01;8.576019406318664551e-01
2.801911234855651855e-01;2.804114520549774170e-01;8.576019406318664551e-01
-2.343315631151199341e-01;1.227523386478424072e-01;8.235135078430175781e-01
-4.037085771560668945e-01;3.433539718389511108e-02;9.726505279541015625e-01
-4.037085771560668945e-01;3.433539718389511108e-02;9.726505279541015625e-01
-1.565672755241394043e-01;-4.768995195627212524e-02;1.097286462783813477e+00
-1.565672755241394043e-01;-4.768995195627212524e-02;1.097286462783813477e+00
-2.234396338462829590e-02;-4.768995195627212524e-02;1.212334990501403809e+00
-2.234396338462829590e-02;-4.768995195627212524e-02;1.212334990501403809e+00
5.861612781882286072e-02;-3.384151682257652283e-02;1.253880262374877930e+00
5.861612781882286072e-02;-3.384151682257652283e-02;1.253880262374877930e+00
4.485028684139251709e-01;2.111692726612091064e-01;1.296490907669067383e+00
4.485028684139251709e-01;2.111692726612091064e-01;1.296490907669067383e+00
-2.127869799733161926e-02;-1.190626621246337891e-01;1.079176902770996094e+00
-2.127869799733161926e-02;-1.190626621246337891e-01;1.079176902770996094e+00
-5.749768391251564026e-02;7.907649874687194824e-02;1.119656920433044434e+00
