9.746794700622558594e+00;-2.214636504650115967e-01;-5.650315880775451660e-01
9.746794700622558594e+00;-2.214636504650115967e-01;-5.650315880775451660e-01
9.775525093078613281e+00;-1.891419291496276855e-01;-4.405331015586853027e-01
9.775525093078613281e+00;-1.891419291496276855e-01;-4.405331015586853027e-01
9.733627319335937500e+00;-1.041477769613265991e-01;-1.604115068912506104e-01
9.733627319335937500e+00;-1.041477769613265991e-01;-1.604115068912506104e-01
9.786299705505371094e+00;-1.328781992197036743e-01;-3.878606855869293213e-01
9.786299705505371094e+00;-1.328781992197036743e-01;-3.878606855869293213e-01
9.889249801635742188e+00;-2.130839526653289795e-01;-2.753331959247589111e-01
9.889249801635742188e+00;-2.130839526653289795e-01;-2.753331959247589111e-01
9.685743331909179688e+00;-6.943184882402420044e-02;-1.735796183347702026e-01
9.685743331909179688e+00;-6.943184882402420044e-02;-1.735796183347702026e-01
9.789890289306640625e+00;1.077390741556882858e-02;-5.770025849342346191e-01
9.822212219238281250e+00;3.830722719430923462e-02;-3.782838582992553711e-01
9.822212219238281250e+00;3.830722719430923462e-02;-3.782838582992553711e-01
9.815030097961425781e+00;-4.668693244457244873e-02;3.711012750864028931e-02
9.815030097961425781e+00;-4.668693244457244873e-02;3.711012750864028931e-02
9.876082420349121094e+00;-9.457096457481384277e-02;-3.052607178688049316e-01
9.876082420349121094e+00;-9.457096457481384277e-02;-3.052607178688049316e-01
9.862914085388183594e+00;-1.065419763326644897e-01;-3.040636181831359863e-01
9.862914085388183594e+00;-1.065419763326644897e-01;-3.040636181831359863e-01
9.810241699218750000e+00;-2.310404628515243530e-01;-4.082113802433013916e-01
9.810241699218750000e+00;-2.310404628515243530e-01;-4.082113802433013916e-01
9.865307807922363281e+00;-1.843535304069519043e-01;-6.943184882402420044e-02
9.956287384033203125e+00;2.992752194404602051e-02;-7.912836670875549316e-01
9.956287384033203125e+00;2.992752194404602051e-02;-7.912836670875549316e-01
9.813833236694335938e+00;-1.436520963907241821e-01;-6.308721303939819336e-01
9.813833236694335938e+00;-1.436520963907241821e-01;-6.308721303939819336e-01
9.870096206665039062e+00;-2.477998733520507812e-01;-5.674257874488830566e-01
9.870096206665039062e+00;-2.477998733520507812e-01;-5.674257874488830566e-01
1.003649330139160156e+01;-3.471592441201210022e-02;-8.535329103469848633e-01
1.003649330139160156e+01;-3.471592441201210022e-02;-8.535329103469848633e-01
9.721655845642089844e+00;-2.633621916174888611e-02;5.147533491253852844e-02
9.728838920593261719e+00;-1.412578970193862915e-01;1.316810995340347290e-01
9.728838920593261719e+00;-1.412578970193862915e-01;1.316810995340347290e-01
9.840168952941894531e+00;-5.027823522686958313e-02;-3.914519846439361572e-01
9.840168952941894531e+00;-5.027823522686958313e-02;-3.914519846439361572e-01
9.806650161743164062e+00;1.005564704537391663e-01;-4.908113554120063782e-02
9.806650161743164062e+00;1.005564704537391663e-01;-4.908113554120063782e-02
9.967061996459960938e+00;1.556231081485748291e-02;-2.322375625371932983e-01
9.967061996459960938e+00;1.556231081485748291e-02;-2.322375625371932983e-01
9.841365814208984375e+00;1.173158809542655945e-01;-3.208230137825012207e-01
9.841365814208984375e+00;1.173158809542655945e-01;-3.208230137825012207e-01
9.691728591918945312e+00;-4.668693244457244873e-02;-2.956839203834533691e-01
9.691728591918945312e+00;-4.668693244457244873e-02;-2.956839203834533691e-01
9.776722908020019531e+00;-1.197100849822163582e-03;-4.297592043876647949e-01
9.776722908020019531e+00;-1.197100849822163582e-03;-4.297592043876647949e-01
9.860519409179687500e+00;-1.843535304069519043e-01;-4.680664241313934326e-01
9.860519409179687500e+00;-1.843535304069519043e-01;-4.680664241313934326e-01
9.715670585632324219e+00;-1.975216418504714966e-01;-2.561795711517333984e-01
9.715670585632324219e+00;-1.975216418504714966e-01;-2.561795711517333984e-01
9.698910713195800781e+00;-2.023100405931472778e-01;-4.991910457611083984e-01
9.698910713195800781e+00;-2.023100405931472778e-01;-4.991910457611083984e-01
9.819818496704101562e+00;-1.017535701394081116e-01;-7.948749661445617676e-01
9.819818496704101562e+00;-1.017535701394081116e-01;-7.948749661445617676e-01
9.810241699218750000e+00;-4.070143029093742371e-02;-6.093243360519409180e-01
9.698910713195800781e+00;4.189852997660636902e-02;-9.900023937225341797e-01
9.698910713195800781e+00;4.189852997660636902e-02;-9.900023937225341797e-01
9.877279281616210938e+00;-8.978256583213806152e-02;-4.920084476470947266e-01
9.877279281616210938e+00;-8.978256583213806152e-02;-4.920084476470947266e-01
9.776722908020019531e+00;-8.020575344562530518e-02;-3.052607178688049316e-01
9.776722908020019531e+00;-8.020575344562530518e-02;-3.052607178688049316e-01
9.696516990661621094e+00;-6.224924325942993164e-02;-2.274491637945175171e-02
9.696516990661621094e+00;-6.224924325942993164e-02;-2.274491637945175171e-02
9.878476142883300781e+00;-8.379705995321273804e-02;-3.435679376125335693e-01
9.878476142883300781e+00;-8.379705995321273804e-02;-3.435679376125335693e-01
9.804255485534667969e+00;-5.386953800916671753e-02;-1.328781992197036743e-01
9.746794700622558594e+00;-2.501940727233886719e-01;-1.484405100345611572e-01
9.746794700622558594e+00;-2.501940727233886719e-01;-1.484405100345611572e-01
9.911994934082031250e+00;-1.244984865188598633e-01;-2.370259612798690796e-01
9.911994934082031250e+00;-1.244984865188598633e-01;-2.370259612798690796e-01
9.897629737854003906e+00;4.788403399288654327e-03;-2.885012924671173096e-01
9.897629737854003906e+00;4.788403399288654327e-03;-2.885012924671173096e-01
9.916783332824707031e+00;-3.112462162971496582e-02;-7.182604819536209106e-02
9.916783332824707031e+00;-3.112462162971496582e-02;-7.182604819536209106e-02
9.688137054443359375e+00;-7.422025501728057861e-02;3.268085420131683350e-01
9.688137054443359375e+00;-7.422025501728057861e-02;3.268085420131683350e-01
9.730035781860351562e+00;-9.097966551780700684e-02;-1.077390760183334351e-01
9.634267807006835938e+00;-5.147533491253852844e-02;-7.182605266571044922e-01
9.634267807006835938e+00;-5.147533491253852844e-02;-7.182605266571044922e-01
1.007360363006591797e+01;-1.472434103488922119e-01;-3.675099611282348633e-01
1.007360363006591797e+01;-1.472434103488922119e-01;-3.675099611282348633e-01
9.762357711791992188e+00;-1.197100849822163582e-03;-1.795651316642761230e-01
9.762357711791992188e+00;-1.197100849822163582e-03;-1.795651316642761230e-01
9.595960617065429688e+00;-5.027823522686958313e-02;-4.129997789859771729e-01
9.595960617065429688e+00;-5.027823522686958313e-02;-4.129997789859771729e-01
9.935936927795410156e+00;2.047042399644851685e-01;-9.097966551780700684e-02
9.935936927795410156e+00;2.047042399644851685e-01;-9.097966551780700684e-02
9.947908401489257812e+00;2.394201699644327164e-03;-1.041477769613265991e-01
9.834183692932128906e+00;1.101332753896713257e-01;-2.214636504650115967e-01
9.834183692932128906e+00;1.101332753896713257e-01;-2.214636504650115967e-01
9.885659217834472656e+00;-3.591302409768104553e-02;-1.879448294639587402e-01
9.885659217834472656e+00;-3.591302409768104553e-02;-1.879448294639587402e-01
9.807847023010253906e+00;-3.351882472634315491e-02;-2.286462634801864624e-01
9.807847023010253906e+00;-3.351882472634315491e-02;-2.286462634801864624e-01
9.862914085388183594e+00;-2.023100405931472778e-01;-2.896983921527862549e-01
9.862914085388183594e+00;-2.023100405931472778e-01;-2.896983921527862549e-01
9.771934509277343750e+00;-1.699883192777633667e-01;-4.704606235027313232e-01
9.771934509277343750e+00;-1.699883192777633667e-01;-4.704606235027313232e-01
9.751583099365234375e+00;-3.351882472634315491e-02;-2.477998733520507812e-01
9.819818496704101562e+00;-1.424549967050552368e-01;-2.753331959247589111e-01
9.819818496704101562e+00;-1.424549967050552368e-01;-2.753331959247589111e-01
9.775525093078613281e+00;-4.548983275890350342e-02;-5.410895943641662598e-01
9.775525093078613281e+00;-4.548983275890350342e-02;-5.410895943641662598e-01
9.860519409179687500e+00;-1.436521019786596298e-02;-4.525041282176971436e-01
9.860519409179687500e+00;-1.436521019786596298e-02;-4.525041282176971436e-01
9.872490882873535156e+00;-5.626374110579490662e-02;-7.266402244567871094e-01
9.872490882873535156e+00;-5.626374110579490662e-02;-7.266402244567871094e-01
9.738415718078613281e+00;0.000000000000000000e+00;-6.153098344802856445e-01
9.738415718078613281e+00;0.000000000000000000e+00;-6.153098344802856445e-01
9.573215484619140625e+00;-5.267243832349777222e-02;-6.129156351089477539e-01
9.573215484619140625e+00;-5.267243832349777222e-02;-6.129156351089477539e-01
9.685743331909179688e+00;1.101332753896713257e-01;-6.751648783683776855e-01
9.824606895446777344e+00;-5.147533491253852844e-02;-4.537012279033660889e-01
9.824606895446777344e+00;-5.147533491253852844e-02;-4.537012279033660889e-01
9.873687744140625000e+00;-9.576806798577308655e-03;-5.087678432464599609e-01
9.873687744140625000e+00;-9.576806798577308655e-03;-5.087678432464599609e-01
1.006043529510498047e+01;-1.448491960763931274e-01;-5.267243981361389160e-01
1.006043529510498047e+01;-1.448491960763931274e-01;-5.267243981361389160e-01
9.609128952026367188e+00;-1.735796183347702026e-01;1.951274424791336060e-01
9.609128952026367188e+00;-1.735796183347702026e-01;1.951274424791336060e-01
9.647436141967773438e+00;-3.758896589279174805e-01;-5.662286877632141113e-01
9.647436141967773438e+00;-3.758896589279174805e-01;-5.662286877632141113e-01
9.852140426635742188e+00;-1.592144072055816650e-01;-2.789244949817657471e-01
9.969455718994140625e+00;8.619125932455062866e-02;-4.860229492187500000e-01
9.969455718994140625e+00;8.619125932455062866e-02;-4.860229492187500000e-01
9.762357711791992188e+00;-1.915361359715461731e-02;-4.572925269603729248e-01
9.762357711791992188e+00;-1.915361359715461731e-02;-4.572925269603729248e-01
9.832986831665039062e+00;1.604115068912506104e-01;-4.525041282176971436e-01
9.832986831665039062e+00;1.604115068912506104e-01;-4.525041282176971436e-01
9.979032516479492188e+00;1.113303825259208679e-01;9.576806798577308655e-03
9.979032516479492188e+00;1.113303825259208679e-01;9.576806798577308655e-03
9.947908401489257812e+00;7.422025501728057861e-02;-2.418143749237060547e-01
9.947908401489257812e+00;7.422025501728057861e-02;-2.418143749237060547e-01
9.900024414062500000e+00;-1.568202078342437744e-01;-2.023100405931472778e-01
9.765948295593261719e+00;-3.591302549466490746e-03;-1.029506698250770569e-01
9.765948295593261719e+00;-3.591302549466490746e-03;-1.029506698250770569e-01
9.817423820495605469e+00;-1.173158809542655945e-01;-1.280897855758666992e-01
9.817423820495605469e+00;-1.173158809542655945e-01;-1.280897855758666992e-01
9.928754806518554688e+00;-2.334346622228622437e-01;2.525882720947265625e-01
9.928754806518554688e+00;-2.334346622228622437e-01;2.525882720947265625e-01
9.797073364257812500e+00;4.668693244457244873e-02;-5.590460896492004395e-01
9.797073364257812500e+00;4.668693244457244873e-02;-5.590460896492004395e-01
9.804255485534667969e+00;-2.944868206977844238e-01;1.807622313499450684e-01
9.804255485534667969e+00;-2.944868206977844238e-01;1.807622313499450684e-01
9.676166534423828125e+00;1.520318090915679932e-01;-3.950432687997817993e-02
9.676166534423828125e+00;1.520318090915679932e-01;-3.950432687997817993e-02
9.816226959228515625e+00;7.182605098932981491e-03;-4.489128291606903076e-01
9.876082420349121094e+00;-1.879448294639587402e-01;5.386953800916671753e-02
9.876082420349121094e+00;-1.879448294639587402e-01;5.386953800916671753e-02
9.805453300476074219e+00;-8.738835901021957397e-02;-4.106055796146392822e-01
9.805453300476074219e+00;-8.738835901021957397e-02;-4.106055796146392822e-01
9.722852706909179688e+00;-2.178723514080047607e-01;-6.320692300796508789e-01
9.722852706909179688e+00;-2.178723514080047607e-01;-6.320692300796508789e-01
7.608773231506347656e+00;-4.094084799289703369e-01;-3.975571870803833008e+00
7.608773231506347656e+00;-4.094084799289703369e-01;-3.975571870803833008e+00
9.676166534423828125e+00;1.268926858901977539e-01;-2.138022184371948242e+00
9.676166534423828125e+00;1.268926858901977539e-01;-2.138022184371948242e+00
1.107078838348388672e+01;-8.379705995321273804e-02;-1.420958757400512695e+00
1.073560047149658203e+01;-6.823474913835525513e-02;-1.636436820030212402e+00
1.073560047149658203e+01;-6.823474913835525513e-02;-1.636436820030212402e+00
1.045907020568847656e+01;-5.386953800916671753e-02;-1.592144131660461426e+00
1.045907020568847656e+01;-5.386953800916671753e-02;-1.592144131660461426e+00
1.008437728881835938e+01;-8.020575344562530518e-02;-1.802833914756774902e+00
1.008437728881835938e+01;-8.020575344562530518e-02;-1.802833914756774902e+00
9.829395294189453125e+00;-1.316810995340347290e-01;-1.868674397468566895e+00
9.829395294189453125e+00;-1.316810995340347290e-01;-1.868674397468566895e+00
9.761159896850585938e+00;-1.221042871475219727e-01;-1.386242747306823730e+00
9.761159896850585938e+00;-1.221042871475219727e-01;-1.386242747306823730e+00
9.576807022094726562e+00;-8.020575344562530518e-02;-1.180341482162475586e+00
9.241618156433105469e+00;-1.520318090915679932e-01;-4.453215301036834717e-01
9.241618156433105469e+00;-1.520318090915679932e-01;-4.453215301036834717e-01
9.047688484191894531e+00;-7.062894850969314575e-02;-6.596025824546813965e-01
9.047688484191894531e+00;-7.062894850969314575e-02;-6.596025824546813965e-01
8.676587104797363281e+00;-1.149216815829277039e-01;3.112462162971496582e-02
8.676587104797363281e+00;-1.149216815829277039e-01;3.112462162971496582e-02
8.536525726318359375e+00;-1.065419763326644897e-01;-4.429273307323455811e-02
8.536525726318359375e+00;-1.065419763326644897e-01;-4.429273307323455811e-02
8.316259384155273438e+00;-1.795651316642761230e-01;4.560954272747039795e-01
8.316259384155273438e+00;-1.795651316642761230e-01;4.560954272747039795e-01
7.955932140350341797e+00;-1.915361285209655762e-01;1.144428372383117676e+00
7.880515098571777344e+00;-3.112462162971496582e-02;1.981201887130737305e+00
7.880515098571777344e+00;-3.112462162971496582e-02;1.981201887130737305e+00
6.811503887176513672e+00;-5.386953800916671753e-02;1.552639842033386230e+00
6.811503887176513672e+00;-5.386953800916671753e-02;1.552639842033386230e+00
6.664260387420654297e+00;-6.584054976701736450e-02;1.725022315979003906e+00
6.664260387420654297e+00;-6.584054976701736450e-02;1.725022315979003906e+00
6.732495307922363281e+00;4.189852997660636902e-02;3.624821424484252930e+00
6.732495307922363281e+00;4.189852997660636902e-02;3.624821424484252930e+00
5.680243492126464844e+00;-1.197100849822163582e-03;3.541024208068847656e+00
5.680243492126464844e+00;-1.197100849822163582e-03;3.541024208068847656e+00
6.050147533416748047e+00;7.661445438861846924e-02;4.671087741851806641e+00
6.050147533416748047e+00;7.661445438861846924e-02;4.671087741851806641e+00
6.782773494720458984e+00;1.017535701394081116e-01;4.805162906646728516e+00
6.660669326782226562e+00;1.137245818972587585e-01;5.433640956878662109e+00
6.660669326782226562e+00;1.137245818972587585e-01;5.433640956878662109e+00
6.809109687805175781e+00;3.232172131538391113e-02;4.970362663269042969e+00
6.809109687805175781e+00;3.232172131538391113e-02;4.970362663269042969e+00
5.816712856292724609e+00;1.209071874618530273e-01;5.916072368621826172e+00
5.816712856292724609e+00;1.209071874618530273e-01;5.916072368621826172e+00
5.509057998657226562e+00;-1.436521019786596298e-02;5.291185855865478516e+00
5.509057998657226562e+00;-1.436521019786596298e-02;5.291185855865478516e+00
4.632780075073242188e+00;-2.082955539226531982e-01;5.730521678924560547e+00
4.632780075073242188e+00;-2.082955539226531982e-01;5.730521678924560547e+00
3.999513864517211914e+00;-3.160346150398254395e-01;5.946000099182128906e+00
3.999513864517211914e+00;-3.160346150398254395e-01;5.946000099182128906e+00
-2.418143749237060547e-01;-1.454477548599243164e+00;3.742496490478515625e+01
-4.647145271301269531e+00;-1.316810958087444305e-02;2.476921463012695312e+01
-4.647145271301269531e+00;-1.316810958087444305e-02;2.476921463012695312e+01
-3.635595321655273438e+00;1.168370485305786133e+00;1.872983932495117188e+01
-3.635595321655273438e+00;1.168370485305786133e+00;1.872983932495117188e+01
-3.827131509780883789e+00;3.220201432704925537e-01;1.921227073669433594e+01
-3.827131509780883789e+00;3.220201432704925537e-01;1.921227073669433594e+01
-1.702277421951293945e+00;-3.471592441201210022e-02;1.619318389892578125e+01
-1.702277421951293945e+00;-3.471592441201210022e-02;1.619318389892578125e+01
-4.788403213024139404e-02;5.051765441894531250e-01;7.654263019561767578e+00
-4.788403213024139404e-02;5.051765441894531250e-01;7.654263019561767578e+00
-2.573766708374023438e-01;-9.816227108240127563e-02;5.221754074096679688e+00
-2.573766708374023438e-01;-9.816227108240127563e-02;5.221754074096679688e+00
-4.728548228740692139e-01;-2.693476974964141846e-01;5.524620532989501953e+00
-9.756371974945068359e-01;-5.386953800916671753e-02;5.585672378540039062e+00
-9.756371974945068359e-01;-5.386953800916671753e-02;5.585672378540039062e+00
-1.150413870811462402e+00;-2.681505978107452393e-01;6.702567577362060547e+00
-1.150413870811462402e+00;-2.681505978107452393e-01;6.702567577362060547e+00
-1.397016644477844238e+00;-6.464344263076782227e-02;7.417236804962158203e+00
-1.397016644477844238e+00;-6.464344263076782227e-02;7.417236804962158203e+00
-1.434126853942871094e+00;-2.059013396501541138e-01;8.153453826904296875e+00
-1.434126853942871094e+00;-2.059013396501541138e-01;8.153453826904296875e+00
-1.333570361137390137e+00;-1.400607973337173462e-01;8.767566680908203125e+00
-1.430535554885864258e+00;-1.029506698250770569e-01;9.205705642700195312e+00
-1.430535554885864258e+00;-1.029506698250770569e-01;9.205705642700195312e+00
-1.321599364280700684e+00;-1.077390760183334351e-01;9.653421401977539062e+00
-1.321599364280700684e+00;-1.077390760183334351e-01;9.653421401977539062e+00
-1.181538581848144531e+00;-1.053448766469955444e-01;9.648633003234863281e+00
-1.181538581848144531e+00;-1.053448766469955444e-01;9.648633003234863281e+00
-1.066616892814636230e+00;-7.182604819536209106e-02;9.940725326538085938e+00
-1.066616892814636230e+00;-7.182604819536209106e-02;9.940725326538085938e+00
-1.019929885864257812e+00;-1.029506698250770569e-01;9.963470458984375000e+00
-1.019929885864257812e+00;-1.029506698250770569e-01;9.963470458984375000e+00
-8.104372620582580566e-01;-7.182605098932981491e-03;9.659406661987304688e+00
-6.979097723960876465e-01;-3.711012750864028931e-02;9.853337287902832031e+00
-6.979097723960876465e-01;-3.711012750864028931e-02;9.853337287902832031e+00
-5.614402890205383301e-01;-1.424549967050552368e-01;9.730035781860351562e+00
-5.614402890205383301e-01;-1.424549967050552368e-01;9.730035781860351562e+00
-4.896142482757568359e-01;3.591302549466490746e-03;9.548076629638671875e+00
-4.896142482757568359e-01;3.591302549466490746e-03;9.548076629638671875e+00
-2.753331959247589111e-01;-2.753331884741783142e-02;9.713275909423828125e+00
-2.753331959247589111e-01;-2.753331884741783142e-02;9.713275909423828125e+00
-1.065419763326644897e-01;-5.386953800916671753e-02;9.424775123596191406e+00
-1.065419763326644897e-01;-5.386953800916671753e-02;9.424775123596191406e+00
7.182604819536209106e-02;-9.576806426048278809e-02;9.606734275817871094e+00
7.182604819536209106e-02;-9.576806426048278809e-02;9.606734275817871094e+00
9.816227108240127563e-02;-8.858546614646911621e-02;9.671378135681152344e+00
2.633621990680694580e-01;-8.499415963888168335e-02;9.463082313537597656e+00
2.633621990680694580e-01;-8.499415963888168335e-02;9.463082313537597656e+00
3.375824391841888428e-01;7.182605098932981491e-03;9.677363395690917969e+00
3.375824391841888428e-01;7.182605098932981491e-03;9.677363395690917969e+00
4.441244006156921387e-01;0.000000000000000000e+00;9.775525093078613281e+00
4.441244006156921387e-01;0.000000000000000000e+00;9.775525093078613281e+00
4.991910457611083984e-01;-2.274491637945175171e-02;8.935160636901855469e+00
4.991910457611083984e-01;-2.274491637945175171e-02;8.935160636901855469e+00
5.434837937355041504e-01;-2.873042039573192596e-02;8.628703117370605469e+00
5.434837937355041504e-01;-2.873042039573192596e-02;8.628703117370605469e+00
7.230489253997802734e-01;-2.394201606512069702e-02;8.623914718627929688e+00
8.487445116043090820e-01;-1.173158809542655945e-01;9.325415611267089844e+00
8.487445116043090820e-01;-1.173158809542655945e-01;9.325415611267089844e+00
1.006761789321899414e+00;-1.556231081485748291e-02;9.662998199462890625e+00
1.006761789321899414e+00;-1.556231081485748291e-02;9.662998199462890625e+00
1.089361786842346191e+00;-1.436521019786596298e-02;1.031900978088378906e+01
1.089361786842346191e+00;-1.436521019786596298e-02;1.031900978088378906e+01
9.840168952941894531e-01;7.182605098932981491e-03;1.043512821197509766e+01
9.840168952941894531e-01;7.182605098932981491e-03;1.043512821197509766e+01
8.607155084609985352e-01;-8.020575344562530518e-02;1.183693313598632812e+01
8.607155084609985352e-01;-8.020575344562530518e-02;1.183693313598632812e+01
-1.587355732917785645e+00;-1.150413870811462402e+00;1.015261268615722656e+01
2.765302956104278564e-01;-5.949591398239135742e-01;1.246062278747558594e+01
2.765302956104278564e-01;-5.949591398239135742e-01;1.246062278747558594e+01
3.363853394985198975e-01;-1.221042871475219727e-01;1.460463047027587891e+01
3.363853394985198975e-01;-1.221042871475219727e-01;1.460463047027587891e+01
8.738835901021957397e-02;8.894459605216979980e-01;8.795100212097167969e+00
8.738835901021957397e-02;8.894459605216979980e-01;8.795100212097167969e+00
1.376665979623794556e-01;4.345476031303405762e-01;6.423643112182617188e+00
1.376665979623794556e-01;4.345476031303405762e-01;6.423643112182617188e+00
7.876923680305480957e-01;-3.938461840152740479e-01;5.832275390625000000e+00
7.876923680305480957e-01;-3.938461840152740479e-01;5.832275390625000000e+00
-8.020575642585754395e-01;-9.169792532920837402e-01;1.566406440734863281e+01
-3.375824391841888428e-01;1.272518157958984375e+00;1.530134296417236328e+01
-3.375824391841888428e-01;1.272518157958984375e+00;1.530134296417236328e+01
2.292448043823242188e+00;2.154781520366668701e-01;1.181179428100585938e+01
2.292448043823242188e+00;2.154781520366668701e-01;1.181179428100585938e+01
1.878251194953918457e+00;-7.374141216278076172e-01;1.567962646484375000e+01
1.878251194953918457e+00;-7.374141216278076172e-01;1.567962646484375000e+01
2.446874141693115234e+00;-1.005564704537391663e-01;9.752780914306640625e+00
2.446874141693115234e+00;-1.005564704537391663e-01;9.752780914306640625e+00
1.559822440147399902e+00;9.085995554924011230e-01;8.330624580383300781e+00
1.559822440147399902e+00;9.085995554924011230e-01;8.330624580383300781e+00
1.647210717201232910e+00;5.470750927925109863e-01;6.908469200134277344e+00
2.838326215744018555e+00;-5.985504388809204102e-02;5.462371349334716797e+00
2.838326215744018555e+00;-5.985504388809204102e-02;5.462371349334716797e+00
1.272518157958984375e+00;2.078166961669921875e+00;1.639788818359375000e+01
1.272518157958984375e+00;2.078166961669921875e+00;1.639788818359375000e+01
2.306813240051269531e+00;-2.862268209457397461e+00;8.929175376892089844e+00
2.306813240051269531e+00;-2.862268209457397461e+00;8.929175376892089844e+00
-6.464344263076782227e-02;-1.832761406898498535e+00;9.799467086791992188e+00
-6.464344263076782227e-02;-1.832761406898498535e+00;9.799467086791992188e+00
5.291185975074768066e-01;2.432508945465087891e+00;1.074517726898193359e+01
5.291185975074768066e-01;2.432508945465087891e+00;1.074517726898193359e+01
8.463503122329711914e-01;1.280897855758666992e-01;1.216374206542968750e+01
2.147598981857299805e+00;7.900865375995635986e-02;5.263652324676513672e+00
2.147598981857299805e+00;7.900865375995635986e-02;5.263652324676513672e+00
2.572569608688354492e+00;-2.035071514546871185e-02;6.344634532928466797e+00
2.572569608688354492e+00;-2.035071514546871185e-02;6.344634532928466797e+00
1.231816768646240234e+00;-7.386112213134765625e-01;5.444414615631103516e+00
1.231816768646240234e+00;-7.386112213134765625e-01;5.444414615631103516e+00
7.074866294860839844e-01;4.022258818149566650e-01;6.726509571075439453e+00
7.074866294860839844e-01;4.022258818149566650e-01;6.726509571075439453e+00
-2.250549554824829102e+00;3.855861902236938477e+00;1.699763488769531250e+01
-2.250549554824829102e+00;3.855861902236938477e+00;1.699763488769531250e+01
2.018311977386474609e+00;-1.510741233825683594e+00;1.376785659790039062e+01
2.018311977386474609e+00;-1.510741233825683594e+00;1.376785659790039062e+01
1.132457375526428223e+00;-5.722141861915588379e-01;1.209311294555664062e+01
1.777694821357727051e+00;-1.999158412218093872e-01;8.781931877136230469e+00
1.777694821357727051e+00;-1.999158412218093872e-01;8.781931877136230469e+00
9.289502501487731934e-01;-7.254431247711181641e-01;4.442441463470458984e+00
9.289502501487731934e-01;-7.254431247711181641e-01;4.442441463470458984e+00
2.924517393112182617e+00;-1.227028369903564453e+00;3.805583715438842773e+00
2.924517393112182617e+00;-1.227028369903564453e+00;3.805583715438842773e+00
8.858546614646911621e-02;1.993172883987426758e+00;1.025915431976318359e+01
8.858546614646911621e-02;1.993172883987426758e+00;1.025915431976318359e+01
-1.975216418504714966e-01;2.918531894683837891e+00;2.643198728561401367e+00
-1.975216418504714966e-01;2.918531894683837891e+00;2.643198728561401367e+00
-4.194641590118408203e+00;-1.399410843849182129e+00;3.248452758789062500e+01
-1.616086125373840332e+00;-2.975992679595947266e+00;1.455315494537353516e+01
-1.616086125373840332e+00;-2.975992679595947266e+00;1.455315494537353516e+01
-1.119289278984069824e+00;-1.091755986213684082e+00;1.335485744476318359e+01
-1.119289278984069824e+00;-1.091755986213684082e+00;1.335485744476318359e+01
3.399766385555267334e-01;2.521094322204589844e+00;9.114726066589355469e+00
3.399766385555267334e-01;2.521094322204589844e+00;9.114726066589355469e+00
1.352723956108093262e+00;-9.169792532920837402e-01;3.445256233215332031e+00
1.352723956108093262e+00;-9.169792532920837402e-01;3.445256233215332031e+00
6.488286852836608887e-01;4.429273009300231934e-01;7.885303497314453125e+00
6.488286852836608887e-01;4.429273009300231934e-01;7.885303497314453125e+00
2.069787263870239258e+00;-7.541735172271728516e-01;7.040150165557861328e+00
2.069787263870239258e+00;-7.541735172271728516e-01;7.040150165557861328e+00
-3.938461840152740479e-01;-9.828197956085205078e-01;1.646013641357421875e+01
-3.938461840152740479e-01;-9.828197956085205078e-01;1.646013641357421875e+01
8.391677141189575195e-01;2.966415882110595703e+00;6.922834396362304688e+00
8.391677141189575195e-01;2.966415882110595703e+00;6.922834396362304688e+00
-1.151610970497131348e+00;4.955997467041015625e-01;1.121204662322998047e+01
-1.151610970497131348e+00;4.955997467041015625e-01;1.121204662322998047e+01
7.673416733741760254e-01;1.103726983070373535e+00;1.416768836975097656e+01
7.673416733741760254e-01;1.103726983070373535e+00;1.416768836975097656e+01
1.958456993103027344e+00;7.781155705451965332e-01;1.010233402252197266e+01
1.945288896560668945e+00;6.895300745964050293e-01;5.474342346191406250e+00
1.945288896560668945e+00;6.895300745964050293e-01;5.474342346191406250e+00
2.175132274627685547e+00;2.992752194404602051e-01;7.522581577301025391e+00
2.175132274627685547e+00;2.992752194404602051e-01;7.522581577301025391e+00
1.868674397468566895e+00;7.350199222564697266e-01;8.493430137634277344e+00
1.868674397468566895e+00;7.350199222564697266e-01;8.493430137634277344e+00
-7.302315235137939453e-01;1.747767210006713867e+00;1.185129833221435547e+01
-7.302315235137939453e-01;1.747767210006713867e+00;1.185129833221435547e+01
-4.010287821292877197e-01;1.620874524116516113e+00;1.281257057189941406e+01
-4.010287821292877197e-01;1.620874524116516113e+00;1.281257057189941406e+01
1.017535686492919922e+00;-1.273715257644653320e+00;9.009381294250488281e+00
1.930923700332641602e+00;1.491587638854980469e+00;1.180939960479736328e+01
1.930923700332641602e+00;1.491587638854980469e+00;1.180939960479736328e+01
4.010287821292877197e-01;9.181763529777526855e-01;8.925583839416503906e+00
4.010287821292877197e-01;9.181763529777526855e-01;8.925583839416503906e+00
1.047463297843933105e+00;-6.404489278793334961e-01;6.068104267120361328e+00
1.047463297843933105e+00;-6.404489278793334961e-01;6.068104267120361328e+00
2.460042238235473633e+00;-8.523358106613159180e-01;5.300762653350830078e+00
2.460042238235473633e+00;-8.523358106613159180e-01;5.300762653350830078e+00
1.027112483978271484e+00;-2.206256866455078125e+00;1.315135002136230469e+01
1.027112483978271484e+00;-2.206256866455078125e+00;1.315135002136230469e+01
6.236895322799682617e-01;5.494692921638488770e-01;3.599682331085205078e+00
6.236895322799682617e-01;5.494692921638488770e-01;3.599682331085205078e+00
5.051765441894531250e-01;-1.537077546119689941e+00;1.723466110229492188e+01
1.219845771789550781e+00;-7.134721279144287109e-01;1.148498535156250000e+01
1.219845771789550781e+00;-7.134721279144287109e-01;1.148498535156250000e+01
8.954314589500427246e-01;-1.256955862045288086e-01;1.331056404113769531e+01
8.954314589500427246e-01;-1.256955862045288086e-01;1.331056404113769531e+01
8.858546018600463867e-01;-6.572083830833435059e-01;6.110002517700195312e+00
8.858546018600463867e-01;-6.572083830833435059e-01;6.110002517700195312e+00
7.062895298004150391e-01;-8.259996026754379272e-02;5.035006046295166016e+00
7.062895298004150391e-01;-8.259996026754379272e-02;5.035006046295166016e+00
1.638831019401550293e+00;7.182604819536209106e-02;9.975440979003906250e+00
1.638831019401550293e+00;7.182604819536209106e-02;9.975440979003906250e+00
9.026140570640563965e-01;1.227028369903564453e+00;1.223915863037109375e+01
2.663549423217773438e+00;-5.371391296386718750e+00;1.073560047149658203e+01
2.663549423217773438e+00;-5.371391296386718750e+00;1.073560047149658203e+01
2.536656618118286133e+00;-1.473631143569946289e+00;1.010831928253173828e+01
2.536656618118286133e+00;-1.473631143569946289e+00;1.010831928253173828e+01
3.471592441201210022e-02;1.580173075199127197e-01;1.394502735137939453e+01
3.471592441201210022e-02;1.580173075199127197e-01;1.394502735137939453e+01
6.117185354232788086e-01;1.434126853942871094e+00;1.661575889587402344e+01
6.117185354232788086e-01;1.434126853942871094e+00;1.661575889587402344e+01
1.699883192777633667e-01;5.937620401382446289e-01;1.034893703460693359e+01
1.699883192777633667e-01;5.937620401382446289e-01;1.034893703460693359e+01
1.709460020065307617e+00;-1.134851574897766113e+00;5.088875770568847656e+00
1.709460020065307617e+00;-1.134851574897766113e+00;5.088875770568847656e+00
3.409343242645263672e+00;-1.329979062080383301e+00;5.096058368682861328e+00
3.409343242645263672e+00;-1.329979062080383301e+00;5.096058368682861328e+00
2.677914619445800781e+00;-9.672574996948242188e-01;7.364564418792724609e+00
5.805938839912414551e-01;-1.556231081485748291e-02;3.144783973693847656e+00
5.805938839912414551e-01;-1.556231081485748291e-02;3.144783973693847656e+00
-1.114500880241394043e+00;2.489969730377197266e+00;8.081627845764160156e+00
-1.114500880241394043e+00;2.489969730377197266e+00;8.081627845764160156e+00
2.703053712844848633e+00;-2.615665435791015625e+00;1.518522453308105469e+01
2.703053712844848633e+00;-2.615665435791015625e+00;1.518522453308105469e+01
1.575384736061096191e+00;-1.747767210006713867e+00;1.635239791870117188e+01
1.575384736061096191e+00;-1.747767210006713867e+00;1.635239791870117188e+01
9.540894031524658203e-01;-5.267243981361389160e-01;9.651026725769042969e+00
7.852981686592102051e-01;-1.795651204884052277e-02;4.195838451385498047e+00
7.852981686592102051e-01;-1.795651204884052277e-02;4.195838451385498047e+00
2.583343744277954102e+00;6.500257849693298340e-01;8.663418769836425781e+00
2.583343744277954102e+00;6.500257849693298340e-01;8.663418769836425781e+00
2.036268472671508789e+00;6.967126727104187012e-01;1.187164878845214844e+01
2.036268472671508789e+00;6.967126727104187012e-01;1.187164878845214844e+01
9.624691009521484375e-01;-1.167173385620117188e+00;4.367023944854736328e+00
9.624691009521484375e-01;-1.167173385620117188e+00;4.367023944854736328e+00
-9.804255962371826172e-01;2.992752194404602051e-01;1.466568279266357422e+01
-9.804255962371826172e-01;2.992752194404602051e-01;1.466568279266357422e+01
8.702923059463500977e-01;1.071405291557312012e+00;1.442745971679687500e+01
8.702923059463500977e-01;1.071405291557312012e+00;1.442745971679687500e+01
1.988384485244750977e+00;-2.094926536083221436e-01;1.454836654663085938e+01
-1.079784989356994629e+00;1.659181833267211914e+00;6.845022678375244141e+00
-1.079784989356994629e+00;1.659181833267211914e+00;6.845022678375244141e+00
7.924807667732238770e-01;9.576806798577308655e-03;7.299921035766601562e+00
7.924807667732238770e-01;9.576806798577308655e-03;7.299921035766601562e+00
9.385270476341247559e-01;-1.053448766469955444e-01;2.883816003799438477e+00
9.385270476341247559e-01;-1.053448766469955444e-01;2.883816003799438477e+00
2.980781078338623047e+00;-3.986345827579498291e-01;6.818686485290527344e+00
2.980781078338623047e+00;-3.986345827579498291e-01;6.818686485290527344e+00
3.251325845718383789e+00;1.887827992439270020e+00;1.403002142906188965e+00
3.251325845718383789e+00;1.887827992439270020e+00;1.403002142906188965e+00
-5.609614372253417969e+00;8.295909166336059570e-01;1.736753845214843750e+01
-8.224082589149475098e-01;3.709815502166748047e+00;1.317409515380859375e+01
-8.224082589149475098e-01;3.709815502166748047e+00;1.317409515380859375e+01
5.446808934211730957e-01;-2.788047790527343750e+00;2.099355697631835938e+01
5.446808934211730957e-01;-2.788047790527343750e+00;2.099355697631835938e+01
9.576806798577308655e-03;-1.003170490264892578e+00;5.901707172393798828e+00
9.576806798577308655e-03;-1.003170490264892578e+00;5.901707172393798828e+00
2.127248287200927734e+00;3.220201253890991211e+00;3.173514366149902344e+00
2.127248287200927734e+00;3.220201253890991211e+00;3.173514366149902344e+00
6.895300745964050293e-01;-2.033874273300170898e+00;9.623494148254394531e+00
6.895300745964050293e-01;-2.033874273300170898e+00;9.623494148254394531e+00
1.576581835746765137e+00;-4.188655853271484375e+00;1.392108535766601562e+01
1.576581835746765137e+00;-4.188655853271484375e+00;1.392108535766601562e+01
-1.783680319786071777e-01;-5.477933406829833984e+00;1.393425369262695312e+01
-3.711012750864028931e-02;-1.525106430053710938e+00;1.291791534423828125e+01
-3.711012750864028931e-02;-1.525106430053710938e+00;1.291791534423828125e+01
7.326257228851318359e-01;-7.003039717674255371e-01;1.700601387023925781e+01
7.326257228851318359e-01;-7.003039717674255371e-01;1.700601387023925781e+01
-1.209071874618530273e-01;-2.238578647375106812e-01;1.019451045989990234e+01
-1.209071874618530273e-01;-2.238578647375106812e-01;1.019451045989990234e+01
7.410054206848144531e-01;2.789244949817657471e-01;1.995567083358764648e+00
7.410054206848144531e-01;2.789244949817657471e-01;1.995567083358764648e+00
1.380257248878479004e+00;-8.008604645729064941e-01;3.780444383621215820e+00
1.380257248878479004e+00;-8.008604645729064941e-01;3.780444383621215820e+00
1.977610588073730469e+00;3.591302633285522461e-01;4.405331134796142578e+00
2.037465572357177734e+00;2.633621990680694580e-01;3.878606855869293213e-01
2.037465572357177734e+00;2.633621990680694580e-01;3.878606855869293213e-01
-1.505952835083007812e+00;-1.651999115943908691e+00;1.291432380676269531e+01
-1.505952835083007812e+00;-1.651999115943908691e+00;1.291432380676269531e+01
3.974374830722808838e-01;6.943184882402420044e-02;1.319683933258056641e+01
3.974374830722808838e-01;6.943184882402420044e-02;1.319683933258056641e+01
-9.588778018951416016e-01;7.374141216278076172e-01;1.385285091400146484e+01
-9.588778018951416016e-01;7.374141216278076172e-01;1.385285091400146484e+01
-1.021126985549926758e+00;-7.565677165985107422e-01;8.799888610839843750e+00
-1.021126985549926758e+00;-7.565677165985107422e-01;8.799888610839843750e+00
2.458845138549804688e+00;1.180341482162475586e+00;8.249221801757812500e+00
2.458845138549804688e+00;1.180341482162475586e+00;8.249221801757812500e+00
-6.667851805686950684e-01;7.589619159698486328e-01;1.076193618774414062e+01
-6.667851805686950684e-01;7.589619159698486328e-01;1.076193618774414062e+01
-2.995146274566650391e+00;4.526238441467285156e+00;5.851428985595703125e+00
-7.553706169128417969e-01;9.397241473197937012e-01;1.524867057800292969e+01
-7.553706169128417969e-01;9.397241473197937012e-01;1.524867057800292969e+01
1.126471877098083496e+00;-2.183511972427368164e+00;2.256654739379882812e+01
1.126471877098083496e+00;-2.183511972427368164e+00;2.256654739379882812e+01
1.393425345420837402e+00;-1.655590534210205078e+00;2.177765846252441406e+01
1.393425345420837402e+00;-1.655590534210205078e+00;2.177765846252441406e+01
8.080430626869201660e-01;1.447294950485229492e+00;5.740098476409912109e+00
8.080430626869201660e-01;1.447294950485229492e+00;5.740098476409912109e+00
2.039859771728515625e+00;3.145981073379516602e+00;-4.791994571685791016e+00
2.039859771728515625e+00;3.145981073379516602e+00;-4.791994571685791016e+00
1.788468718528747559e+00;1.782483220100402832e+00;2.806004285812377930e+00
-1.319205164909362793e+00;1.551442742347717285e+00;9.139864921569824219e+00
-1.319205164909362793e+00;1.551442742347717285e+00;9.139864921569824219e+00
-1.077390789985656738e+00;-1.909375905990600586e+00;7.888894557952880859e+00
-1.077390789985656738e+00;-1.909375905990600586e+00;7.888894557952880859e+00
1.316810995340347290e-01;7.445967197418212891e-01;1.790743255615234375e+01
1.316810995340347290e-01;7.445967197418212891e-01;1.790743255615234375e+01
-1.538274645805358887e+00;1.819593310356140137e-01;1.251449203491210938e+01
-1.538274645805358887e+00;1.819593310356140137e-01;1.251449203491210938e+01
-2.657563984394073486e-01;-2.442085742950439453e-01;6.886921405792236328e+00
-2.657563984394073486e-01;-2.442085742950439453e-01;6.886921405792236328e+00
1.102529883384704590e+00;1.529894828796386719e+00;8.318654060363769531e+00
1.102529883384704590e+00;1.529894828796386719e+00;8.318654060363769531e+00
1.102529883384704590e+00;1.529894828796386719e+00;8.318654060363769531e+00
1.520318031311035156e+00;-6.563704013824462891e+00;1.608185195922851562e+01
1.520318031311035156e+00;-6.563704013824462891e+00;1.608185195922851562e+01
-1.811213612556457520e+00;3.678690910339355469e+00;9.597157478332519531e+00
-1.811213612556457520e+00;3.678690910339355469e+00;9.597157478332519531e+00
-8.020575344562530518e-02;-5.602431893348693848e-01;1.324472427368164062e+01
-8.020575344562530518e-02;-5.602431893348693848e-01;1.324472427368164062e+01
1.022324085235595703e+00;-1.367089152336120605e+00;1.896088027954101562e+01
1.022324085235595703e+00;-1.367089152336120605e+00;1.896088027954101562e+01
-2.693476915359497070e+00;2.638410329818725586e+00;7.503427982330322266e+00
-2.693476915359497070e+00;2.638410329818725586e+00;7.503427982330322266e+00
2.248155355453491211e+00;2.667140722274780273e+00;-3.216609954833984375e+00
3.866635859012603760e-01;1.452083349227905273e+00;4.006696701049804688e+00
3.866635859012603760e-01;1.452083349227905273e+00;4.006696701049804688e+00
-1.662773132324218750e+00;5.877765417098999023e-01;3.813963413238525391e+00
-1.662773132324218750e+00;5.877765417098999023e-01;3.813963413238525391e+00
-6.781576156616210938e+00;-2.567781209945678711e+00;1.163821411132812500e+01
-6.781576156616210938e+00;-2.567781209945678711e+00;1.163821411132812500e+01
6.715735793113708496e-01;-2.916137695312500000e+00;1.593221473693847656e+01
6.715735793113708496e-01;-2.916137695312500000e+00;1.593221473693847656e+01
-1.039083480834960938e+00;-2.594117641448974609e+00;1.576701545715332031e+01
-1.039083480834960938e+00;-2.594117641448974609e+00;1.576701545715332031e+01
-1.636436820030212402e+00;-1.516726732254028320e+00;9.393650054931640625e+00
-1.636436820030212402e+00;-1.516726732254028320e+00;9.393650054931640625e+00
-2.060210466384887695e+00;-1.328781992197036743e-01;7.943961143493652344e+00
-4.932055473327636719e-01;1.436520963907241821e-01;7.252037048339843750e+00
-4.932055473327636719e-01;1.436520963907241821e-01;7.252037048339843750e+00
5.219359993934631348e-01;-5.446808934211730957e-01;1.053568458557128906e+01
5.219359993934631348e-01;-5.446808934211730957e-01;1.053568458557128906e+01
-2.792836189270019531e+00;2.741360902786254883e+00;8.202534675598144531e+00
-2.792836189270019531e+00;2.741360902786254883e+00;8.202534675598144531e+00
1.343147158622741699e+00;-2.800018787384033203e+00;1.399410915374755859e+01
1.343147158622741699e+00;-2.800018787384033203e+00;1.399410915374755859e+01
6.643909811973571777e-01;-2.808398485183715820e+00;9.170989990234375000e+00
6.643909811973571777e-01;-2.808398485183715820e+00;9.170989990234375000e+00
-1.340752989053726196e-01;-2.187103271484375000e+00;1.473990249633789062e+01
-1.340752989053726196e-01;-2.187103271484375000e+00;1.473990249633789062e+01
-8.511387109756469727e-01;8.200140595436096191e-01;1.080862331390380859e+01
-8.032546639442443848e-01;-3.842693865299224854e-01;4.115632534027099609e+00
-8.032546639442443848e-01;-3.842693865299224854e-01;4.115632534027099609e+00
1.502361536026000977e+00;-1.010353088378906250e+00;5.942408561706542969e+00
1.502361536026000977e+00;-1.010353088378906250e+00;5.942408561706542969e+00
1.426944255828857422e+00;-7.589619159698486328e-01;6.615179061889648438e+00
1.426944255828857422e+00;-7.589619159698486328e-01;6.615179061889648438e+00
-1.122880578041076660e+00;1.148019671440124512e+00;9.526528358459472656e+00
-2.697068214416503906e+00;-1.953668594360351562e+00;7.809885978698730469e+00
-2.697068214416503906e+00;-1.953668594360351562e+00;7.809885978698730469e+00
1.537077546119689941e+00;-3.183091163635253906e+00;8.263586997985839844e+00
1.537077546119689941e+00;-3.183091163635253906e+00;8.263586997985839844e+00
7.841010689735412598e-01;-5.683835029602050781e+00;2.033275794982910156e+01
7.841010689735412598e-01;-5.683835029602050781e+00;2.033275794982910156e+01
1.545457243919372559e+00;-1.592144072055816650e-01;5.752069473266601562e+00
1.545457243919372559e+00;-1.592144072055816650e-01;5.752069473266601562e+00
6.392518281936645508e-01;-4.932055473327636719e-01;8.169015884399414062e+00
6.392518281936645508e-01;-4.932055473327636719e-01;8.169015884399414062e+00
2.012326478958129883e+00;-6.200982332229614258e-01;7.933187484741210938e+00
2.012326478958129883e+00;-6.200982332229614258e-01;7.933187484741210938e+00
3.016694068908691406e+00;-9.639056205749511719e+00;1.311783123016357422e+01
6.380547523498535156e+00;-7.152677536010742188e+00;1.086728191375732422e+01
6.380547523498535156e+00;-7.152677536010742188e+00;1.086728191375732422e+01
-2.310404628515243530e-01;-8.529343605041503906e+00;2.457169151306152344e+01
-2.310404628515243530e-01;-8.529343605041503906e+00;2.457169151306152344e+01
1.035492181777954102e+00;-5.249287128448486328e+00;1.261624622344970703e+01
1.035492181777954102e+00;-5.249287128448486328e+00;1.261624622344970703e+01
2.424129247665405273e+00;-3.584120035171508789e+00;1.387439918518066406e+01
2.424129247665405273e+00;-3.584120035171508789e+00;1.387439918518066406e+01
1.029506698250770569e-01;-2.118868529796600342e-01;8.078036308288574219e+00
1.029506698250770569e-01;-2.118868529796600342e-01;8.078036308288574219e+00
9.612720012664794922e-01;-1.343147158622741699e+00;5.080495834350585938e+00
9.612720012664794922e-01;-1.343147158622741699e+00;5.080495834350585938e+00
2.885013103485107422e+00;-2.112883090972900391e+00;7.207744121551513672e+00
3.039438962936401367e+00;-2.859874010086059570e+00;9.412803649902343750e+00
3.039438962936401367e+00;-2.859874010086059570e+00;9.412803649902343750e+00
1.539471745491027832e+00;-1.675941199064254761e-01;8.713697433471679688e+00
1.539471745491027832e+00;-1.675941199064254761e-01;8.713697433471679688e+00
-1.649604916572570801e+00;8.068459630012512207e-01;1.610100555419921875e+01
-1.649604916572570801e+00;8.068459630012512207e-01;1.610100555419921875e+01
2.206256866455078125e+00;9.612720012664794922e-01;1.289517021179199219e+01
2.206256866455078125e+00;9.612720012664794922e-01;1.289517021179199219e+01
1.137245774269104004e+00;-2.003946781158447266e+00;1.428620147705078125e+01
1.137245774269104004e+00;-2.003946781158447266e+00;1.428620147705078125e+01
1.648407816886901855e+00;2.645592987537384033e-01;6.982689380645751953e+00
1.335964560508728027e+00;-1.091755986213684082e+00;5.291185855865478516e+00
1.335964560508728027e+00;-1.091755986213684082e+00;5.291185855865478516e+00
3.125630378723144531e+00;1.284489154815673828e+00;4.390965938568115234e+00
3.125630378723144531e+00;1.284489154815673828e+00;4.390965938568115234e+00
2.548627614974975586e+00;1.149216815829277039e-01;8.518569946289062500e+00
2.548627614974975586e+00;1.149216815829277039e-01;8.518569946289062500e+00
5.051765441894531250e-01;-1.084573388099670410e+00;1.493383312225341797e+01
-1.869871497154235840e+00;2.513911724090576172e-01;2.300229263305664062e+01
-1.869871497154235840e+00;2.513911724090576172e-01;2.300229263305664062e+01
-2.106897532939910889e-01;1.315613865852355957e+00;1.737951087951660156e+01
-2.106897532939910889e-01;1.315613865852355957e+00;1.737951087951660156e+01
2.438494443893432617e+00;-1.550245642662048340e+00;1.779969215393066406e+01
2.438494443893432617e+00;-1.550245642662048340e+00;1.779969215393066406e+01
-5.518634915351867676e-01;1.447294950485229492e+00;1.070447540283203125e+01
-5.518634915351867676e-01;1.447294950485229492e+00;1.070447540283203125e+01
9.636662006378173828e-01;-3.639186620712280273e-01;3.299209833145141602e+00
9.636662006378173828e-01;-3.639186620712280273e-01;3.299209833145141602e+00
3.398569345474243164e+00;-2.090138196945190430e+00;4.507084846496582031e+00
3.758896589279174805e+00;-8.511387109756469727e-01;7.396886348724365234e+00
3.758896589279174805e+00;-8.511387109756469727e-01;7.396886348724365234e+00
7.182604819536209106e-02;-2.946065187454223633e+00;1.278024864196777344e+01
7.182604819536209106e-02;-2.946065187454223633e+00;1.278024864196777344e+01
-2.146401882171630859e+00;3.983951568603515625e+00;8.189367294311523438e+00
-2.146401882171630859e+00;3.983951568603515625e+00;8.189367294311523438e+00
1.999158382415771484e+00;1.556231081485748291e-02;1.196262836456298828e+01
1.999158382415771484e+00;1.556231081485748291e-02;1.196262836456298828e+01
1.110909581184387207e+00;5.207388401031494141e-01;1.631049919128417969e+01
1.110909581184387207e+00;5.207388401031494141e-01;1.631049919128417969e+01
8.307880163192749023e-01;7.852981686592102051e-01;7.856573104858398438e+00
8.307880163192749023e-01;7.852981686592102051e-01;7.856573104858398438e+00
9.109937548637390137e-01;-1.819593310356140137e-01;9.181763529777526855e-01
9.109937548637390137e-01;-1.819593310356140137e-01;9.181763529777526855e-01
2.649184226989746094e+00;1.233013868331909180e-01;8.160636901855468750e+00
1.649604916572570801e+00;1.353921055793762207e+00;1.248336791992187500e+01
1.649604916572570801e+00;1.353921055793762207e+00;1.248336791992187500e+01
1.115697979927062988e+00;-4.031835556030273438e+00;-1.927332431077957153e-01
1.115697979927062988e+00;-4.031835556030273438e+00;-1.927332431077957153e-01
-4.024652957916259766e+00;7.469909191131591797e-01;1.986948013305664062e+01
-4.024652957916259766e+00;7.469909191131591797e-01;1.986948013305664062e+01
3.543418645858764648e-01;1.420958757400512695e+00;1.357392692565917969e+01
3.543418645858764648e-01;1.420958757400512695e+00;1.357392692565917969e+01
1.741781711578369141e+00;-8.128314614295959473e-01;2.052549171447753906e+01
1.741781711578369141e+00;-8.128314614295959473e-01;2.052549171447753906e+01
-1.230619668960571289e+00;1.801636815071105957e+00;6.540958881378173828e+00
4.335899353027343750e+00;2.203862667083740234e+00;-6.775590896606445312e+00
4.335899353027343750e+00;2.203862667083740234e+00;-6.775590896606445312e+00
2.554613113403320312e+00;2.968810200691223145e-01;1.254561662673950195e+00
2.554613113403320312e+00;2.968810200691223145e-01;1.254561662673950195e+00
2.765302956104278564e-01;-7.757213711738586426e-01;4.894945144653320312e+00
2.765302956104278564e-01;-7.757213711738586426e-01;4.894945144653320312e+00
-3.500322818756103516e+00;-3.078943490982055664e+00;2.013523674011230469e+01
-3.500322818756103516e+00;-3.078943490982055664e+00;2.013523674011230469e+01
1.556231081485748291e-01;2.394201606512069702e-02;1.891179847717285156e+01
1.556231081485748291e-01;2.394201606512069702e-02;1.891179847717285156e+01
-6.847416758537292480e-01;-1.520318031311035156e+00;1.583884143829345703e+01
-6.847416758537292480e-01;-1.520318031311035156e+00;1.583884143829345703e+01
3.363853394985198975e-01;-5.913678407669067383e-01;5.133168220520019531e+00
3.363853394985198975e-01;-5.913678407669067383e-01;5.133168220520019531e+00
4.047398090362548828e+00;2.205059766769409180e+00;-2.227804660797119141e+00
4.047398090362548828e+00;2.205059766769409180e+00;-2.227804660797119141e+00
1.829170107841491699e+00;-2.214636504650115967e-01;1.114261436462402344e+01
1.829170107841491699e+00;-2.214636504650115967e-01;1.114261436462402344e+01
1.033097982406616211e+00;-3.393780946731567383e+00;1.604833412170410156e+01
1.033097982406616211e+00;-3.393780946731567383e+00;1.604833412170410156e+01
-3.561375141143798828e+00;2.845508813858032227e+00;1.622191429138183594e+01
-3.561375141143798828e+00;2.845508813858032227e+00;1.622191429138183594e+01
8.200140595436096191e-01;-2.075772762298583984e+00;1.404558467864990234e+01
8.200140595436096191e-01;-2.075772762298583984e+00;1.404558467864990234e+01
1.148019671440124512e+00;-9.624691009521484375e-01;1.800320053100585938e+01
-2.311601638793945312e+00;1.423352956771850586e+00;4.301183223724365234e+00
-2.311601638793945312e+00;1.423352956771850586e+00;4.301183223724365234e+00
4.985925197601318359e+00;-1.564610838890075684e+00;4.876988887786865234e+00
4.985925197601318359e+00;-1.564610838890075684e+00;4.876988887786865234e+00
2.810792684555053711e+00;-1.377863049507141113e+00;2.451662540435791016e+00
2.810792684555053711e+00;-1.377863049507141113e+00;2.451662540435791016e+00
1.522712230682373047e+00;3.532644510269165039e+00;-6.284779310226440430e-01
1.522712230682373047e+00;3.532644510269165039e+00;-6.284779310226440430e-01
-2.207453966140747070e+00;5.183446407318115234e-01;2.969887542724609375e+01
-2.207453966140747070e+00;5.183446407318115234e-01;2.969887542724609375e+01
-3.256114423274993896e-01;8.403648138046264648e-01;1.500925064086914062e+01
-3.256114423274993896e-01;8.403648138046264648e-01;1.500925064086914062e+01
-8.427590131759643555e-01;-1.302445769309997559e+00;1.798524284362792969e+01
-8.427590131759643555e-01;-1.302445769309997559e+00;1.798524284362792969e+01
4.249708056449890137e-01;-1.741781711578369141e+00;6.277596950531005859e+00
4.249708056449890137e-01;-1.741781711578369141e+00;6.277596950531005859e+00
3.487154722213745117e+00;2.206256866455078125e+00;5.941211700439453125e+00
2.656366825103759766e+00;-2.718616008758544922e+00;1.122162342071533203e+01
2.656366825103759766e+00;-2.718616008758544922e+00;1.122162342071533203e+01
-2.741360902786254883e+00;2.121262788772583008e+00;2.449268341064453125e+00
-2.741360902786254883e+00;2.121262788772583008e+00;2.449268341064453125e+00
-3.084928989410400391e+00;1.028309583663940430e+00;1.286284828186035156e+01
-3.084928989410400391e+00;1.028309583663940430e+00;1.286284828186035156e+01
-1.962048292160034180e+00;4.979939460754394531e-01;1.450407409667968750e+01
-1.962048292160034180e+00;4.979939460754394531e-01;1.450407409667968750e+01
2.789244890213012695e+00;-1.080982089042663574e+00;1.871068572998046875e+01
2.789244890213012695e+00;-1.080982089042663574e+00;1.871068572998046875e+01
-2.051830768585205078e+00;2.681505978107452393e-01;8.623914718627929688e+00
3.543418407440185547e+00;2.560598611831665039e+00;-3.367444753646850586e+00
3.543418407440185547e+00;2.560598611831665039e+00;-3.367444753646850586e+00
1.369483351707458496e+00;4.736927986145019531e+00;-1.091755986213684082e+00
1.369483351707458496e+00;4.736927986145019531e+00;-1.091755986213684082e+00
-2.642001628875732422e+00;3.220201432704925537e-01;1.314536476135253906e+01
-2.642001628875732422e+00;3.220201432704925537e-01;1.314536476135253906e+01
-5.600037574768066406e+00;-3.040636181831359863e-01;-1.952471494674682617e+00
-5.600037574768066406e+00;-3.040636181831359863e-01;-1.952471494674682617e+00
-4.547786235809326172e+00;9.265560507774353027e-01;1.241872406005859375e+01
-3.562572240829467773e+00;-2.995146274566650391e+00;1.651879501342773438e+01
-3.562572240829467773e+00;-2.995146274566650391e+00;1.651879501342773438e+01
-4.989516258239746094e+00;-1.456871747970581055e+00;1.013345909118652344e+01
-4.989516258239746094e+00;-1.456871747970581055e+00;1.013345909118652344e+01
-5.710170865058898926e-01;3.191470861434936523e+00;4.007893562316894531e+00
-5.710170865058898926e-01;3.191470861434936523e+00;4.007893562316894531e+00
-1.079784989356994629e+00;-1.302445769309997559e+00;3.764882087707519531e+00
-1.079784989356994629e+00;-1.302445769309997559e+00;3.764882087707519531e+00
-8.283938169479370117e-01;-6.027402877807617188e+00;1.640985870361328125e+01
-4.156333923339843750e+00;-1.273715257644653320e+00;9.607931137084960938e+00
-4.156333923339843750e+00;-1.273715257644653320e+00;9.607931137084960938e+00
-2.184709072113037109e+00;-6.963535785675048828e+00;1.468962478637695312e+01
-2.184709072113037109e+00;-6.963535785675048828e+00;1.468962478637695312e+01
-2.020706176757812500e+00;-1.148019671440124512e+00;1.409586238861083984e+01
-2.020706176757812500e+00;-1.148019671440124512e+00;1.409586238861083984e+01
-3.697844505310058594e+00;-2.072181463241577148e+00;1.200452709197998047e+01
-3.697844505310058594e+00;-2.072181463241577148e+00;1.200452709197998047e+01
-3.258508443832397461e+00;1.132457375526428223e+00;6.038176536560058594e+00
-3.258508443832397461e+00;1.132457375526428223e+00;6.038176536560058594e+00
-6.236895322799682617e-01;1.532289028167724609e+00;6.892906665802001953e+00
-6.236895322799682617e-01;1.532289028167724609e+00;6.892906665802001953e+00
-3.250128746032714844e+00;-2.454056739807128906e-01;4.869806289672851562e+00
-1.197100849822163582e-03;-2.340332269668579102e+00;6.118382453918457031e+00
-1.197100849822163582e-03;-2.340332269668579102e+00;6.118382453918457031e+00
-4.261679053306579590e-01;-1.203086376190185547e+00;-8.678980827331542969e+00
-4.261679053306579590e-01;-1.203086376190185547e+00;-8.678980827331542969e+00
-3.282450437545776367e+00;-2.555810213088989258e+00;2.579273414611816406e+01
-3.282450437545776367e+00;-2.555810213088989258e+00;2.579273414611816406e+01
-1.484405040740966797e+00;-3.166331768035888672e+00;1.280538749694824219e+01
-1.484405040740966797e+00;-3.166331768035888672e+00;1.280538749694824219e+01
7.781155407428741455e-02;-3.763684988021850586e+00;1.304720211029052734e+01
7.781155407428741455e-02;-3.763684988021850586e+00;1.304720211029052734e+01
-1.595735430717468262e+00;-1.632845520973205566e+00;9.082404136657714844e+00
-1.595735430717468262e+00;-1.632845520973205566e+00;9.082404136657714844e+00
-2.322375625371932983e-01;-2.308010339736938477e+00;7.345410823822021484e+00
1.244984865188598633e+00;-7.487865924835205078e+00;7.319074630737304688e+00
1.244984865188598633e+00;-7.487865924835205078e+00;7.319074630737304688e+00
2.144007682800292969e+00;-3.106476783752441406e+00;7.678205013275146484e+00
2.144007682800292969e+00;-3.106476783752441406e+00;7.678205013275146484e+00
-5.075707435607910156e-01;-3.280056416988372803e-01;1.292390060424804688e+01
-5.075707435607910156e-01;-3.280056416988372803e-01;1.292390060424804688e+01
1.328781992197036743e-01;8.152256608009338379e-01;1.340633201599121094e+01
1.328781992197036743e-01;8.152256608009338379e-01;1.340633201599121094e+01
2.861070930957794189e-01;-1.786074519157409668e+00;1.319324874877929688e+01
2.861070930957794189e-01;-1.786074519157409668e+00;1.319324874877929688e+01
-1.323993563652038574e+00;-1.268926858901977539e-01;7.601590633392333984e+00
-8.259996026754379272e-02;-1.346738457679748535e+00;5.093664169311523438e+00
-8.259996026754379272e-02;-1.346738457679748535e+00;5.093664169311523438e+00
2.054224967956542969e+00;-2.469619035720825195e+00;6.370970726013183594e+00
2.054224967956542969e+00;-2.469619035720825195e+00;6.370970726013183594e+00
-4.405331015586853027e-01;-4.364629745483398438e+00;7.995436668395996094e+00
-4.405331015586853027e-01;-4.364629745483398438e+00;7.995436668395996094e+00
1.272518157958984375e+00;-3.712209701538085938e+00;8.877699851989746094e+00
1.272518157958984375e+00;-3.712209701538085938e+00;8.877699851989746094e+00
-1.115697979927062988e+00;1.499967336654663086e+00;1.696411705017089844e+01
1.426944255828857422e+00;-9.373299479484558105e-01;1.072003841400146484e+01
1.426944255828857422e+00;-9.373299479484558105e-01;1.072003841400146484e+01
8.571242094039916992e-01;-2.732981204986572266e+00;1.516846466064453125e+01
8.571242094039916992e-01;-2.732981204986572266e+00;1.516846466064453125e+01
1.776497602462768555e+00;7.817068696022033691e-01;6.696582317352294922e+00
1.776497602462768555e+00;7.817068696022033691e-01;6.696582317352294922e+00
1.128866076469421387e+00;-2.992752194404602051e-01;7.004237174987792969e+00
1.128866076469421387e+00;-2.992752194404602051e-01;7.004237174987792969e+00
2.357091665267944336e+00;-2.561795711517333984e-01;7.444770336151123047e+00
2.357091665267944336e+00;-2.561795711517333984e-01;7.444770336151123047e+00
7.601590156555175781e-01;1.424549967050552368e-01;1.104445266723632812e+01
7.601590156555175781e-01;1.424549967050552368e-01;1.104445266723632812e+01
3.400963544845581055e+00;-2.012326478958129883e+00;3.840299606323242188e+00
3.400963544845581055e+00;-2.012326478958129883e+00;3.840299606323242188e+00
-2.129642486572265625e+00;-9.145850539207458496e-01;1.537436580657958984e+01
2.944868206977844238e-01;-5.243301987648010254e-01;1.078108978271484375e+01
2.944868206977844238e-01;-5.243301987648010254e-01;1.078108978271484375e+01
2.500743627548217773e+00;-8.858546018600463867e-01;1.363018989562988281e+01
2.500743627548217773e+00;-8.858546018600463867e-01;1.363018989562988281e+01
1.036689281463623047e+00;8.128314614295959473e-01;8.086416244506835938e+00
1.036689281463623047e+00;8.128314614295959473e-01;8.086416244506835938e+00
1.932120800018310547e+00;-1.094150185585021973e+00;5.106832027435302734e+00
1.932120800018310547e+00;-1.094150185585021973e+00;5.106832027435302734e+00
2.912546396255493164e+00;-1.911770105361938477e+00;6.734889507293701172e+00
2.912546396255493164e+00;-1.911770105361938477e+00;6.734889507293701172e+00
2.912546396255493164e+00;-1.911770105361938477e+00;6.734889507293701172e+00
1.312022566795349121e+00;-2.527079820632934570e+00;4.692635536193847656e+00
1.312022566795349121e+00;-2.527079820632934570e+00;4.692635536193847656e+00
-2.201468467712402344e+00;1.197100803256034851e-02;1.731606292724609375e+01
-2.201468467712402344e+00;1.197100803256034851e-02;1.731606292724609375e+01
8.056488633155822754e-01;-1.187524080276489258e+00;1.543781280517578125e+01
8.056488633155822754e-01;-1.187524080276489258e+00;1.543781280517578125e+01
1.268926858901977539e-01;-1.113303780555725098e+00;1.491348266601562500e+01
1.268926858901977539e-01;-1.113303780555725098e+00;1.491348266601562500e+01
1.691503524780273438e+00;-2.202665507793426514e-01;1.021246719360351562e+01
1.691503524780273438e+00;-2.202665507793426514e-01;1.021246719360351562e+01
9.265560507774353027e-01;-1.660378932952880859e+00;6.894104003906250000e+00
9.265560507774353027e-01;-1.660378932952880859e+00;6.894104003906250000e+00
3.277662038803100586e+00;9.193734526634216309e-01;3.809175014495849609e+00
1.246181964874267578e+00;1.322796463966369629e+00;9.855731010437011719e+00
1.246181964874267578e+00;1.322796463966369629e+00;9.855731010437011719e+00
1.783680319786071777e+00;3.172317147254943848e-01;8.040925979614257812e+00
1.783680319786071777e+00;3.172317147254943848e-01;8.040925979614257812e+00
-2.322375535964965820e+00;-1.970427989959716797e+00;1.451843929290771484e+01
-2.322375535964965820e+00;-1.970427989959716797e+00;1.451843929290771484e+01
-8.643068075180053711e-01;1.183932781219482422e+00;1.609142875671386719e+01
-8.643068075180053711e-01;1.183932781219482422e+00;1.609142875671386719e+01
2.290053844451904297e+00;-1.090558886528015137e+00;1.626500892639160156e+01
3.028665184974670410e-01;9.481038451194763184e-01;9.578003883361816406e+00
3.028665184974670410e-01;9.481038451194763184e-01;9.578003883361816406e+00
1.412579059600830078e+00;-1.030703783035278320e+00;5.203797340393066406e+00
1.412579059600830078e+00;-1.030703783035278320e+00;5.203797340393066406e+00
3.568557739257812500e+00;-2.261323451995849609e+00;4.990713596343994141e+00
3.568557739257812500e+00;-2.261323451995849609e+00;4.990713596343994141e+00
2.364274263381958008e+00;-2.747346401214599609e+00;8.520963668823242188e+00
2.364274263381958008e+00;-2.747346401214599609e+00;8.520963668823242188e+00
2.442085742950439453e+00;4.979939460754394531e-01;4.039018154144287109e+00
2.442085742950439453e+00;4.979939460754394531e-01;4.039018154144287109e+00
-2.825158119201660156e+00;4.357447028160095215e-01;1.751597976684570312e+01
-2.825158119201660156e+00;4.357447028160095215e-01;1.751597976684570312e+01
1.204283475875854492e+00;1.987187385559082031e+00;1.264976501464843750e+01
-1.193509578704833984e+00;7.266402244567871094e-01;1.075116252899169922e+01
-1.193509578704833984e+00;7.266402244567871094e-01;1.075116252899169922e+01
4.680664241313934326e-01;-5.770025849342346191e-01;5.613205909729003906e+00
4.680664241313934326e-01;-5.770025849342346191e-01;5.613205909729003906e+00
3.806780815124511719e+00;1.928529500961303711e+00;2.288856744766235352e+00
3.806780815124511719e+00;1.928529500961303711e+00;2.288856744766235352e+00
-2.873042039573192596e-02;6.224924325942993164e-01;1.246780490875244141e+01
-2.873042039573192596e-02;6.224924325942993164e-01;1.246780490875244141e+01
-3.768473386764526367e+00;3.399766445159912109e+00;5.166687488555908203e+00
-3.768473386764526367e+00;3.399766445159912109e+00;5.166687488555908203e+00
-1.218648672103881836e+00;2.238578647375106812e-01;1.316930675506591797e+01
5.291185975074768066e-01;-6.212953329086303711e-01;1.496136665344238281e+01
5.291185975074768066e-01;-6.212953329086303711e-01;1.496136665344238281e+01
1.588552832603454590e+00;-3.502717018127441406e+00;1.952471542358398438e+01
1.588552832603454590e+00;-3.502717018127441406e+00;1.952471542358398438e+01
6.823474913835525513e-02;1.235408067703247070e+00;6.604405403137207031e+00
6.823474913835525513e-02;1.235408067703247070e+00;6.604405403137207031e+00
3.728969097137451172e+00;1.423352956771850586e+00;-2.650381326675415039e+00
3.728969097137451172e+00;1.423352956771850586e+00;-2.650381326675415039e+00
2.752134799957275391e+00;1.042674899101257324e+00;3.149572372436523438e+00
2.752134799957275391e+00;1.042674899101257324e+00;3.149572372436523438e+00
3.232172131538391113e-02;-2.154781483113765717e-02;1.255519390106201172e+01
-2.199074268341064453e+00;-2.349909067153930664e+00;1.901115798950195312e+01
-2.199074268341064453e+00;-2.349909067153930664e+00;1.901115798950195312e+01
-5.746084079146385193e-02;1.041477680206298828e+00;1.436760425567626953e+01
-5.746084079146385193e-02;1.041477680206298828e+00;1.436760425567626953e+01
-1.110909581184387207e+00;-1.083376288414001465e+00;1.551801872253417969e+01
-1.110909581184387207e+00;-1.083376288414001465e+00;1.551801872253417969e+01
3.100491166114807129e-01;-4.273650050163269043e-01;5.359420299530029297e+00
3.100491166114807129e-01;-4.273650050163269043e-01;5.359420299530029297e+00
4.143166065216064453e+00;1.722628116607666016e+00;6.344634294509887695e-02
4.143166065216064453e+00;1.722628116607666016e+00;6.344634294509887695e-02
1.847126603126525879e+00;-1.115697979927062988e+00;1.230499935150146484e+01
1.847126603126525879e+00;-1.115697979927062988e+00;1.230499935150146484e+01
1.088164687156677246e+00;-2.949656486511230469e+00;1.555632591247558594e+01
-1.732204914093017578e+00;4.434061527252197266e+00;1.348055267333984375e+01
-1.732204914093017578e+00;4.434061527252197266e+00;1.348055267333984375e+01
1.115697979927062988e+00;-2.041056871414184570e+00;1.528817462921142578e+01
1.115697979927062988e+00;-2.041056871414184570e+00;1.528817462921142578e+01
3.136404156684875488e-01;-2.788047790527343750e+00;1.880286216735839844e+01
3.136404156684875488e-01;-2.788047790527343750e+00;1.880286216735839844e+01
-2.821566820144653320e+00;2.639607429504394531e+00;4.456806659698486328e+00
-2.821566820144653320e+00;2.639607429504394531e+00;4.456806659698486328e+00
2.427720546722412109e+00;-1.879448294639587402e-01;-3.926490843296051025e-01
2.427720546722412109e+00;-1.879448294639587402e-01;-3.926490843296051025e-01
1.550245642662048340e+00;-8.870517015457153320e-01;3.435679435729980469e+00
-1.067813992500305176e+00;7.445967197418212891e-01;6.005855083465576172e+00
-1.067813992500305176e+00;7.445967197418212891e-01;6.005855083465576172e+00
-5.904101371765136719e+00;-2.657563984394073486e-01;2.869450759887695312e+01
-5.904101371765136719e+00;-2.657563984394073486e-01;2.869450759887695312e+01
-1.550245642662048340e+00;-7.302315533161163330e-02;4.655525207519531250e+00
-1.550245642662048340e+00;-7.302315533161163330e-02;4.655525207519531250e+00
-2.930502891540527344e+00;-1.614889025688171387e+00;1.386362457275390625e+01
-2.930502891540527344e+00;-1.614889025688171387e+00;1.386362457275390625e+01
-1.994369983673095703e+00;-2.213439464569091797e+00;7.249642848968505859e+00
-1.994369983673095703e+00;-2.213439464569091797e+00;7.249642848968505859e+00
1.649604916572570801e+00;-2.383427858352661133e+00;1.031661510467529297e+01
-8.655039072036743164e-01;-3.362656354904174805e+00;1.170046329498291016e+01
-8.655039072036743164e-01;-3.362656354904174805e+00;1.170046329498291016e+01
-3.830722570419311523e-01;-2.122459888458251953e+00;7.996633648872375488e-01
-3.830722570419311523e-01;-2.122459888458251953e+00;7.996633648872375488e-01
-6.757634162902832031e+00;9.840168952941894531e-01;1.136767005920410156e+01
-6.757634162902832031e+00;9.840168952941894531e-01;1.136767005920410156e+01
-2.986766576766967773e+00;2.755726099014282227e+00;1.455674648284912109e+01
-2.986766576766967773e+00;2.755726099014282227e+00;1.455674648284912109e+01
-3.462015628814697266e+00;5.542576909065246582e-01;1.879448318481445312e+01
-3.462015628814697266e+00;5.542576909065246582e-01;1.879448318481445312e+01
-2.601300239562988281e+00;1.059434294700622559e+00;1.056800651550292969e+01
-2.601300239562988281e+00;1.059434294700622559e+00;1.056800651550292969e+01
-1.110909581184387207e+00;-3.423708379268646240e-01;3.903745889663696289e+00
-9.576806426048278809e-02;-5.961562395095825195e-01;4.645948410034179688e+00
-9.576806426048278809e-02;-5.961562395095825195e-01;4.645948410034179688e+00
-9.576806426048278809e-02;-5.961562395095825195e-01;4.645948410034179688e+00
-9.576806426048278809e-02;-5.961562395095825195e-01;4.645948410034179688e+00
-1.563413739204406738e+00;-1.339555859565734863e+00;1.298974132537841797e+01
-1.563413739204406738e+00;-1.339555859565734863e+00;1.298974132537841797e+01
-8.865729331970214844e+00;1.736993312835693359e+00;1.965998649597167969e+01
-8.865729331970214844e+00;1.736993312835693359e+00;1.965998649597167969e+01
-2.578555345535278320e+00;-2.808398485183715820e+00;1.292749214172363281e+01
-2.695871114730834961e+00;-2.705447912216186523e+00;1.305079364776611328e+01
-2.695871114730834961e+00;-2.705447912216186523e+00;1.305079364776611328e+01
-2.098517894744873047e+00;-5.626373887062072754e-01;9.764751434326171875e+00
-2.098517894744873047e+00;-5.626373887062072754e-01;9.764751434326171875e+00
-5.805938839912414551e-01;-1.437718152999877930e+00;6.470330238342285156e+00
-5.805938839912414551e-01;-1.437718152999877930e+00;6.470330238342285156e+00
2.154781520366668701e-01;-1.564610838890075684e+00;6.467936038970947266e+00
2.154781520366668701e-01;-1.564610838890075684e+00;6.467936038970947266e+00
2.154781520366668701e-01;-1.564610838890075684e+00;6.467936038970947266e+00
2.154781520366668701e-01;-1.564610838890075684e+00;6.467936038970947266e+00
-9.349357485771179199e-01;-3.007117271423339844e+00;7.819462776184082031e+00
-1.821987509727478027e+00;1.596932530403137207e+00;1.493981838226318359e+01
-1.821987509727478027e+00;1.596932530403137207e+00;1.493981838226318359e+01
1.144428372383117676e+00;-2.130839586257934570e+00;8.177395820617675781e+00
1.144428372383117676e+00;-2.130839586257934570e+00;8.177395820617675781e+00
4.189852997660636902e-02;-2.693476974964141846e-01;1.298495292663574219e+01
4.189852997660636902e-02;-2.693476974964141846e-01;1.298495292663574219e+01
-8.762778043746948242e-01;1.447294950485229492e+00;9.252392768859863281e+00
-8.762778043746948242e-01;1.447294950485229492e+00;9.252392768859863281e+00
1.125274822115898132e-01;-3.926490843296051025e-01;7.505822181701660156e+00
1.125274822115898132e-01;-3.926490843296051025e-01;7.505822181701660156e+00
2.274491637945175171e-01;-1.843535304069519043e-01;8.185775756835937500e+00
2.274491637945175171e-01;-1.843535304069519043e-01;8.185775756835937500e+00
7.194576263427734375e-01;-1.495178937911987305e+00;6.374562263488769531e+00
7.194576263427734375e-01;-1.495178937911987305e+00;6.374562263488769531e+00
-4.054580688476562500e+00;-1.316810958087444305e-02;1.480574321746826172e+01
-3.895366191864013672e+00;2.649184226989746094e+00;1.627578353881835938e+01
-3.895366191864013672e+00;2.649184226989746094e+00;1.627578353881835938e+01
-8.607155084609985352e-01;4.513070285320281982e-01;1.195783996582031250e+01
-8.607155084609985352e-01;4.513070285320281982e-01;1.195783996582031250e+01
-5.985504016280174255e-03;-7.110779285430908203e-01;1.145625495910644531e+01
-5.985504016280174255e-03;-7.110779285430908203e-01;1.145625495910644531e+01
5.650315880775451660e-01;1.004367589950561523e+00;8.965087890625000000e+00
5.650315880775451660e-01;1.004367589950561523e+00;8.965087890625000000e+00
7.469909191131591797e-01;-9.229647517204284668e-01;5.877765178680419922e+00
7.469909191131591797e-01;-9.229647517204284668e-01;5.877765178680419922e+00
1.374271750450134277e+00;-2.849099934101104736e-01;5.657498836517333984e+00
8.044517636299133301e-01;1.556231141090393066e+00;9.508571624755859375e+00
8.044517636299133301e-01;1.556231141090393066e+00;9.508571624755859375e+00
-1.586158633232116699e+00;2.576161146163940430e+00;8.218097686767578125e+00
-1.586158633232116699e+00;2.576161146163940430e+00;8.218097686767578125e+00
-4.058171808719635010e-01;4.417302012443542480e-01;8.134300231933593750e+00
-4.058171808719635010e-01;4.417302012443542480e-01;8.134300231933593750e+00
-2.466027736663818359e-01;-1.721431016921997070e+00;1.540668773651123047e+01
-2.466027736663818359e-01;-1.721431016921997070e+00;1.540668773651123047e+01
4.812345504760742188e-01;-3.435679376125335693e-01;1.259948635101318359e+01
4.812345504760742188e-01;-3.435679376125335693e-01;1.259948635101318359e+01
2.346317619085311890e-01;1.711854219436645508e+00;8.785523414611816406e+00
2.346317619085311890e-01;1.711854219436645508e+00;8.785523414611816406e+00
1.042674899101257324e+00;3.016694188117980957e-01;6.497863292694091797e+00
1.042674899101257324e+00;3.016694188117980957e-01;6.497863292694091797e+00
1.380257248878479004e+00;1.037886381149291992e+00;1.064222621917724609e+01
1.380257248878479004e+00;1.037886381149291992e+00;1.064222621917724609e+01
1.240196466445922852e+00;2.082955360412597656e+00;7.575253963470458984e+00
1.240196466445922852e+00;2.082955360412597656e+00;7.575253963470458984e+00
-1.060631394386291504e+00;-1.204283475875854492e+00;1.279581069946289062e+01
-1.060631394386291504e+00;-1.204283475875854492e+00;1.279581069946289062e+01
-4.602852821350097656e+00;7.279570102691650391e+00;1.251688671112060547e+01
-2.226607561111450195e+00;5.255272984504699707e-01;1.357272911071777344e+01
-2.226607561111450195e+00;5.255272984504699707e-01;1.357272911071777344e+01
2.837128937244415283e-01;-7.242460250854492188e-01;1.181179428100585938e+01
2.837128937244415283e-01;-7.242460250854492188e-01;1.181179428100585938e+01
-8.750807046890258789e-01;1.577778935432434082e+00;8.953117370605468750e+00
-8.750807046890258789e-01;1.577778935432434082e+00;8.953117370605468750e+00
3.232172429561614990e-01;1.077390741556882858e-02;4.061763286590576172e+00
3.232172429561614990e-01;1.077390741556882858e-02;4.061763286590576172e+00
1.207874774932861328e+00;6.847416758537292480e-01;8.112752914428710938e+00
1.207874774932861328e+00;6.847416758537292480e-01;8.112752914428710938e+00
2.908954918384552002e-01;2.911349296569824219e+00;8.708909034729003906e+00
2.908954918384552002e-01;2.911349296569824219e+00;8.708909034729003906e+00
-1.011550188064575195e+00;4.610035419464111328e+00;-4.788403511047363281e-01
-3.760093688964843750e+00;8.678981065750122070e-01;2.224811935424804688e+01
-3.760093688964843750e+00;8.678981065750122070e-01;2.224811935424804688e+01
-2.445677042007446289e+00;6.883329749107360840e-01;1.189559078216552734e+01
-2.445677042007446289e+00;6.883329749107360840e-01;1.189559078216552734e+01
5.231330990791320801e-01;-5.865794420242309570e-01;1.205480575561523438e+01
5.231330990791320801e-01;-5.865794420242309570e-01;1.205480575561523438e+01
-8.427590131759643555e-01;3.699041604995727539e-01;1.118810462951660156e+01
-8.427590131759643555e-01;3.699041604995727539e-01;1.118810462951660156e+01
-7.841010689735412598e-01;4.979939460754394531e-01;1.159152793884277344e+01
-7.841010689735412598e-01;4.979939460754394531e-01;1.159152793884277344e+01
-6.177040338516235352e-01;-6.117185354232788086e-01;8.683769226074218750e+00
7.924807667732238770e-01;6.631938815116882324e-01;5.604825973510742188e+00
7.924807667732238770e-01;6.631938815116882324e-01;5.604825973510742188e+00
-3.184288144111633301e-01;9.804255962371826172e-01;7.517793178558349609e+00
-3.184288144111633301e-01;9.804255962371826172e-01;7.517793178558349609e+00
-4.740519225597381592e-01;4.692635536193847656e+00;1.074278259277343750e+01
-4.740519225597381592e-01;4.692635536193847656e+00;1.074278259277343750e+01
-7.876923680305480957e-01;-1.587355732917785645e+00;1.666364288330078125e+01
-7.876923680305480957e-01;-1.587355732917785645e+00;1.666364288330078125e+01
5.770025849342346191e-01;-3.232172131538391113e-02;1.105402946472167969e+01
5.770025849342346191e-01;-3.232172131538391113e-02;1.105402946472167969e+01
8.248024582862854004e-01;1.113303780555725098e+00;1.062546730041503906e+01
1.282094955444335938e+00;1.042674899101257324e+00;6.457161903381347656e+00
1.282094955444335938e+00;1.042674899101257324e+00;6.457161903381347656e+00
8.415619134902954102e-01;1.125274822115898132e-01;1.073440361022949219e+01
8.415619134902954102e-01;1.125274822115898132e-01;1.073440361022949219e+01
9.085995554924011230e-01;1.376665949821472168e+00;8.791508674621582031e+00
9.085995554924011230e-01;1.376665949821472168e+00;8.791508674621582031e+00
1.804031014442443848e+00;4.704606235027313232e-01;1.354280185699462891e+01
1.804031014442443848e+00;4.704606235027313232e-01;1.354280185699462891e+01
8.930372595787048340e-01;1.900996208190917969e+00;9.264363288879394531e+00
8.930372595787048340e-01;1.900996208190917969e+00;9.264363288879394531e+00
1.412578970193862915e-01;-2.955641984939575195e+00;9.319430351257324219e+00
1.412578970193862915e-01;-2.955641984939575195e+00;9.319430351257324219e+00
1.430535554885864258e+00;2.513911724090576172e-01;1.028070163726806641e+01
1.561019539833068848e+00;-8.008604645729064941e-01;1.117733097076416016e+01
1.561019539833068848e+00;-8.008604645729064941e-01;1.117733097076416016e+01
1.838746905326843262e+00;-1.446097850799560547e+00;5.121197223663330078e+00
1.838746905326843262e+00;-1.446097850799560547e+00;5.121197223663330078e+00
1.516726732254028320e+00;-9.205705523490905762e-01;7.679401874542236328e+00
1.516726732254028320e+00;-9.205705523490905762e-01;7.679401874542236328e+00
-4.070143029093742371e-02;-3.163937568664550781e+00;1.817558288574218750e+01
-4.070143029093742371e-02;-3.163937568664550781e+00;1.817558288574218750e+01
7.948749661445617676e-01;-1.352723985910415649e-01;7.820659637451171875e+00
7.948749661445617676e-01;-1.352723985910415649e-01;7.820659637451171875e+00
-8.176198601722717285e-01;3.471592426300048828e+00;1.226190376281738281e+01
-8.176198601722717285e-01;3.471592426300048828e+00;1.226190376281738281e+01
1.991975784301757812e+00;-1.221042871475219727e+00;1.037168216705322266e+01
