1.760513638146221638e-03;7.407661993056535721e-03;5.123972427099943161e-03
1.760513638146221638e-03;7.407661993056535721e-03;5.123972427099943161e-03
-3.700149827636778355e-04;5.277133081108331680e-03;-5.528670735657215118e-03
-3.565807826817035675e-03;6.342397537082433701e-03;-7.659199647605419159e-03
-3.565807826817035675e-03;6.342397537082433701e-03;-7.659199647605419159e-03
-8.892129175364971161e-03;2.081340178847312927e-03;-2.332877833396196365e-03
-8.892129175364971161e-03;2.081340178847312927e-03;-2.332877833396196365e-03
-1.435279264114797115e-03;-5.375510081648826599e-03;-5.528670735657215118e-03
-1.435279264114797115e-03;-5.375510081648826599e-03;-5.528670735657215118e-03
2.825777977705001831e-03;-6.440774071961641312e-03;1.151555776596069336e-02
2.825777977705001831e-03;-6.440774071961641312e-03;1.151555776596069336e-02
-4.655077122151851654e-03;-1.503935363143682480e-02;9.326140396296977997e-03
-4.655077122151851654e-03;-1.503935363143682480e-02;9.326140396296977997e-03
-9.981398470699787140e-03;1.265751849859952927e-02;8.040259126573801041e-04
-9.981398470699787140e-03;1.265751849859952927e-02;8.040259126573801041e-04
-3.940198512282222509e-04;-2.256182022392749786e-03;-8.783352561295032501e-03
-3.940198512282222509e-04;7.331196684390306473e-03;8.040259126573801041e-04
-3.940198512282222509e-04;7.331196684390306473e-03;8.040259126573801041e-04
2.801773138344287872e-03;-1.256533287232741714e-04;1.869290252216160297e-03
2.801773138344287872e-03;-1.256533287232741714e-04;1.869290252216160297e-03
4.932301584631204605e-03;6.265932694077491760e-03;-2.391766989603638649e-03
4.932301584631204605e-03;6.265932694077491760e-03;-2.391766989603638649e-03
3.867037361487746239e-03;-3.321446245536208153e-03;6.130347494035959244e-03
3.867037361487746239e-03;-3.321446245536208153e-03;6.130347494035959244e-03
-1.211192738264799118e-02;-8.647767826914787292e-03;8.040259126573801041e-04
-1.211192738264799118e-02;-8.647767826914787292e-03;8.040259126573801041e-04
1.025862339884042740e-02;9.396109962835907936e-04;-2.612383977975696325e-04
1.025862339884042740e-02;9.396109962835907936e-04;-2.612383977975696325e-04
4.932301584631204605e-03;-7.582503370940685272e-03;1.145666930824518204e-02
2.801773138344287872e-03;-1.256533287232741714e-04;3.999819047749042511e-03
2.801773138344287872e-03;-1.256533287232741714e-04;3.999819047749042511e-03
-1.459284103475511074e-03;-7.582503370940685272e-03;6.130347494035959244e-03
-1.459284103475511074e-03;-7.582503370940685272e-03;6.130347494035959244e-03
3.867037361487746239e-03;-1.256533287232741714e-04;3.999819047749042511e-03
3.867037361487746239e-03;-1.256533287232741714e-04;3.999819047749042511e-03
-3.940198512282222509e-04;2.004875335842370987e-03;1.869290252216160297e-03
-3.940198512282222509e-04;2.004875335842370987e-03;1.869290252216160297e-03
4.932301584631204605e-03;4.135403782129287720e-03;-6.652824115008115768e-03
-5.720341578125953674e-03;-1.290882471948862076e-02;-4.522295668721199036e-03
-5.720341578125953674e-03;-1.290882471948862076e-02;-4.522295668721199036e-03
5.997566040605306625e-03;8.396461606025695801e-03;3.999819047749042511e-03
5.997566040605306625e-03;8.396461606025695801e-03;3.999819047749042511e-03
3.867037361487746239e-03;1.478804741054773331e-02;-8.783352561295032501e-03
3.867037361487746239e-03;1.478804741054773331e-02;-8.783352561295032501e-03
1.736508798785507679e-03;3.070139558985829353e-03;5.065083038061857224e-03
1.736508798785507679e-03;3.070139558985829353e-03;5.065083038061857224e-03
1.238915231078863144e-02;-6.517239380627870560e-03;1.039140485227108002e-02
1.238915231078863144e-02;-6.517239380627870560e-03;1.039140485227108002e-02
1.558494474738836288e-02;-1.190917682833969593e-03;-1.326502650044858456e-03
1.558494474738836288e-02;-1.190917682833969593e-03;-1.326502650044858456e-03
-5.720341578125953674e-03;7.331196684390306473e-03;-6.652824115008115768e-03
-3.940198512282222509e-04;-1.256533287232741714e-04;-1.326502650044858456e-03
-3.940198512282222509e-04;-1.256533287232741714e-04;-1.326502650044858456e-03
-3.589812666177749634e-03;-2.256182022392749786e-03;8.040259126573801041e-04
-3.589812666177749634e-03;-2.256182022392749786e-03;8.040259126573801041e-04
8.128094486892223358e-03;4.135403782129287720e-03;2.934554591774940491e-03
8.128094486892223358e-03;4.135403782129287720e-03;2.934554591774940491e-03
8.128094486892223358e-03;9.396109962835907936e-04;2.934554591774940491e-03
8.128094486892223358e-03;9.396109962835907936e-04;2.934554591774940491e-03
-3.589812666177749634e-03;-3.321446245536208153e-03;2.934554591774940491e-03
-3.589812666177749634e-03;-3.321446245536208153e-03;2.934554591774940491e-03
-3.940198512282222509e-04;-1.190917682833969593e-03;3.999819047749042511e-03
-3.940198512282222509e-04;-1.190917682833969593e-03;3.999819047749042511e-03
1.558494474738836288e-02;2.004875335842370987e-03;-4.522295668721199036e-03
8.128094486892223358e-03;4.135403782129287720e-03;-1.091388147324323654e-02
8.128094486892223358e-03;4.135403782129287720e-03;-1.091388147324323654e-02
1.736508798785507679e-03;-1.256533287232741714e-04;1.145666930824518204e-02
1.736508798785507679e-03;-1.256533287232741714e-04;1.145666930824518204e-02
4.932301584631204605e-03;-4.386710468679666519e-03;1.869290252216160297e-03
4.932301584631204605e-03;-4.386710468679666519e-03;1.869290252216160297e-03
-6.785605568438768387e-03;-1.256533287232741714e-04;2.934554591774940491e-03
-6.785605568438768387e-03;-1.256533287232741714e-04;2.934554591774940491e-03
2.801773138344287872e-03;-1.190917682833969593e-03;-2.612383977975696325e-04
2.801773138344287872e-03;-1.190917682833969593e-03;-2.612383977975696325e-04
4.932301584631204605e-03;-1.256533287232741714e-04;2.934554591774940491e-03
4.932301584631204605e-03;-1.256533287232741714e-04;2.934554591774940491e-03
3.867037361487746239e-03;9.461725130677223206e-03;1.869290252216160297e-03
-1.956877671182155609e-02;9.396109962835907936e-04;-1.326502650044858456e-03
-1.956877671182155609e-02;9.396109962835907936e-04;-1.326502650044858456e-03
8.128094486892223358e-03;-2.256182022392749786e-03;5.065083038061857224e-03
8.128094486892223358e-03;-2.256182022392749786e-03;5.065083038061857224e-03
2.801773138344287872e-03;3.070139558985829353e-03;-8.783352561295032501e-03
2.801773138344287872e-03;3.070139558985829353e-03;-8.783352561295032501e-03
9.193358942866325378e-03;7.331196684390306473e-03;2.934554591774940491e-03
9.193358942866325378e-03;7.331196684390306473e-03;2.934554591774940491e-03
-3.940198512282222509e-04;9.396109962835907936e-04;1.784825325012207031e-02
-3.940198512282222509e-04;9.396109962835907936e-04;1.784825325012207031e-02
-1.459284103475511074e-03;-5.451974924653768539e-03;-2.612383977975696325e-04
3.867037361487746239e-03;2.004875335842370987e-03;6.130347494035959244e-03
3.867037361487746239e-03;2.004875335842370987e-03;6.130347494035959244e-03
3.867037361487746239e-03;-2.256182022392749786e-03;1.039140485227108002e-02
3.867037361487746239e-03;-2.256182022392749786e-03;1.039140485227108002e-02
-8.916134014725685120e-03;-5.451974924653768539e-03;7.195611950010061264e-03
-8.916134014725685120e-03;-5.451974924653768539e-03;7.195611950010061264e-03
-7.850870490074157715e-03;4.135403782129287720e-03;-2.612383977975696325e-04
-7.850870490074157715e-03;4.135403782129287720e-03;-2.612383977975696325e-04
6.712444592267274857e-04;5.200668238103389740e-03;-2.391766989603638649e-03
6.712444592267274857e-04;5.200668238103389740e-03;-2.391766989603638649e-03
1.665020920336246490e-02;3.070139558985829353e-03;-1.326502650044858456e-03
1.665020920336246490e-02;3.070139558985829353e-03;-1.326502650044858456e-03
7.062830496579408646e-03;-2.256182022392749786e-03;1.145666930824518204e-02
-4.655077122151851654e-03;6.265932694077491760e-03;-3.457031445577740669e-03
-4.655077122151851654e-03;6.265932694077491760e-03;-3.457031445577740669e-03
-3.897369373589754105e-03;-7.504955399781465530e-03;2.932723145931959152e-03
-3.897369373589754105e-03;-7.504955399781465530e-03;2.932723145931959152e-03
7.820538245141506195e-03;-2.178634051233530045e-03;8.021944668143987656e-04
7.820538245141506195e-03;-2.178634051233530045e-03;8.021944668143987656e-04
6.755273789167404175e-03;-4.810542304767295718e-05;1.252010185271501541e-02
6.755273789167404175e-03;-4.810542304767295718e-05;1.252010185271501541e-02
-4.962633829563856125e-03;-2.178634051233530045e-03;-5.589391570538282394e-03
-4.962633829563856125e-03;-2.178634051233530045e-03;-5.589391570538282394e-03
1.421212404966354370e-02;6.343480665236711502e-03;-9.850448928773403168e-03
-4.962633829563856125e-03;-1.113369711674749851e-03;-1.328334095887839794e-03
-4.962633829563856125e-03;-1.113369711674749851e-03;-1.328334095887839794e-03
2.494216430932283401e-03;-4.810542304767295718e-05;3.997987601906061172e-03
2.494216430932283401e-03;-4.810542304767295718e-05;3.997987601906061172e-03
4.624745342880487442e-03;-1.113369711674749851e-03;8.259044960141181946e-03
4.624745342880487442e-03;-1.113369711674749851e-03;8.259044960141181946e-03
3.636878973338752985e-04;-7.504955399781465530e-03;9.324308484792709351e-03
3.636878973338752985e-04;-7.504955399781465530e-03;9.324308484792709351e-03
-6.027897819876670837e-03;4.212951753288507462e-03;3.997987601906061172e-03
-6.027897819876670837e-03;4.212951753288507462e-03;3.997987601906061172e-03
4.624745342880487442e-03;4.212951753288507462e-03;-4.524127114564180374e-03
4.624745342880487442e-03;4.212951753288507462e-03;-4.524127114564180374e-03
5.690009333193302155e-03;4.212951753288507462e-03;9.324308484792709351e-03
4.624745342880487442e-03;-6.439691409468650818e-03;-2.630698436405509710e-04
4.624745342880487442e-03;-6.439691409468650818e-03;-2.630698436405509710e-04
6.755273789167404175e-03;-8.570220321416854858e-03;-1.328334095887839794e-03
6.755273789167404175e-03;-8.570220321416854858e-03;-1.328334095887839794e-03
-2.832105150446295738e-03;-5.374426953494548798e-03;6.128516048192977905e-03
-2.832105150446295738e-03;-5.374426953494548798e-03;6.128516048192977905e-03
9.951067157089710236e-03;-1.070074830204248428e-02;2.932723145931959152e-03
9.951067157089710236e-03;-1.070074830204248428e-02;2.932723145931959152e-03
-6.027897819876670837e-03;-8.570220321416854858e-03;8.021944668143987656e-04
-6.027897819876670837e-03;-8.570220321416854858e-03;8.021944668143987656e-04
-2.832105150446295738e-03;5.278216209262609482e-03;-1.411150675266981125e-02
-2.832105150446295738e-03;5.278216209262609482e-03;-1.411150675266981125e-02
2.494216430932283401e-03;-4.309162497520446777e-03;-2.393598435446619987e-03
4.624745342880487442e-03;1.017158851027488708e-03;-1.198097784072160721e-02
4.624745342880487442e-03;1.017158851027488708e-03;-1.198097784072160721e-02
4.624745342880487442e-03;1.017158851027488708e-03;-3.458862658590078354e-03
4.624745342880487442e-03;1.017158851027488708e-03;-3.458862658590078354e-03
4.624745342880487442e-03;-6.439691409468650818e-03;6.128516048192977905e-03
4.624745342880487442e-03;-6.439691409468650818e-03;6.128516048192977905e-03
-1.766840694472193718e-03;-5.374426953494548798e-03;1.867458806373178959e-03
-1.766840694472193718e-03;-5.374426953494548798e-03;1.867458806373178959e-03
5.690009333193302155e-03;-4.810542304767295718e-05;-1.328334095887839794e-03
5.690009333193302155e-03;-4.810542304767295718e-05;-1.328334095887839794e-03
-6.027897819876670837e-03;3.147687530145049095e-03;-3.458862658590078354e-03
-4.962633829563856125e-03;2.082423307001590729e-03;6.128516048192977905e-03
-4.962633829563856125e-03;2.082423307001590729e-03;6.128516048192977905e-03
-9.223691187798976898e-03;-7.504955399781465530e-03;2.932723145931959152e-03
-9.223691187798976898e-03;-7.504955399781465530e-03;2.932723145931959152e-03
-1.766840694472193718e-03;-4.810542304767295718e-05;-2.393598435446619987e-03
-1.766840694472193718e-03;-4.810542304767295718e-05;-2.393598435446619987e-03
1.314685959368944168e-02;4.212951753288507462e-03;-1.328334095887839794e-03
1.314685959368944168e-02;4.212951753288507462e-03;-1.328334095887839794e-03
9.951067157089710236e-03;8.474009111523628235e-03;-1.091571338474750519e-02
9.951067157089710236e-03;8.474009111523628235e-03;-1.091571338474750519e-02
3.636878973338752985e-04;2.082423307001590729e-03;8.259044960141181946e-03
3.636878973338752985e-04;2.082423307001590729e-03;8.259044960141181946e-03
-7.015764131210744381e-04;4.212951753288507462e-03;-1.091571338474750519e-02
-9.223691187798976898e-03;-7.504955399781465530e-03;-4.524127114564180374e-03
-9.223691187798976898e-03;-7.504955399781465530e-03;-4.524127114564180374e-03
2.494216430932283401e-03;1.017158851027488708e-03;-9.850448928773403168e-03
2.494216430932283401e-03;1.017158851027488708e-03;-9.850448928773403168e-03
3.559480886906385422e-03;-2.178634051233530045e-03;-3.458862658590078354e-03
3.559480886906385422e-03;-2.178634051233530045e-03;-3.458862658590078354e-03
5.690009333193302155e-03;-2.178634051233530045e-03;-3.458862658590078354e-03
5.690009333193302155e-03;-2.178634051233530045e-03;-3.458862658590078354e-03
2.494216430932283401e-03;-1.070074830204248428e-02;-1.328334095887839794e-03
2.494216430932283401e-03;-1.070074830204248428e-02;-1.328334095887839794e-03
2.494216430932283401e-03;1.017158851027488708e-03;8.021944668143987656e-04
2.494216430932283401e-03;1.017158851027488708e-03;8.021944668143987656e-04
3.636878973338752985e-04;-1.113369711674749851e-03;2.932723145931959152e-03
1.428952207788825035e-03;-2.178634051233530045e-03;-3.458862658590078354e-03
1.428952207788825035e-03;-2.178634051233530045e-03;-3.458862658590078354e-03
-9.223691187798976898e-03;1.017158851027488708e-03;7.193780504167079926e-03
-9.223691187798976898e-03;1.017158851027488708e-03;7.193780504167079926e-03
-1.766840694472193718e-03;-2.178634051233530045e-03;-1.198097784072160721e-02
-1.766840694472193718e-03;-2.178634051233530045e-03;-1.198097784072160721e-02
3.559480886906385422e-03;-4.810542304767295718e-05;9.324308484792709351e-03
3.559480886906385422e-03;-4.810542304767295718e-05;9.324308484792709351e-03
3.559480886906385422e-03;-7.504955399781465530e-03;3.997987601906061172e-03
3.559480886906385422e-03;-7.504955399781465530e-03;3.997987601906061172e-03
-1.135421916842460632e-02;2.082423307001590729e-03;5.063251592218875885e-03
3.636878973338752985e-04;-4.309162497520446777e-03;-2.393598435446619987e-03
3.636878973338752985e-04;-4.309162497520446777e-03;-2.393598435446619987e-03
-1.028895564377307892e-02;-6.439691409468650818e-03;7.193780504167079926e-03
-1.028895564377307892e-02;-6.439691409468650818e-03;7.193780504167079926e-03
3.559480886906385422e-03;-6.439691409468650818e-03;1.038957294076681137e-02
3.559480886906385422e-03;-6.439691409468650818e-03;1.038957294076681137e-02
1.428952207788825035e-03;-5.374426953494548798e-03;1.145483739674091339e-02
1.428952207788825035e-03;-5.374426953494548798e-03;1.145483739674091339e-02
3.559480886906385422e-03;1.593085937201976776e-02;6.128516048192977905e-03
3.559480886906385422e-03;1.593085937201976776e-02;6.128516048192977905e-03
6.017651874572038651e-03;-7.642751006642356515e-05;6.049925461411476135e-03
6.017651874572038651e-03;-7.642751006642356515e-05;6.049925461411476135e-03
-4.634990822523832321e-03;9.888367494568228722e-04;-7.798511069267988205e-03
1.134397368878126144e-02;-3.272220492362976074e-03;9.245717898011207581e-03
1.134397368878126144e-02;-3.272220492362976074e-03;9.245717898011207581e-03
-9.961312636733055115e-03;2.054101089015603065e-03;-1.312483195215463638e-02
-9.961312636733055115e-03;2.054101089015603065e-03;-1.312483195215463638e-02
-2.504462376236915588e-03;8.445686660706996918e-03;6.049925461411476135e-03
-2.504462376236915588e-03;8.445686660706996918e-03;6.049925461411476135e-03
-5.700255278497934341e-03;-3.272220492362976074e-03;4.984661005437374115e-03
-5.700255278497934341e-03;-3.272220492362976074e-03;4.984661005437374115e-03
7.082916330546140671e-03;4.184629768133163452e-03;-8.863775059580802917e-03
7.082916330546140671e-03;4.184629768133163452e-03;-8.863775059580802917e-03
-4.634990822523832321e-03;-4.337484948337078094e-03;-3.416606341488659382e-04
7.082916330546140671e-03;-5.402748938649892807e-03;2.854132326319813728e-03
7.082916330546140671e-03;-5.402748938649892807e-03;2.854132326319813728e-03
1.756594865582883358e-03;-7.642751006642356515e-05;2.854132326319813728e-03
1.756594865582883358e-03;-7.642751006642356515e-05;2.854132326319813728e-03
-1.439198153093457222e-03;-1.141691813245415688e-03;7.115189451724290848e-03
-1.439198153093457222e-03;-1.141691813245415688e-03;7.115189451724290848e-03
7.082916330546140671e-03;6.315158214420080185e-03;3.919396549463272095e-03
7.082916330546140671e-03;6.315158214420080185e-03;3.919396549463272095e-03
-5.700255278497934341e-03;-3.272220492362976074e-03;2.854132326319813728e-03
-5.700255278497934341e-03;-3.272220492362976074e-03;2.854132326319813728e-03
1.756594865582883358e-03;-1.141691813245415688e-03;6.049925461411476135e-03
1.756594865582883358e-03;-1.141691813245415688e-03;6.049925461411476135e-03
3.887123428285121918e-03;2.054101089015603065e-03;4.984661005437374115e-03
6.913305260241031647e-04;9.888367494568228722e-04;-3.416606341488659382e-04
6.913305260241031647e-04;9.888367494568228722e-04;-3.416606341488659382e-04
8.148180320858955383e-03;-6.468013394623994827e-03;7.236036472022533417e-04
8.148180320858955383e-03;-6.468013394623994827e-03;7.236036472022533417e-04
-2.504462376236915588e-03;3.119365544989705086e-03;-2.472189255058765411e-03
-2.504462376236915588e-03;3.119365544989705086e-03;-2.472189255058765411e-03
9.213444776833057404e-03;3.119365544989705086e-03;1.031098235398530960e-02
9.213444776833057404e-03;3.119365544989705086e-03;1.031098235398530960e-02
1.756594865582883358e-03;-5.402748938649892807e-03;-7.798511069267988205e-03
1.756594865582883358e-03;-5.402748938649892807e-03;-7.798511069267988205e-03
6.017651874572038651e-03;1.270674448460340500e-02;-1.406924915499985218e-03
6.017651874572038651e-03;1.270674448460340500e-02;-1.406924915499985218e-03
6.017651874572038651e-03;-8.598541840910911560e-03;3.919396549463272095e-03
3.887123428285121918e-03;9.888367494568228722e-04;7.236036472022533417e-04
3.887123428285121918e-03;9.888367494568228722e-04;7.236036472022533417e-04
-1.102657709270715714e-02;-7.642751006642356515e-05;1.788867986761033535e-03
-1.102657709270715714e-02;-7.642751006642356515e-05;1.788867986761033535e-03
-3.569726832211017609e-03;-5.402748938649892807e-03;7.236036472022533417e-04
-3.569726832211017609e-03;-5.402748938649892807e-03;7.236036472022533417e-04
7.082916330546140671e-03;5.249894224107265472e-03;-1.406924915499985218e-03
7.082916330546140671e-03;5.249894224107265472e-03;-1.406924915499985218e-03
3.887123428285121918e-03;9.888367494568228722e-04;-6.733246613293886185e-03
3.887123428285121918e-03;9.888367494568228722e-04;-6.733246613293886185e-03
-2.504462376236915588e-03;-6.468013394623994827e-03;-2.472189255058765411e-03
-3.569726832211017609e-03;2.054101089015603065e-03;-3.537453478202223778e-03
-3.569726832211017609e-03;2.054101089015603065e-03;-3.537453478202223778e-03
-3.569726832211017609e-03;5.249894224107265472e-03;8.180453442037105560e-03
-3.569726832211017609e-03;5.249894224107265472e-03;8.180453442037105560e-03
3.887123428285121918e-03;9.888367494568228722e-04;-3.416606341488659382e-04
3.887123428285121918e-03;9.888367494568228722e-04;-3.416606341488659382e-04
7.082916330546140671e-03;9.888367494568228722e-04;3.919396549463272095e-03
7.082916330546140671e-03;9.888367494568228722e-04;3.919396549463272095e-03
8.148180320858955383e-03;1.057621557265520096e-02;-1.312483195215463638e-02
8.148180320858955383e-03;1.057621557265520096e-02;-1.312483195215463638e-02
7.082916330546140671e-03;5.249894224107265472e-03;3.919396549463272095e-03
-3.739337844308465719e-04;3.119365544989705086e-03;7.115189451724290848e-03
-3.739337844308465719e-04;3.119365544989705086e-03;7.115189451724290848e-03
6.017651874572038651e-03;-6.468013394623994827e-03;8.180453442037105560e-03
6.017651874572038651e-03;-6.468013394623994827e-03;8.180453442037105560e-03
2.821859205141663551e-03;6.315158214420080185e-03;-6.733246613293886185e-03
2.821859205141663551e-03;6.315158214420080185e-03;-6.733246613293886185e-03
-2.504462376236915588e-03;1.270674448460340500e-02;-8.863775059580802917e-03
-2.504462376236915588e-03;1.270674448460340500e-02;-8.863775059580802917e-03
-5.700255278497934341e-03;-3.272220492362976074e-03;1.670256815850734711e-02
-5.700255278497934341e-03;-3.272220492362976074e-03;1.670256815850734711e-02
-6.765519734472036362e-03;-8.598541840910911560e-03;-5.667982157319784164e-03
-6.765519734472036362e-03;-8.598541840910911560e-03;-5.667982157319784164e-03
-3.739337844308465719e-04;-1.141691813245415688e-03;-2.472189255058765411e-03
-3.569726832211017609e-03;4.184629768133163452e-03;1.350677572190761566e-02
-3.569726832211017609e-03;4.184629768133163452e-03;1.350677572190761566e-02
8.148180320858955383e-03;-4.337484948337078094e-03;7.236036472022533417e-04
8.148180320858955383e-03;-4.337484948337078094e-03;7.236036472022533417e-04
4.952387884259223938e-03;8.445686660706996918e-03;-6.733246613293886185e-03
4.952387884259223938e-03;8.445686660706996918e-03;-6.733246613293886185e-03
-2.504462376236915588e-03;7.380422670394182205e-03;6.049925461411476135e-03
-2.504462376236915588e-03;7.380422670394182205e-03;6.049925461411476135e-03
-1.315710600465536118e-02;2.054101089015603065e-03;6.049925461411476135e-03
-1.315710600465536118e-02;2.054101089015603065e-03;6.049925461411476135e-03
2.821859205141663551e-03;2.054101089015603065e-03;-2.472189255058765411e-03
2.821859205141663551e-03;2.054101089015603065e-03;-2.472189255058765411e-03
-1.439198153093457222e-03;-9.663806296885013580e-03;-6.733246613293886185e-03
-7.830783724784851074e-03;-3.272220492362976074e-03;1.244151126593351364e-02
-7.830783724784851074e-03;-3.272220492362976074e-03;1.244151126593351364e-02
1.134397368878126144e-02;9.888367494568228722e-04;8.180453442037105560e-03
1.134397368878126144e-02;9.888367494568228722e-04;8.180453442037105560e-03
3.659744688775390387e-04;-3.872641536872833967e-04;4.164183046668767929e-03
3.659744688775390387e-04;-3.872641536872833967e-04;4.164183046668767929e-03
4.627031739801168442e-03;2.808528719469904900e-03;-1.181478239595890045e-02
4.627031739801168442e-03;2.808528719469904900e-03;-1.181478239595890045e-02
1.847546733915805817e-02;-6.778850220143795013e-03;-7.553724106401205063e-03
1.847546733915805817e-02;-6.778850220143795013e-03;-7.553724106401205063e-03
-8.156140334904193878e-03;-4.648321308195590973e-03;2.033654600381851196e-03
-8.156140334904193878e-03;-4.648321308195590973e-03;2.033654600381851196e-03
9.953353554010391235e-03;-3.872641536872833967e-04;-2.227402757853269577e-03
3.659744688775390387e-04;4.939057398587465286e-03;2.033654600381851196e-03
3.659744688775390387e-04;4.939057398587465286e-03;2.033654600381851196e-03
5.692296195775270462e-03;-3.583057085052132607e-03;-2.227402757853269577e-03
5.692296195775270462e-03;-3.583057085052132607e-03;-2.227402757853269577e-03
-1.764554181136190891e-03;-5.713585764169692993e-03;5.229447502642869949e-03
-1.764554181136190891e-03;-5.713585764169692993e-03;5.229447502642869949e-03
-7.090875878930091858e-03;-7.844114676117897034e-03;4.164183046668767929e-03
-7.090875878930091858e-03;-7.844114676117897034e-03;4.164183046668767929e-03
3.659744688775390387e-04;4.939057398587465286e-03;9.683902608230710030e-04
3.659744688775390387e-04;4.939057398587465286e-03;9.683902608230710030e-04
1.527967490255832672e-02;1.133064366877079010e-02;-2.227402757853269577e-03
1.527967490255832672e-02;1.133064366877079010e-02;-2.227402757853269577e-03
7.822824642062187195e-03;1.743264496326446533e-03;-1.288004592061042786e-02
7.822824642062187195e-03;1.743264496326446533e-03;-1.288004592061042786e-02
1.527967490255832672e-02;-9.974642656743526459e-03;-9.687403507996350527e-05
-2.829818520694971085e-03;3.873793175444006920e-03;5.229447502642869949e-03
-2.829818520694971085e-03;3.873793175444006920e-03;5.229447502642869949e-03
1.421441044658422470e-02;-3.872641536872833967e-04;-4.357931204140186310e-03
1.421441044658422470e-02;-3.872641536872833967e-04;-4.357931204140186310e-03
3.659744688775390387e-04;-3.872641536872833967e-04;-6.488460116088390350e-03
3.659744688775390387e-04;-3.872641536872833967e-04;-6.488460116088390350e-03
2.496503060683608055e-03;-1.210517156869173050e-02;4.164183046668767929e-03
2.496503060683608055e-03;-1.210517156869173050e-02;4.164183046668767929e-03
-2.829818520694971085e-03;-6.778850220143795013e-03;5.229447502642869949e-03
-2.829818520694971085e-03;-6.778850220143795013e-03;5.229447502642869949e-03
-8.156140334904193878e-03;6.780001567676663399e-04;-5.423195660114288330e-03
-8.156140334904193878e-03;6.780001567676663399e-04;-5.423195660114288330e-03
7.822824642062187195e-03;2.808528719469904900e-03;-9.687403507996350527e-05
1.431238837540149689e-03;2.808528719469904900e-03;-8.618988096714019775e-03
1.431238837540149689e-03;2.808528719469904900e-03;-8.618988096714019775e-03
-1.764554181136190891e-03;6.004321854561567307e-03;5.229447502642869949e-03
-1.764554181136190891e-03;6.004321854561567307e-03;5.229447502642869949e-03
-9.221404790878295898e-03;1.743264496326446533e-03;4.164183046668767929e-03
-9.221404790878295898e-03;1.743264496326446533e-03;4.164183046668767929e-03
-7.090875878930091858e-03;3.873793175444006920e-03;9.683902608230710030e-04
-7.090875878930091858e-03;3.873793175444006920e-03;9.683902608230710030e-04
6.757560186088085175e-03;2.808528719469904900e-03;9.490503929555416107e-03
6.757560186088085175e-03;2.808528719469904900e-03;9.490503929555416107e-03
-1.764554181136190891e-03;7.069585844874382019e-03;-4.357931204140186310e-03
-1.764554181136190891e-03;7.069585844874382019e-03;-4.357931204140186310e-03
3.659744688775390387e-04;-5.713585764169692993e-03;-5.423195660114288330e-03
-1.764554181136190891e-03;8.134850300848484039e-03;-5.423195660114288330e-03
-1.764554181136190891e-03;8.134850300848484039e-03;-5.423195660114288330e-03
7.822824642062187195e-03;-3.583057085052132607e-03;3.098918823525309563e-03
7.822824642062187195e-03;-3.583057085052132607e-03;3.098918823525309563e-03
3.659744688775390387e-04;-7.844114676117897034e-03;9.683902608230710030e-04
3.659744688775390387e-04;-7.844114676117897034e-03;9.683902608230710030e-04
3.659744688775390387e-04;-3.872641536872833967e-04;3.098918823525309563e-03
3.659744688775390387e-04;-3.872641536872833967e-04;3.098918823525309563e-03
7.822824642062187195e-03;-7.844114676117897034e-03;-9.687403507996350527e-05
7.822824642062187195e-03;-7.844114676117897034e-03;-9.687403507996350527e-05
-6.992898415774106979e-04;6.780001567676663399e-04;1.268629729747772217e-02
-6.992898415774106979e-04;6.780001567676663399e-04;1.268629729747772217e-02
9.953353554010391235e-03;3.873793175444006920e-03;-3.292666980996727943e-03
-4.960346966981887817e-03;6.780001567676663399e-04;1.162103284150362015e-02
-4.960346966981887817e-03;6.780001567676663399e-04;1.162103284150362015e-02
-1.764554181136190891e-03;6.004321854561567307e-03;-4.357931204140186310e-03
-1.764554181136190891e-03;6.004321854561567307e-03;-4.357931204140186310e-03
2.496503060683608055e-03;8.134850300848484039e-03;-1.162138301879167557e-03
2.496503060683608055e-03;8.134850300848484039e-03;-1.162138301879167557e-03
3.561767516657710075e-03;-1.103990711271762848e-02;9.490503929555416107e-03
3.561767516657710075e-03;-1.103990711271762848e-02;9.490503929555416107e-03
1.101861800998449326e-02;-3.872641536872833967e-04;2.033654600381851196e-03
1.101861800998449326e-02;-3.872641536872833967e-04;2.033654600381851196e-03
-3.895082743838429451e-03;2.808528719469904900e-03;-3.292666980996727943e-03
-1.764554181136190891e-03;6.004321854561567307e-03;3.098918823525309563e-03
-1.764554181136190891e-03;6.004321854561567307e-03;3.098918823525309563e-03
-8.156140334904193878e-03;2.808528719469904900e-03;-5.423195660114288330e-03
-8.156140334904193878e-03;2.808528719469904900e-03;-5.423195660114288330e-03
8.888089098036289215e-03;1.743264496326446533e-03;-6.488460116088390350e-03
8.888089098036289215e-03;1.743264496326446533e-03;-6.488460116088390350e-03
-6.992898415774106979e-04;-1.103990711271762848e-02;8.425240404903888702e-03
-6.992898415774106979e-04;-1.103990711271762848e-02;8.425240404903888702e-03
-4.960346966981887817e-03;-7.844114676117897034e-03;8.425240404903888702e-03
-4.960346966981887817e-03;-7.844114676117897034e-03;8.425240404903888702e-03
4.627031739801168442e-03;-3.872641536872833967e-04;3.098918823525309563e-03
4.627031739801168442e-03;-3.872641536872833967e-04;3.098918823525309563e-03
4.627031739801168442e-03;-3.872641536872833967e-04;3.098918823525309563e-03
4.627031739801168442e-03;-3.872641536872833967e-04;3.098918823525309563e-03
-7.090875878930091858e-03;4.939057398587465286e-03;-5.423195660114288330e-03
-4.960346966981887817e-03;3.873793175444006920e-03;-1.074951793998479843e-02
-4.960346966981887817e-03;3.873793175444006920e-03;-1.074951793998479843e-02
-1.764554181136190891e-03;-2.517792861908674240e-03;9.683902608230710030e-04
-1.764554181136190891e-03;-2.517792861908674240e-03;9.683902608230710030e-04
-1.131074968725442886e-02;-1.226252410560846329e-03;-1.376606523990631104e-03
-1.131074968725442886e-02;-1.226252410560846329e-03;-1.376606523990631104e-03
-4.919163882732391357e-03;-1.081363111734390259e-02;-1.309451367706060410e-02
-4.919163882732391357e-03;-1.081363111734390259e-02;-1.309451367706060410e-02
-3.853899426758289337e-03;-1.226252410560846329e-03;-3.507135203108191490e-03
-3.853899426758289337e-03;-1.226252410560846329e-03;-3.507135203108191490e-03
8.929272182285785675e-03;-7.617838215082883835e-03;7.145508192479610443e-03
4.071577568538486958e-04;9.042762685567140579e-04;-8.833456784486770630e-03
4.071577568538486958e-04;9.042762685567140579e-04;-8.833456784486770630e-03
3.602950600907206535e-03;-2.291516633704304695e-03;-7.768192328512668610e-03
3.602950600907206535e-03;-2.291516633704304695e-03;-7.768192328512668610e-03
7.864007726311683655e-03;-1.609880710020661354e-04;-3.113422135356813669e-04
7.864007726311683655e-03;-1.609880710020661354e-04;-3.113422135356813669e-04
-3.853899426758289337e-03;-1.081363111734390259e-02;7.145508192479610443e-03
-3.853899426758289337e-03;-1.081363111734390259e-02;7.145508192479610443e-03
-3.853899426758289337e-03;5.165333393961191177e-03;6.080243736505508423e-03
-3.853899426758289337e-03;5.165333393961191177e-03;6.080243736505508423e-03
7.864007726311683655e-03;5.165333393961191177e-03;1.819186378270387650e-03
7.864007726311683655e-03;5.165333393961191177e-03;1.819186378270387650e-03
6.798743735998868942e-03;-1.507468800991773605e-02;-2.441870747134089470e-03
1.472422038204967976e-03;-4.422045312821865082e-03;-7.768192328512668610e-03
1.472422038204967976e-03;-4.422045312821865082e-03;-7.768192328512668610e-03
7.864007726311683655e-03;-5.487309768795967102e-03;6.080243736505508423e-03
7.864007726311683655e-03;-5.487309768795967102e-03;6.080243736505508423e-03
-5.984428338706493378e-03;-6.552573759108781815e-03;1.140656508505344391e-02
-5.984428338706493378e-03;-6.552573759108781815e-03;1.140656508505344391e-02
-6.581065827049314976e-04;1.969540491700172424e-03;-3.113422135356813669e-04
-6.581065827049314976e-04;1.969540491700172424e-03;-3.113422135356813669e-04
7.864007726311683655e-03;5.165333393961191177e-03;-5.637663882225751877e-03
7.864007726311683655e-03;5.165333393961191177e-03;-5.637663882225751877e-03
2.537686377763748169e-03;-2.291516633704304695e-03;-3.507135203108191490e-03
-5.984428338706493378e-03;6.230597849935293198e-03;-9.898721240460872650e-03
-5.984428338706493378e-03;6.230597849935293198e-03;-9.898721240460872650e-03
-4.919163882732391357e-03;-4.422045312821865082e-03;7.539220969192683697e-04
-4.919163882732391357e-03;-4.422045312821865082e-03;7.539220969192683697e-04
-3.853899426758289337e-03;-3.356781089678406715e-03;-3.113422135356813669e-04
-3.853899426758289337e-03;-3.356781089678406715e-03;-3.113422135356813669e-04
-4.919163882732391357e-03;7.295862305909395218e-03;-3.113422135356813669e-04
-4.919163882732391357e-03;7.295862305909395218e-03;-3.113422135356813669e-04
4.071577568538486958e-04;-4.422045312821865082e-03;8.210772648453712463e-03
4.071577568538486958e-04;-4.422045312821865082e-03;8.210772648453712463e-03
2.537686377763748169e-03;6.230597849935293198e-03;-1.415977813303470612e-02
2.537686377763748169e-03;6.230597849935293198e-03;-1.415977813303470612e-02
-6.581065827049314976e-04;5.165333393961191177e-03;-9.898721240460872650e-03
7.864007726311683655e-03;1.969540491700172424e-03;-8.833456784486770630e-03
7.864007726311683655e-03;1.969540491700172424e-03;-8.833456784486770630e-03
-6.581065827049314976e-04;-3.356781089678406715e-03;-8.833456784486770630e-03
-6.581065827049314976e-04;-3.356781089678406715e-03;-8.833456784486770630e-03
4.071577568538486958e-04;9.042762685567140579e-04;7.539220969192683697e-04
4.071577568538486958e-04;9.042762685567140579e-04;7.539220969192683697e-04
-5.984428338706493378e-03;7.295862305909395218e-03;3.949714824557304382e-03
-5.984428338706493378e-03;7.295862305909395218e-03;3.949714824557304382e-03
-8.114956319332122803e-03;-7.617838215082883835e-03;7.145508192479610443e-03
-8.114956319332122803e-03;-7.617838215082883835e-03;7.145508192479610443e-03
7.864007726311683655e-03;-1.609880710020661354e-04;2.884450834244489670e-03
7.864007726311683655e-03;-1.609880710020661354e-04;2.884450834244489670e-03
4.668214824050664902e-03;9.042762685567140579e-04;-1.376606523990631104e-03
3.602950600907206535e-03;-2.291516633704304695e-03;7.539220969192683697e-04
3.602950600907206535e-03;-2.291516633704304695e-03;7.539220969192683697e-04
1.472422038204967976e-03;-1.081363111734390259e-02;-3.113422135356813669e-04
1.472422038204967976e-03;-1.081363111734390259e-02;-3.113422135356813669e-04
6.798743735998868942e-03;-1.609880710020661354e-04;-5.637663882225751877e-03
6.798743735998868942e-03;-1.609880710020661354e-04;-5.637663882225751877e-03
-3.853899426758289337e-03;-8.683102205395698547e-03;2.884450834244489670e-03
-3.853899426758289337e-03;-8.683102205395698547e-03;2.884450834244489670e-03
4.071577568538486958e-04;-7.617838215082883835e-03;5.014979280531406403e-03
4.071577568538486958e-04;-7.617838215082883835e-03;5.014979280531406403e-03
-1.723370864056050777e-03;-1.226252410560846329e-03;-5.637663882225751877e-03
-1.723370864056050777e-03;-1.226252410560846329e-03;-5.637663882225751877e-03
-5.984428338706493378e-03;3.034804947674274445e-03;3.949714824557304382e-03
6.798743735998868942e-03;-4.422045312821865082e-03;-5.637663882225751877e-03
6.798743735998868942e-03;-4.422045312821865082e-03;-5.637663882225751877e-03
7.864007726311683655e-03;-1.609880710020661354e-04;-6.702928338199853897e-03
7.864007726311683655e-03;-1.609880710020661354e-04;-6.702928338199853897e-03
3.602950600907206535e-03;6.230597849935293198e-03;-1.376606523990631104e-03
3.602950600907206535e-03;6.230597849935293198e-03;-1.376606523990631104e-03
-7.049692329019308090e-03;9.042762685567140579e-04;-2.441870747134089470e-03
-7.049692329019308090e-03;9.042762685567140579e-04;-2.441870747134089470e-03
8.929272182285785675e-03;3.034804947674274445e-03;-5.637663882225751877e-03
8.929272182285785675e-03;3.034804947674274445e-03;-5.637663882225751877e-03
7.864007726311683655e-03;-4.422045312821865082e-03;7.539220969192683697e-04
-2.788635203614830971e-03;-8.683102205395698547e-03;-3.507135203108191490e-03
-2.788635203614830971e-03;-8.683102205395698547e-03;-3.507135203108191490e-03
1.212506555020809174e-02;1.969540491700172424e-03;1.819186378270387650e-03
1.212506555020809174e-02;1.969540491700172424e-03;1.819186378270387650e-03
-2.788635203614830971e-03;9.426390752196311951e-03;-5.637663882225751877e-03
-2.788635203614830971e-03;9.426390752196311951e-03;-5.637663882225751877e-03
4.071577568538486958e-04;1.969540491700172424e-03;-6.702928338199853897e-03
4.071577568538486958e-04;1.969540491700172424e-03;-6.702928338199853897e-03
4.071577568538486958e-04;-6.552573759108781815e-03;2.884450834244489670e-03
4.071577568538486958e-04;-6.552573759108781815e-03;2.884450834244489670e-03
6.704191211611032486e-03;-9.721410460770130157e-04;-1.129353418946266174e-03
3.508398076519370079e-03;1.158387516625225544e-03;6.327496841549873352e-03
3.508398076519370079e-03;1.158387516625225544e-03;6.327496841549873352e-03
-1.817923504859209061e-03;5.419444758445024490e-03;3.131703939288854599e-03
-1.817923504859209061e-03;5.419444758445024490e-03;3.131703939288854599e-03
3.508398076519370079e-03;7.549973670393228531e-03;-6.408906483557075262e-05
3.508398076519370079e-03;7.549973670393228531e-03;-6.408906483557075262e-05
-5.013716407120227814e-03;-7.363726850599050522e-03;4.196968395262956619e-03
-5.013716407120227814e-03;-7.363726850599050522e-03;4.196968395262956619e-03
-8.209509775042533875e-03;-5.233198404312133789e-03;-2.194617642089724541e-03
-8.209509775042533875e-03;-5.233198404312133789e-03;-2.194617642089724541e-03
-6.078980863094329834e-03;-9.721410460770130157e-04;-3.259882098063826561e-03
-6.078980863094329834e-03;-9.721410460770130157e-04;-3.259882098063826561e-03
5.638926755636930466e-03;-9.494255296885967255e-03;-4.325146321207284927e-03
-1.817923504859209061e-03;1.158387516625225544e-03;3.131703939288854599e-03
-1.817923504859209061e-03;1.158387516625225544e-03;3.131703939288854599e-03
6.704191211611032486e-03;1.158387516625225544e-03;-8.586203679442405701e-03
6.704191211611032486e-03;1.158387516625225544e-03;-8.586203679442405701e-03
-6.078980863094329834e-03;-4.167933948338031769e-03;-3.259882098063826561e-03
-6.078980863094329834e-03;-4.167933948338031769e-03;-3.259882098063826561e-03
4.573662299662828445e-03;-2.037405502051115036e-03;1.001175260171294212e-03
4.573662299662828445e-03;-2.037405502051115036e-03;1.001175260171294212e-03
3.126051451545208693e-04;4.354180302470922470e-03;-2.194617642089724541e-03
3.126051451545208693e-04;4.354180302470922470e-03;-2.194617642089724541e-03
-1.817923504859209061e-03;9.312324255006387830e-05;8.458025753498077393e-03
-1.817923504859209061e-03;9.312324255006387830e-05;8.458025753498077393e-03
2.443133853375911713e-03;-1.055951975286006927e-02;-3.259882098063826561e-03
1.377869513817131519e-03;-2.037405502051115036e-03;-3.259882098063826561e-03
1.377869513817131519e-03;-2.037405502051115036e-03;-3.259882098063826561e-03
9.899984113872051239e-03;9.680502116680145264e-03;-6.455674767494201660e-03
9.899984113872051239e-03;9.680502116680145264e-03;-6.455674767494201660e-03
3.126051451545208693e-04;7.549973670393228531e-03;-6.455674767494201660e-03
3.126051451545208693e-04;7.549973670393228531e-03;-6.455674767494201660e-03
-1.817923504859209061e-03;8.615237660706043243e-03;1.058855466544628143e-02
-1.817923504859209061e-03;8.615237660706043243e-03;1.058855466544628143e-02
-1.817923504859209061e-03;-2.037405502051115036e-03;1.591487601399421692e-02
-1.817923504859209061e-03;-2.037405502051115036e-03;1.591487601399421692e-02
3.126051451545208693e-04;2.223651856184005737e-03;3.131703939288854599e-03
3.126051451545208693e-04;2.223651856184005737e-03;3.131703939288854599e-03
4.573662299662828445e-03;9.680502116680145264e-03;-4.325146321207284927e-03
9.899984113872051239e-03;-8.428990840911865234e-03;-6.408906483557075262e-05
9.899984113872051239e-03;-8.428990840911865234e-03;-6.408906483557075262e-05
3.126051451545208693e-04;-6.298462860286235809e-03;7.392761297523975372e-03
3.126051451545208693e-04;-6.298462860286235809e-03;7.392761297523975372e-03
5.638926755636930466e-03;-3.102669725194573402e-03;-2.194617642089724541e-03
5.638926755636930466e-03;-3.102669725194573402e-03;-2.194617642089724541e-03
-7.526591653004288673e-04;3.288916079327464104e-03;-6.408906483557075262e-05
-7.526591653004288673e-04;3.288916079327464104e-03;-6.408906483557075262e-05
1.096524856984615326e-02;-7.363726850599050522e-03;-2.194617642089724541e-03
1.096524856984615326e-02;-7.363726850599050522e-03;-2.194617642089724541e-03
-3.948451951146125793e-03;1.158387516625225544e-03;5.262232385575771332e-03
-3.948451951146125793e-03;1.158387516625225544e-03;5.262232385575771332e-03
-8.209509775042533875e-03;8.615237660706043243e-03;3.131703939288854599e-03
-7.144244853407144547e-03;6.484709214419126511e-03;-1.129353418946266174e-03
-7.144244853407144547e-03;6.484709214419126511e-03;-1.129353418946266174e-03
1.377869513817131519e-03;3.288916079327464104e-03;-5.390410777181386948e-03
1.377869513817131519e-03;3.288916079327464104e-03;-5.390410777181386948e-03
-7.144244853407144547e-03;3.288916079327464104e-03;8.458025753498077393e-03
-7.144244853407144547e-03;3.288916079327464104e-03;8.458025753498077393e-03
-1.353583112359046936e-02;7.549973670393228531e-03;-2.194617642089724541e-03
-1.353583112359046936e-02;7.549973670393228531e-03;-2.194617642089724541e-03
-5.013716407120227814e-03;-1.588584110140800476e-02;-6.408906483557075262e-05
-5.013716407120227814e-03;-1.588584110140800476e-02;-6.408906483557075262e-05
-5.013716407120227814e-03;1.158387516625225544e-03;6.327496841549873352e-03
1.377869513817131519e-03;-8.428990840911865234e-03;1.058855466544628143e-02
1.377869513817131519e-03;-8.428990840911865234e-03;1.058855466544628143e-02
-7.144244853407144547e-03;-2.037405502051115036e-03;4.196968395262956619e-03
-7.144244853407144547e-03;-2.037405502051115036e-03;4.196968395262956619e-03
-9.274773299694061279e-03;-9.494255296885967255e-03;1.698014140129089355e-02
-9.274773299694061279e-03;-9.494255296885967255e-03;1.698014140129089355e-02
-1.817923504859209061e-03;2.223651856184005737e-03;3.131703939288854599e-03
-1.817923504859209061e-03;2.223651856184005737e-03;3.131703939288854599e-03
-3.948451951146125793e-03;1.158387516625225544e-03;-3.259882098063826561e-03
-3.948451951146125793e-03;1.158387516625225544e-03;-3.259882098063826561e-03
-1.140530221164226532e-02;9.312324255006387830e-05;-7.520939223468303680e-03
-1.140530221164226532e-02;9.312324255006387830e-05;-7.520939223468303680e-03
-1.034003775566816330e-02;3.288916079327464104e-03;-3.259882098063826561e-03
4.573662299662828445e-03;3.288916079327464104e-03;-1.129353418946266174e-03
4.573662299662828445e-03;3.288916079327464104e-03;-1.129353418946266174e-03
-3.948451951146125793e-03;9.312324255006387830e-05;2.066439483314752579e-03
-3.948451951146125793e-03;9.312324255006387830e-05;2.066439483314752579e-03
4.573662299662828445e-03;-6.298462860286235809e-03;-5.390410777181386948e-03
4.573662299662828445e-03;-6.298462860286235809e-03;-5.390410777181386948e-03
3.508398076519370079e-03;-1.055951975286006927e-02;-6.408906483557075262e-05
3.508398076519370079e-03;-1.055951975286006927e-02;-6.408906483557075262e-05
1.377869513817131519e-03;2.223651856184005737e-03;3.131703939288854599e-03
1.377869513817131519e-03;2.223651856184005737e-03;3.131703939288854599e-03
-1.817923504859209061e-03;-9.721410460770130157e-04;-5.390410777181386948e-03
-1.817923504859209061e-03;-9.721410460770130157e-04;-5.390410777181386948e-03
6.704191211611032486e-03;9.680502116680145264e-03;2.066439483314752579e-03
-7.526591653004288673e-04;-7.363726850599050522e-03;-6.408906483557075262e-05
-7.526591653004288673e-04;-7.363726850599050522e-03;-6.408906483557075262e-05
7.682365830987691879e-03;8.578775450587272644e-03;-6.786284502595663071e-03
7.682365830987691879e-03;8.578775450587272644e-03;-6.786284502595663071e-03
-1.042712759226560593e-02;1.121925190091133118e-03;2.801094204187393188e-03
-1.042712759226560593e-02;1.121925190091133118e-03;2.801094204187393188e-03
-1.905012992210686207e-03;2.187189413234591484e-03;-5.721020046621561050e-03
-1.905012992210686207e-03;2.187189413234591484e-03;-5.721020046621561050e-03
2.356044249609112740e-03;-7.400189526379108429e-03;2.801094204187393188e-03
2.356044249609112740e-03;-7.400189526379108429e-03;2.801094204187393188e-03
-8.397487108595669270e-04;-8.465453982353210449e-03;9.192680008709430695e-03
-7.231334690004587173e-03;1.121925190091133118e-03;-5.721020046621561050e-03
-7.231334690004587173e-03;1.121925190091133118e-03;-5.721020046621561050e-03
-1.905012992210686207e-03;7.513510994613170624e-03;-1.104734186083078384e-02
-1.905012992210686207e-03;7.513510994613170624e-03;-1.104734186083078384e-02
1.290779910050332546e-03;2.187189413234591484e-03;1.735829981043934822e-03
1.290779910050332546e-03;2.187189413234591484e-03;1.735829981043934822e-03
5.551837384700775146e-03;5.666082506650127470e-05;-7.851548492908477783e-03
5.551837384700775146e-03;5.666082506650127470e-05;-7.851548492908477783e-03
1.290779910050332546e-03;5.666082506650127470e-05;6.705656996928155422e-04
1.290779910050332546e-03;5.666082506650127470e-05;6.705656996928155422e-04
-6.166070234030485153e-03;2.187189413234591484e-03;-2.525227377191185951e-03
-6.166070234030485153e-03;2.187189413234591484e-03;-2.525227377191185951e-03
-5.100805778056383133e-03;-4.204396624118089676e-03;-3.590491600334644318e-03
-5.100805778056383133e-03;-4.204396624118089676e-03;-3.590491600334644318e-03
8.747629821300506592e-03;-9.530718438327312469e-03;-1.850419305264949799e-02
1.726974546909332275e-02;4.317718092352151871e-03;-4.655756056308746338e-03
1.726974546909332275e-02;4.317718092352151871e-03;-4.655756056308746338e-03
1.290779910050332546e-03;5.666082506650127470e-05;-4.655756056308746338e-03
1.290779910050332546e-03;5.666082506650127470e-05;-4.655756056308746338e-03
-8.397487108595669270e-04;3.252453869208693504e-03;-4.655756056308746338e-03
-8.397487108595669270e-04;3.252453869208693504e-03;-4.655756056308746338e-03
5.551837384700775146e-03;1.121925190091133118e-03;-1.459962921217083931e-03
5.551837384700775146e-03;1.121925190091133118e-03;-1.459962921217083931e-03
1.087815873324871063e-02;5.666082506650127470e-05;1.345373690128326416e-02
1.087815873324871063e-02;5.666082506650127470e-05;1.345373690128326416e-02
-2.970277331769466400e-03;5.666082506650127470e-05;7.062151562422513962e-03
-2.970277331769466400e-03;5.666082506650127470e-05;7.062151562422513962e-03
8.747629821300506592e-03;-3.139132168143987656e-03;6.705656996928155422e-04
-8.397487108595669270e-04;-7.400189526379108429e-03;7.062151562422513962e-03
-8.397487108595669270e-04;-7.400189526379108429e-03;7.062151562422513962e-03
3.421308472752571106e-03;5.666082506650127470e-05;-1.104734186083078384e-02
3.421308472752571106e-03;5.666082506650127470e-05;-1.104734186083078384e-02
1.290779910050332546e-03;-1.008603489026427269e-03;-7.851548492908477783e-03
1.290779910050332546e-03;-1.008603489026427269e-03;-7.851548492908477783e-03
7.682365830987691879e-03;-1.008603489026427269e-03;4.931623116135597229e-03
7.682365830987691879e-03;-1.008603489026427269e-03;4.931623116135597229e-03
4.486572928726673126e-03;1.390509679913520813e-02;6.705656996928155422e-04
4.486572928726673126e-03;1.390509679913520813e-02;6.705656996928155422e-04
-2.970277331769466400e-03;-1.059598196297883987e-02;7.062151562422513962e-03
-2.970277331769466400e-03;-1.059598196297883987e-02;7.062151562422513962e-03
1.407395210117101669e-02;-2.073867712169885635e-03;1.735829981043934822e-03
1.087815873324871063e-02;3.252453869208693504e-03;-3.946986398659646511e-04
1.087815873324871063e-02;3.252453869208693504e-03;-3.946986398659646511e-04
-1.042712759226560593e-02;6.448246538639068604e-03;7.062151562422513962e-03
-1.042712759226560593e-02;6.448246538639068604e-03;7.062151562422513962e-03
-8.397487108595669270e-04;6.448246538639068604e-03;1.025794353336095810e-02
-8.397487108595669270e-04;6.448246538639068604e-03;1.025794353336095810e-02
-8.397487108595669270e-04;6.448246538639068604e-03;1.025794353336095810e-02
-8.397487108595669270e-04;6.448246538639068604e-03;1.025794353336095810e-02
-2.970277331769466400e-03;1.070930436253547668e-02;-5.721020046621561050e-03
-2.970277331769466400e-03;1.070930436253547668e-02;-5.721020046621561050e-03
-6.166070234030485153e-03;2.187189413234591484e-03;7.062151562422513962e-03
-8.397487108595669270e-04;-3.139132168143987656e-03;-1.211260631680488586e-02
-8.397487108595669270e-04;-3.139132168143987656e-03;-1.211260631680488586e-02
2.255156286992132664e-04;5.666082506650127470e-05;7.062151562422513962e-03
2.255156286992132664e-04;5.666082506650127470e-05;7.062151562422513962e-03
1.290779910050332546e-03;-1.272651087492704391e-02;7.062151562422513962e-03
1.290779910050332546e-03;-1.272651087492704391e-02;7.062151562422513962e-03
-4.035541787743568420e-03;2.187189413234591484e-03;1.558426581323146820e-02
-4.035541787743568420e-03;2.187189413234591484e-03;1.558426581323146820e-02
-6.166070234030485153e-03;-5.269660614430904388e-03;9.192680008709430695e-03
-6.166070234030485153e-03;-5.269660614430904388e-03;9.192680008709430695e-03
-1.149239204823970795e-02;5.382982548326253891e-03;1.735829981043934822e-03
-1.149239204823970795e-02;5.382982548326253891e-03;1.735829981043934822e-03
3.421308472752571106e-03;3.252453869208693504e-03;2.801094204187393188e-03
3.421308472752571106e-03;-6.334925070405006409e-03;-2.525227377191185951e-03
3.421308472752571106e-03;-6.334925070405006409e-03;-2.525227377191185951e-03
-8.296598680317401886e-03;-2.073867712169885635e-03;-3.590491600334644318e-03
-8.296598680317401886e-03;-2.073867712169885635e-03;-3.590491600334644318e-03
-1.042712759226560593e-02;-5.269660614430904388e-03;-2.525227377191185951e-03
-1.042712759226560593e-02;-5.269660614430904388e-03;-2.525227377191185951e-03
1.290779910050332546e-03;3.252453869208693504e-03;5.996887106448411942e-03
1.290779910050332546e-03;3.252453869208693504e-03;5.996887106448411942e-03
-8.397487108595669270e-04;-1.592230424284934998e-02;7.062151562422513962e-03
-8.397487108595669270e-04;-1.592230424284934998e-02;7.062151562422513962e-03
1.087815873324871063e-02;-5.269660614430904388e-03;-4.655756056308746338e-03
1.087815873324871063e-02;-5.269660614430904388e-03;-4.655756056308746338e-03
-5.100805778056383133e-03;1.121925190091133118e-03;-1.459962921217083931e-03
-6.166070234030485153e-03;-4.204396624118089676e-03;1.558426581323146820e-02
-6.166070234030485153e-03;-4.204396624118089676e-03;1.558426581323146820e-02
5.551837384700775146e-03;4.317718092352151871e-03;-6.786284502595663071e-03
5.551837384700775146e-03;4.317718092352151871e-03;-6.786284502595663071e-03
3.421308472752571106e-03;5.382982548326253891e-03;3.866358660161495209e-03
3.421308472752571106e-03;5.382982548326253891e-03;3.866358660161495209e-03
-3.007499268278479576e-03;-5.736031103879213333e-03;-2.368392597418278456e-05
-3.007499268278479576e-03;-5.736031103879213333e-03;-2.368392597418278456e-05
-8.333820849657058716e-03;-3.605502657592296600e-03;1.169422361999750137e-02
-8.333820849657058716e-03;-3.605502657592296600e-03;1.169422361999750137e-02
-7.268556393682956696e-03;6.555547006428241730e-04;4.237373359501361847e-03
-7.268556393682956696e-03;6.555547006428241730e-04;4.237373359501361847e-03
-1.152961328625679016e-02;6.555547006428241730e-04;6.367901805788278580e-03
8.710408583283424377e-03;-8.931824006140232086e-03;5.302637815475463867e-03
8.710408583283424377e-03;-8.931824006140232086e-03;5.302637815475463867e-03
2.318822313100099564e-03;-2.540238201618194580e-03;1.041580340825021267e-03
2.318822313100099564e-03;-2.540238201618194580e-03;1.041580340825021267e-03
-1.942234812304377556e-03;-3.605502657592296600e-03;3.172108903527259827e-03
-1.942234812304377556e-03;-3.605502657592296600e-03;3.172108903527259827e-03
-6.203291937708854675e-03;1.720819040201604366e-03;6.367901805788278580e-03
-6.203291937708854675e-03;1.720819040201604366e-03;6.367901805788278580e-03
-8.769705309532582760e-04;-2.540238201618194580e-03;-4.284741356968879700e-03
-8.769705309532582760e-04;-2.540238201618194580e-03;-4.284741356968879700e-03
-4.072763491421937943e-03;-6.801295559853315353e-03;3.172108903527259827e-03
-3.007499268278479576e-03;-1.474973862059414387e-03;3.172108903527259827e-03
-3.007499268278479576e-03;-1.474973862059414387e-03;3.172108903527259827e-03
3.384086769074201584e-03;8.112404495477676392e-03;-9.611061774194240570e-03
3.384086769074201584e-03;8.112404495477676392e-03;-9.611061774194240570e-03
2.318822313100099564e-03;-1.106235291808843613e-02;2.106844680383801460e-03
2.318822313100099564e-03;-1.106235291808843613e-02;2.106844680383801460e-03
-4.072763491421937943e-03;-4.097096098121255636e-04;-2.154212445020675659e-03
-4.072763491421937943e-03;-4.097096098121255636e-04;-2.154212445020675659e-03
-2.005172893404960632e-02;8.112404495477676392e-03;-4.284741356968879700e-03
-2.005172893404960632e-02;8.112404495477676392e-03;-4.284741356968879700e-03
-5.138027947396039963e-03;-1.106235291808843613e-02;-2.154212445020675659e-03
-5.138027947396039963e-03;-1.106235291808843613e-02;-2.154212445020675659e-03
2.318822313100099564e-03;1.720819040201604366e-03;3.172108903527259827e-03
9.775673039257526398e-03;6.555547006428241730e-04;1.062896009534597397e-02
9.775673039257526398e-03;6.555547006428241730e-04;1.062896009534597397e-02
4.449351225048303604e-03;3.851347602903842926e-03;-2.368392597418278456e-05
4.449351225048303604e-03;3.851347602903842926e-03;-2.368392597418278456e-05
1.190620101988315582e-02;2.786083379760384560e-03;7.433166261762380600e-03
1.190620101988315582e-02;2.786083379760384560e-03;7.433166261762380600e-03
-1.942234812304377556e-03;-6.801295559853315353e-03;-4.284741356968879700e-03
-1.942234812304377556e-03;-6.801295559853315353e-03;-4.284741356968879700e-03
-4.072763491421937943e-03;5.981876514852046967e-03;-7.480534259229898453e-03
-4.072763491421937943e-03;5.981876514852046967e-03;-7.480534259229898453e-03
-5.138027947396039963e-03;-3.605502657592296600e-03;1.489001698791980743e-02
-5.138027947396039963e-03;-3.605502657592296600e-03;1.489001698791980743e-02
1.253558089956641197e-03;1.720819040201604366e-03;1.041580340825021267e-03
1.253558089956641197e-03;1.720819040201604366e-03;1.041580340825021267e-03
-8.769705309532582760e-04;7.047140505164861679e-03;-3.219476900994777679e-03
4.449351225048303604e-03;-3.605502657592296600e-03;-2.154212445020675659e-03
4.449351225048303604e-03;-3.605502657592296600e-03;-2.154212445020675659e-03
8.710408583283424377e-03;2.786083379760384560e-03;1.062896009534597397e-02
8.710408583283424377e-03;2.786083379760384560e-03;1.062896009534597397e-02
1.253558089956641197e-03;-2.540238201618194580e-03;-2.154212445020675659e-03
1.253558089956641197e-03;-2.540238201618194580e-03;-2.154212445020675659e-03
-1.942234812304377556e-03;6.555547006428241730e-04;8.498430252075195312e-03
-1.942234812304377556e-03;6.555547006428241730e-04;8.498430252075195312e-03
-1.942234812304377556e-03;2.786083379760384560e-03;-6.415269803255796432e-03
-1.942234812304377556e-03;2.786083379760384560e-03;-6.415269803255796432e-03
2.318822313100099564e-03;-5.736031103879213333e-03;2.106844680383801460e-03
2.318822313100099564e-03;-5.736031103879213333e-03;2.106844680383801460e-03
5.514615215361118317e-03;-5.736031103879213333e-03;7.433166261762380600e-03
-8.769705309532582760e-04;-4.097096098121255636e-04;9.563695639371871948e-03
-8.769705309532582760e-04;-4.097096098121255636e-04;9.563695639371871948e-03
-6.203291937708854675e-03;1.130819786339998245e-02;2.106844680383801460e-03
-6.203291937708854675e-03;1.130819786339998245e-02;2.106844680383801460e-03
3.384086769074201584e-03;6.555547006428241730e-04;-3.219476900994777679e-03
3.384086769074201584e-03;6.555547006428241730e-04;-3.219476900994777679e-03
-8.769705309532582760e-04;4.916612058877944946e-03;-6.415269803255796432e-03
-8.769705309532582760e-04;4.916612058877944946e-03;-6.415269803255796432e-03
3.384086769074201584e-03;-7.866559550166130066e-03;-3.219476900994777679e-03
3.384086769074201584e-03;-7.866559550166130066e-03;-3.219476900994777679e-03
2.318822313100099564e-03;1.720819040201604366e-03;-5.350005347281694412e-03
2.318822313100099564e-03;1.720819040201604366e-03;-5.350005347281694412e-03
-2.005172893404960632e-02;-1.319288183003664017e-02;3.172108903527259827e-03
9.775673039257526398e-03;6.555547006428241730e-04;-8.545798249542713165e-03
9.775673039257526398e-03;6.555547006428241730e-04;-8.545798249542713165e-03
2.318822313100099564e-03;5.981876514852046967e-03;-3.219476900994777679e-03
2.318822313100099564e-03;5.981876514852046967e-03;-3.219476900994777679e-03
-1.152961328625679016e-02;2.786083379760384560e-03;8.498430252075195312e-03
-1.152961328625679016e-02;2.786083379760384560e-03;8.498430252075195312e-03
7.645144127309322357e-03;8.112404495477676392e-03;-1.067632623016834259e-02
7.645144127309322357e-03;8.112404495477676392e-03;-1.067632623016834259e-02
1.510199438780546188e-02;1.720819040201604366e-03;-3.219476900994777679e-03
1.510199438780546188e-02;1.720819040201604366e-03;-3.219476900994777679e-03
2.318822313100099564e-03;-8.931824006140232086e-03;4.237373359501361847e-03
6.579879671335220337e-03;-1.212761737406253815e-02;-5.350005347281694412e-03
6.579879671335220337e-03;-1.212761737406253815e-02;-5.350005347281694412e-03
1.882937940536066890e-04;3.851347602903842926e-03;-1.088948221877217293e-03
1.882937940536066890e-04;3.851347602903842926e-03;-1.088948221877217293e-03
8.710408583283424377e-03;1.130819786339998245e-02;-1.088948221877217293e-03
8.710408583283424377e-03;1.130819786339998245e-02;-1.088948221877217293e-03
2.318822313100099564e-03;-6.801295559853315353e-03;2.106844680383801460e-03
2.318822313100099564e-03;-6.801295559853315353e-03;2.106844680383801460e-03
7.645144127309322357e-03;-1.319288183003664017e-02;3.172108903527259827e-03
7.645144127309322357e-03;-1.319288183003664017e-02;3.172108903527259827e-03
6.741982884705066681e-03;-1.929947873577475548e-03;-2.719758194871246815e-04
6.741982884705066681e-03;1.085322350263595581e-02;3.989081364125013351e-03
6.741982884705066681e-03;1.085322350263595581e-02;3.989081364125013351e-03
-7.106453180313110352e-03;1.265845028683543205e-03;-1.092461869120597839e-02
-7.106453180313110352e-03;1.265845028683543205e-03;-1.092461869120597839e-02
9.937776252627372742e-03;2.331109251827001572e-03;-5.598297342658042908e-03
9.937776252627372742e-03;2.331109251827001572e-03;-5.598297342658042908e-03
7.807247340679168701e-03;-7.256269454956054688e-03;-7.728825788944959641e-03
7.807247340679168701e-03;-7.256269454956054688e-03;-7.728825788944959641e-03
-4.975924734026193619e-03;3.396373707801103592e-03;-2.402504440397024155e-03
-4.975924734026193619e-03;3.396373707801103592e-03;-2.402504440397024155e-03
-4.975924734026193619e-03;-8.646835922263562679e-04;1.144593209028244019e-02
-4.975924734026193619e-03;-8.646835922263562679e-04;1.144593209028244019e-02
1.313356868922710419e-02;-4.060476552695035934e-03;5.054345820099115372e-03
1.313356868922710419e-02;-4.060476552695035934e-03;5.054345820099115372e-03
9.937776252627372742e-03;-8.646835922263562679e-04;3.989081364125013351e-03
3.503970510791987181e-04;-8.321533910930156708e-03;2.923817140981554985e-03
3.503970510791987181e-04;-8.321533910930156708e-03;2.923817140981554985e-03
4.611454438418149948e-03;-1.929947873577475548e-03;1.858552801422774792e-03
4.611454438418149948e-03;-1.929947873577475548e-03;1.858552801422774792e-03
1.415661419741809368e-03;6.592166610062122345e-03;-1.337240100838243961e-03
1.415661419741809368e-03;6.592166610062122345e-03;-1.337240100838243961e-03
1.415661419741809368e-03;-6.191004998981952667e-03;-2.719758194871246815e-04
1.415661419741809368e-03;-6.191004998981952667e-03;-2.719758194871246815e-04
3.503970510791987181e-04;9.787959977984428406e-03;6.119610276073217392e-03
3.503970510791987181e-04;9.787959977984428406e-03;6.119610276073217392e-03
-1.780131598934531212e-03;5.526902154088020325e-03;-4.533032886683940887e-03
-3.910660278052091599e-03;-9.386798366904258728e-03;9.315403178334236145e-03
-3.910660278052091599e-03;-9.386798366904258728e-03;9.315403178334236145e-03
-4.975924734026193619e-03;3.396373707801103592e-03;-6.663561798632144928e-03
-4.975924734026193619e-03;3.396373707801103592e-03;-6.663561798632144928e-03
6.741982884705066681e-03;-4.060476552695035934e-03;-6.663561798632144928e-03
6.741982884705066681e-03;-4.060476552695035934e-03;-6.663561798632144928e-03
9.937776252627372742e-03;2.331109251827001572e-03;-4.533032886683940887e-03
9.937776252627372742e-03;2.331109251827001572e-03;-4.533032886683940887e-03
1.313356868922710419e-02;6.592166610062122345e-03;6.119610276073217392e-03
1.313356868922710419e-02;6.592166610062122345e-03;6.119610276073217392e-03
2.480925759300589561e-03;8.722695522010326385e-03;2.923817140981554985e-03
-8.171717636287212372e-03;-2.995212096720933914e-03;3.989081364125013351e-03
-8.171717636287212372e-03;-2.995212096720933914e-03;3.989081364125013351e-03
-2.845395822077989578e-03;-2.995212096720933914e-03;1.858552801422774792e-03
-2.845395822077989578e-03;-2.995212096720933914e-03;1.858552801422774792e-03
3.503970510791987181e-04;-8.646835922263562679e-04;-3.467768663540482521e-03
3.503970510791987181e-04;-8.646835922263562679e-04;-3.467768663540482521e-03
4.611454438418149948e-03;4.461638163775205612e-03;-2.719758194871246815e-04
4.611454438418149948e-03;4.461638163775205612e-03;-2.719758194871246815e-04
2.480925759300589561e-03;2.331109251827001572e-03;-5.598297342658042908e-03
2.480925759300589561e-03;2.331109251827001572e-03;-5.598297342658042908e-03
5.676718428730964661e-03;1.265845028683543205e-03;3.989081364125013351e-03
5.676718428730964661e-03;1.265845028683543205e-03;3.989081364125013351e-03
2.480925759300589561e-03;-9.386798366904258728e-03;1.251119654625654221e-02
3.503970510791987181e-04;-4.060476552695035934e-03;5.054345820099115372e-03
3.503970510791987181e-04;-4.060476552695035934e-03;5.054345820099115372e-03
2.480925759300589561e-03;2.331109251827001572e-03;-6.663561798632144928e-03
2.480925759300589561e-03;2.331109251827001572e-03;-6.663561798632144928e-03
7.807247340679168701e-03;-4.060476552695035934e-03;6.119610276073217392e-03
7.807247340679168701e-03;-4.060476552695035934e-03;6.119610276073217392e-03
-1.136751007288694382e-02;-6.191004998981952667e-03;2.923817140981554985e-03
-1.136751007288694382e-02;-6.191004998981952667e-03;2.923817140981554985e-03
1.845989003777503967e-02;-7.256269454956054688e-03;3.989081364125013351e-03
1.845989003777503967e-02;-7.256269454956054688e-03;3.989081364125013351e-03
-2.845395822077989578e-03;-8.646835922263562679e-04;-6.663561798632144928e-03
-2.845395822077989578e-03;-8.646835922263562679e-04;-6.663561798632144928e-03
-2.845395822077989578e-03;2.005807327805086970e-04;-9.859354235231876373e-03
6.741982884705066681e-03;8.722695522010326385e-03;-7.728825788944959641e-03
6.741982884705066681e-03;8.722695522010326385e-03;-7.728825788944959641e-03
3.546189982444047928e-03;8.722695522010326385e-03;1.038066763430833817e-02
3.546189982444047928e-03;8.722695522010326385e-03;1.038066763430833817e-02
-1.780131598934531212e-03;-5.125741008669137955e-03;-6.663561798632144928e-03
-1.780131598934531212e-03;-5.125741008669137955e-03;-6.663561798632144928e-03
7.807247340679168701e-03;-7.256269454956054688e-03;8.250138722360134125e-03
7.807247340679168701e-03;-7.256269454956054688e-03;8.250138722360134125e-03
8.872511796653270721e-03;-6.191004998981952667e-03;-1.944673247635364532e-02
8.872511796653270721e-03;-6.191004998981952667e-03;-1.944673247635364532e-02
3.546189982444047928e-03;-4.060476552695035934e-03;-5.598297342658042908e-03
3.546189982444047928e-03;-4.060476552695035934e-03;-5.598297342658042908e-03
6.741982884705066681e-03;5.526902154088020325e-03;-2.402504440397024155e-03
6.741982884705066681e-03;-8.646835922263562679e-04;-2.719758194871246815e-04
6.741982884705066681e-03;-8.646835922263562679e-04;-2.719758194871246815e-04
3.546189982444047928e-03;-4.060476552695035934e-03;1.144593209028244019e-02
3.546189982444047928e-03;-4.060476552695035934e-03;1.144593209028244019e-02
4.611454438418149948e-03;-8.646835922263562679e-04;7.932885200716555119e-04
4.611454438418149948e-03;-8.646835922263562679e-04;7.932885200716555119e-04
-1.780131598934531212e-03;4.461638163775205612e-03;-1.337240100838243961e-03
-1.780131598934531212e-03;4.461638163775205612e-03;-1.337240100838243961e-03
2.480925759300589561e-03;2.005807327805086970e-04;-9.859354235231876373e-03
2.480925759300589561e-03;2.005807327805086970e-04;-9.859354235231876373e-03
-2.845395822077989578e-03;-2.995212096720933914e-03;-1.412041112780570984e-02
-2.845395822077989578e-03;-2.995212096720933914e-03;-1.412041112780570984e-02
6.741982884705066681e-03;-2.995212096720933914e-03;-9.859354235231876373e-03
3.546189982444047928e-03;4.461638163775205612e-03;-2.719758194871246815e-04
3.546189982444047928e-03;4.461638163775205612e-03;-2.719758194871246815e-04
7.489650975912809372e-03;-4.515212203841656446e-04;1.854447764344513416e-03
7.489650975912809372e-03;-4.515212203841656446e-04;1.854447764344513416e-03
9.620179422199726105e-03;-4.515212203841656446e-04;2.919712103903293610e-03
9.620179422199726105e-03;-4.515212203841656446e-04;2.919712103903293610e-03
-9.554577991366386414e-03;2.744271652773022652e-03;5.050240550190210342e-03
-9.554577991366386414e-03;2.744271652773022652e-03;5.050240550190210342e-03
-1.032463740557432175e-03;4.874800331890583038e-03;2.919712103903293610e-03
-1.032463740557432175e-03;4.874800331890583038e-03;2.919712103903293610e-03
5.359122063964605331e-03;3.809536108747124672e-03;-5.602402612566947937e-03
-9.554577991366386414e-03;3.809536108747124672e-03;8.246033452451229095e-03
-9.554577991366386414e-03;3.809536108747124672e-03;8.246033452451229095e-03
-1.032463740557432175e-03;-1.516785589046776295e-03;-1.199398748576641083e-02
-1.032463740557432175e-03;-1.516785589046776295e-03;-1.199398748576641083e-02
-5.293521098792552948e-03;5.940064787864685059e-03;7.891834829933941364e-04
-5.293521098792552948e-03;5.940064787864685059e-03;7.891834829933941364e-04
8.554914966225624084e-03;3.809536108747124672e-03;-2.406609477475285530e-03
8.554914966225624084e-03;3.809536108747124672e-03;-2.406609477475285530e-03
3.280056989751756191e-05;-4.515212203841656446e-04;-8.798195049166679382e-03
3.280056989751756191e-05;-4.515212203841656446e-04;-8.798195049166679382e-03
-4.228256642818450928e-03;3.809536108747124672e-03;-2.760808274615556002e-04
-4.228256642818450928e-03;3.809536108747124672e-03;-2.760808274615556002e-04
-8.489313535392284393e-03;9.135857224464416504e-03;3.984976559877395630e-03
-3.162992419674992561e-03;1.126638613641262054e-02;7.180769462138414383e-03
-3.162992419674992561e-03;1.126638613641262054e-02;7.180769462138414383e-03
1.098064938560128212e-03;-7.908371277153491974e-03;8.246033452451229095e-03
1.098064938560128212e-03;-7.908371277153491974e-03;8.246033452451229095e-03
-7.424049545079469681e-03;3.809536108747124672e-03;3.984976559877395630e-03
-7.424049545079469681e-03;3.809536108747124672e-03;3.984976559877395630e-03
-9.554577991366386414e-03;6.137430900707840919e-04;-1.199398748576641083e-02
-9.554577991366386414e-03;6.137430900707840919e-04;-1.199398748576641083e-02
1.098064938560128212e-03;4.874800331890583038e-03;6.115505006164312363e-03
1.098064938560128212e-03;4.874800331890583038e-03;6.115505006164312363e-03
-1.032463740557432175e-03;-1.516785589046776295e-03;-3.471873700618743896e-03
-1.032463740557432175e-03;-1.516785589046776295e-03;-3.471873700618743896e-03
-4.228256642818450928e-03;-7.908371277153491974e-03;-2.760808274615556002e-04
-6.358785089105367661e-03;1.679007429629564285e-03;-3.471873700618743896e-03
-6.358785089105367661e-03;1.679007429629564285e-03;-3.471873700618743896e-03
7.489650975912809372e-03;-1.216942910104990005e-02;6.115505006164312363e-03
7.489650975912809372e-03;-1.216942910104990005e-02;6.115505006164312363e-03
8.554914966225624084e-03;-3.647314151749014854e-03;2.919712103903293610e-03
8.554914966225624084e-03;-3.647314151749014854e-03;2.919712103903293610e-03
1.098064938560128212e-03;-7.908371277153491974e-03;2.919712103903293610e-03
1.098064938560128212e-03;-7.908371277153491974e-03;2.919712103903293610e-03
-5.293521098792552948e-03;-1.516785589046776295e-03;1.144182682037353516e-02
-5.293521098792552948e-03;-1.516785589046776295e-03;1.144182682037353516e-02
-1.061984244734048843e-02;-3.647314151749014854e-03;-3.471873700618743896e-03
-1.061984244734048843e-02;-3.647314151749014854e-03;-3.471873700618743896e-03
-8.489313535392284393e-03;7.005328778177499771e-03;5.050240550190210342e-03
6.424386519938707352e-03;-1.516785589046776295e-03;5.050240550190210342e-03
6.424386519938707352e-03;-1.516785589046776295e-03;5.050240550190210342e-03
-2.097727963700890541e-03;-1.429995708167552948e-02;1.854447764344513416e-03
-2.097727963700890541e-03;-1.429995708167552948e-02;1.854447764344513416e-03
-8.489313535392284393e-03;-2.582049928605556488e-03;-1.305925194174051285e-02
-8.489313535392284393e-03;-2.582049928605556488e-03;-1.305925194174051285e-02
1.175070833414793015e-02;-4.515212203841656446e-04;-8.798195049166679382e-03
1.175070833414793015e-02;-4.515212203841656446e-04;-8.798195049166679382e-03
5.359122063964605331e-03;3.809536108747124672e-03;-1.341345137916505337e-03
5.359122063964605331e-03;3.809536108747124672e-03;-1.341345137916505337e-03
