-1.298170391237363219e-04;9.260358638130128384e-05;-5.049697123467922211e-03
-1.298170391237363219e-04;9.260358638130128384e-05;-5.049697123467922211e-03
1.307513448409736156e-04;3.035793779417872429e-04;-5.138562060892581940e-03
1.307513448409736156e-04;3.035793779417872429e-04;-5.138562060892581940e-03
3.653179305729281623e-07;3.685251867864280939e-04;-5.162696354091167450e-03
3.653179305729281623e-07;3.685251867864280939e-04;-5.162696354091167450e-03
-1.583693006068642717e-06;6.061649764887988567e-04;-5.235259886831045151e-03
-1.583693006068642717e-06;6.061649764887988567e-04;-5.235259886831045151e-03
1.675937965046614408e-04;5.888920859433710575e-04;-4.840086679905653000e-03
1.675937965046614408e-04;5.888920859433710575e-04;-4.840086679905653000e-03
5.106529715703800321e-05;3.752883058041334152e-04;-4.964970517903566360e-03
1.961145062523428351e-05;4.127808206249028444e-04;-4.650218877941370010e-03
1.961145062523428351e-05;4.127808206249028444e-04;-4.650218877941370010e-03
1.261042343685403466e-04;1.641996641410514712e-04;-4.534250125288963318e-03
1.261042343685403466e-04;1.641996641410514712e-04;-4.534250125288963318e-03
4.559164517559111118e-05;3.053381806239485741e-04;-4.979624412953853607e-03
4.559164517559111118e-05;3.053381806239485741e-04;-4.979624412953853607e-03
-1.281829900108277798e-04;1.292812376050278544e-04;-4.830552265048027039e-03
-1.281829900108277798e-04;1.292812376050278544e-04;-4.830552265048027039e-03
1.436378515791147947e-04;2.375171461608260870e-04;-4.738802090287208557e-03
1.436378515791147947e-04;2.375171461608260870e-04;-4.738802090287208557e-03
-3.446631017141044140e-04;5.461625405587255955e-04;-4.913742654025554657e-03
-3.446631017141044140e-04;5.461625405587255955e-04;-4.913742654025554657e-03
-1.674067425483372062e-05;-1.786713546607643366e-04;-5.001324228942394257e-03
1.460090134060010314e-04;-9.581147605786100030e-05;-5.333680659532546997e-03
1.460090134060010314e-04;-9.581147605786100030e-05;-5.333680659532546997e-03
2.336126490263268352e-04;-1.590752945048734546e-04;-4.995050374418497086e-03
2.336126490263268352e-04;-1.590752945048734546e-04;-4.995050374418497086e-03
-2.196954301325604320e-05;1.231290980285848491e-06;-4.839782137423753738e-03
-2.196954301325604320e-05;1.231290980285848491e-06;-4.839782137423753738e-03
-1.136696810135617852e-04;-6.655315519310534000e-04;-5.175327882170677185e-03
-1.136696810135617852e-04;-6.655315519310534000e-04;-5.175327882170677185e-03
1.135659404098987579e-04;-1.780093007255345583e-04;-5.210390314459800720e-03
-3.072437539231032133e-04;-1.723922105156816542e-05;-4.856481682509183884e-03
-3.072437539231032133e-04;-1.723922105156816542e-05;-4.856481682509183884e-03
-2.127894404111430049e-04;-3.102070768363773823e-04;-4.971708171069622040e-03
-2.127894404111430049e-04;-3.102070768363773823e-04;-4.971708171069622040e-03
-2.684319624677300453e-04;-3.299195959698408842e-04;-5.171294324100017548e-03
-2.684319624677300453e-04;-3.299195959698408842e-04;-5.171294324100017548e-03
-4.167369334027171135e-04;-2.650235546752810478e-04;-4.992057569324970245e-03
-4.167369334027171135e-04;-2.650235546752810478e-04;-4.992057569324970245e-03
-1.831487606978043914e-04;-7.292894879356026649e-04;-4.965201485902070999e-03
-2.217718574684113264e-04;-5.331449792720377445e-04;-5.271166097372770309e-03
-2.217718574684113264e-04;-5.331449792720377445e-04;-5.271166097372770309e-03
-1.475761673646047711e-04;-3.821521531790494919e-04;-5.236648023128509521e-03
-1.475761673646047711e-04;-3.821521531790494919e-04;-5.236648023128509521e-03
-4.911071737296879292e-04;4.315055775805376470e-05;-5.374528001993894577e-03
-4.911071737296879292e-04;4.315055775805376470e-05;-5.374528001993894577e-03
-1.333767577307298779e-04;-8.773404260864481330e-05;-5.503037478774785995e-03
-1.333767577307298779e-04;-8.773404260864481330e-05;-5.503037478774785995e-03
-2.476560475770384073e-04;-1.813138078432530165e-05;-5.252190399914979935e-03
6.833663792349398136e-05;7.787462891428731382e-06;-5.489031784236431122e-03
6.833663792349398136e-05;7.787462891428731382e-06;-5.489031784236431122e-03
-2.744212397374212742e-04;-2.245784417027607560e-04;-5.407838616520166397e-03
-2.744212397374212742e-04;-2.245784417027607560e-04;-5.407838616520166397e-03
1.952073071151971817e-04;-8.386821718886494637e-05;-5.401830654591321945e-03
1.952073071151971817e-04;-8.386821718886494637e-05;-5.401830654591321945e-03
3.388824698049575090e-04;-1.679352717474102974e-04;-5.340398289263248444e-03
3.388824698049575090e-04;-1.679352717474102974e-04;-5.340398289263248444e-03
1.391145051456987858e-04;1.216374148498289287e-04;-5.314501468092203140e-03
1.391145051456987858e-04;1.216374148498289287e-04;-5.314501468092203140e-03
3.756935475394129753e-04;-2.395912815700285137e-05;-5.222658626735210419e-03
3.756935475394129753e-04;-2.395912815700285137e-05;-5.222658626735210419e-03
8.198680006898939610e-04;-2.631630341056734324e-04;-5.190075375139713287e-03
6.846328615210950375e-04;-1.643269351916387677e-04;-5.554194096475839615e-03
6.846328615210950375e-04;-1.643269351916387677e-04;-5.554194096475839615e-03
5.703886854462325573e-04;-1.445961388526484370e-04;-5.501511041074991226e-03
5.703886854462325573e-04;-1.445961388526484370e-04;-5.501511041074991226e-03
1.206403539981693029e-04;-7.205598376458510756e-05;-5.486406851559877396e-03
1.206403539981693029e-04;-7.205598376458510756e-05;-5.486406851559877396e-03
3.106315270997583866e-04;3.360107366461306810e-04;-5.354998167604207993e-03
3.106315270997583866e-04;3.360107366461306810e-04;-5.354998167604207993e-03
-1.955112566065508872e-05;4.347072972450405359e-04;-5.113928113132715225e-03
-1.955112566065508872e-05;4.347072972450405359e-04;-5.113928113132715225e-03
-1.301127895203535445e-06;5.283339996822178364e-04;-5.137929227203130722e-03
-1.301127895203535445e-06;5.283339996822178364e-04;-5.137929227203130722e-03
9.172169666271656752e-05;2.635468263179063797e-04;-5.475872661918401718e-03
-2.368608256801962852e-04;1.345993950963020325e-04;-5.355891305953264236e-03
-2.368608256801962852e-04;1.345993950963020325e-04;-5.355891305953264236e-03
-2.215271670138463378e-04;2.436533250147476792e-04;-5.500023253262042999e-03
-2.215271670138463378e-04;2.436533250147476792e-04;-5.500023253262042999e-03
-4.779532609973102808e-04;2.023934939643368125e-04;-5.230630747973918915e-03
-4.779532609973102808e-04;2.023934939643368125e-04;-5.230630747973918915e-03
-1.486801193095743656e-04;-3.296885115560144186e-04;-5.432058125734329224e-03
-1.486801193095743656e-04;-3.296885115560144186e-04;-5.432058125734329224e-03
-2.806025440804660320e-04;-9.244301327271386981e-05;-5.205795634537935257e-03
-2.720403717830777168e-04;-3.878598508890718222e-04;-5.079964175820350647e-03
-2.720403717830777168e-04;-3.878598508890718222e-04;-5.079964175820350647e-03
-3.710296005010604858e-04;-3.546880616340786219e-04;-5.057715345174074173e-03
-3.710296005010604858e-04;-3.546880616340786219e-04;-5.057715345174074173e-03
-5.323193618096411228e-04;-2.634134725667536259e-04;-5.169815383851528168e-03
-5.323193618096411228e-04;-2.634134725667536259e-04;-5.169815383851528168e-03
-4.987164866179227829e-04;2.476871304679661989e-05;-5.275905132293701172e-03
-4.987164866179227829e-04;2.476871304679661989e-05;-5.275905132293701172e-03
-6.622511427849531174e-04;2.808975114021450281e-04;-5.327745806425809860e-03
-5.457730730995535851e-04;1.468172704335302114e-04;-5.220237188041210175e-03
-5.457730730995535851e-04;1.468172704335302114e-04;-5.220237188041210175e-03
-3.784810251090675592e-04;-6.780731928301975131e-05;-5.475094076246023178e-03
-3.784810251090675592e-04;-6.780731928301975131e-05;-5.475094076246023178e-03
-3.871728258673101664e-04;8.572267688577994704e-05;-5.296454299241304398e-03
-3.871728258673101664e-04;8.572267688577994704e-05;-5.296454299241304398e-03
-5.001152167096734047e-04;1.097329295589588583e-04;-5.289050284773111343e-03
-5.001152167096734047e-04;1.097329295589588583e-04;-5.289050284773111343e-03
-7.168571464717388153e-04;8.377410995308309793e-05;-5.147206597030162811e-03
-7.168571464717388153e-04;8.377410995308309793e-05;-5.147206597030162811e-03
-2.992734080180525780e-04;6.085111454012803733e-05;-5.583812948316335678e-03
-2.291741548106074333e-04;-3.942810508306138217e-05;-5.512318108230829239e-03
-2.291741548106074333e-04;-3.942810508306138217e-05;-5.512318108230829239e-03
-2.791772130876779556e-04;-2.052685595117509365e-04;-5.431300029158592224e-03
-2.791772130876779556e-04;-2.052685595117509365e-04;-5.431300029158592224e-03
-5.797923658974468708e-04;-6.846517790108919144e-04;-5.435253959149122238e-03
-5.797923658974468708e-04;-6.846517790108919144e-04;-5.435253959149122238e-03
-4.007447569165378809e-04;-6.433546659536659718e-04;-5.159818567335605621e-03
-4.007447569165378809e-04;-6.433546659536659718e-04;-5.159818567335605621e-03
-3.613482404034584761e-04;-6.606528768315911293e-04;-5.224070046097040176e-03
-3.613482404034584761e-04;-6.606528768315911293e-04;-5.224070046097040176e-03
-3.978675813414156437e-04;-8.172712405212223530e-04;-5.385199561715126038e-03
-3.978675813414156437e-04;-8.172712405212223530e-04;-5.385199561715126038e-03
-1.998252992052584887e-04;-3.499276062939316034e-04;-5.449672229588031769e-03
-1.998252992052584887e-04;-3.499276062939316034e-04;-5.449672229588031769e-03
-5.842281389050185680e-04;-4.859073960687965155e-04;-5.261842161417007446e-03
-3.578080213628709316e-04;-4.701222060248255730e-04;-5.457464605569839478e-03
-3.578080213628709316e-04;-4.701222060248255730e-04;-5.457464605569839478e-03
-4.015697923023253679e-04;1.268808118766173720e-04;-5.560284480452537537e-03
-4.015697923023253679e-04;1.268808118766173720e-04;-5.560284480452537537e-03
-1.329224614892154932e-04;-1.745611371006816626e-04;-5.536764394491910934e-03
-1.329224614892154932e-04;-1.745611371006816626e-04;-5.536764394491910934e-03
-6.600389315281063318e-05;1.678072731010615826e-04;-5.474113859236240387e-03
-6.600389315281063318e-05;1.678072731010615826e-04;-5.474113859236240387e-03
-3.200426581315696239e-04;-9.389686601934954524e-05;-5.577458068728446960e-03
-3.200426581315696239e-04;-9.389686601934954524e-05;-5.577458068728446960e-03
-1.707538904156535864e-04;-2.743940276559442282e-04;-5.586630199104547501e-03
-1.282888115383684635e-04;-3.462866006884723902e-04;-5.318824201822280884e-03
-1.282888115383684635e-04;-3.462866006884723902e-04;-5.318824201822280884e-03
1.462942746002227068e-04;-3.191847354173660278e-04;-5.157648585736751556e-03
1.462942746002227068e-04;-3.191847354173660278e-04;-5.157648585736751556e-03
-7.565150735899806023e-05;-1.409222459187731147e-04;-5.342672113329172134e-03
-7.565150735899806023e-05;-1.409222459187731147e-04;-5.342672113329172134e-03
-5.751974531449377537e-04;-2.514762163627892733e-04;-5.317962262779474258e-03
-5.751974531449377537e-04;-2.514762163627892733e-04;-5.317962262779474258e-03
-5.053316126577556133e-04;3.415964965824969113e-05;-5.312087945640087128e-03
-5.053316126577556133e-04;3.415964965824969113e-05;-5.312087945640087128e-03
-4.790110688190907240e-04;-3.007256054843310267e-05;-5.238966085016727448e-03
-3.519403107929974794e-04;-1.394014398101717234e-04;-5.240438971668481827e-03
-3.519403107929974794e-04;-1.394014398101717234e-04;-5.240438971668481827e-03
1.947861310327425599e-04;9.685380973678547889e-06;-4.973465111106634140e-03
1.947861310327425599e-04;9.685380973678547889e-06;-4.973465111106634140e-03
1.345892669633030891e-04;2.820062763930764049e-05;-5.342509131878614426e-03
1.345892669633030891e-04;2.820062763930764049e-05;-5.342509131878614426e-03
9.639003110351040959e-05;2.307363320142030716e-04;-5.071185063570737839e-03
9.639003110351040959e-05;2.307363320142030716e-04;-5.071185063570737839e-03
2.515215965104289353e-05;2.917478850577026606e-04;-5.148262251168489456e-03
2.515215965104289353e-05;2.917478850577026606e-04;-5.148262251168489456e-03
-3.897375336237018928e-06;2.626851492095738649e-04;-5.118249915540218353e-03
-3.897375336237018928e-06;2.626851492095738649e-04;-5.118249915540218353e-03
5.844960469403304160e-05;4.011128330603241920e-04;-5.372177343815565109e-03
-1.778965233825147152e-04;2.160481089958921075e-04;-5.070395302027463913e-03
-1.778965233825147152e-04;2.160481089958921075e-04;-5.070395302027463913e-03
8.655016472403076477e-07;3.059462469536811113e-04;-5.285926163196563721e-03
8.655016472403076477e-07;3.059462469536811113e-04;-5.285926163196563721e-03
3.206130350008606911e-04;3.101224137935787439e-04;-5.142275709658861160e-03
3.206130350008606911e-04;3.101224137935787439e-04;-5.142275709658861160e-03
7.936450128909200430e-05;2.386820415267720819e-04;-5.069751758128404617e-03
7.936450128909200430e-05;2.386820415267720819e-04;-5.069751758128404617e-03
5.770035786554217339e-04;2.961990248877555132e-04;-5.054693669080734253e-03
5.770035786554217339e-04;2.961990248877555132e-04;-5.054693669080734253e-03
2.791370206978172064e-04;-1.209347392432391644e-04;-5.112338811159133911e-03
2.791370206978172064e-04;-1.209347392432391644e-04;-5.112338811159133911e-03
1.471640425734221935e-04;-2.720057382248342037e-04;-5.195632111281156540e-03
1.471640425734221935e-04;-2.720057382248342037e-04;-5.195632111281156540e-03
-8.015381899895146489e-05;3.652378509286791086e-04;-5.188907962292432785e-03
-8.015381899895146489e-05;3.652378509286791086e-04;-5.188907962292432785e-03
-2.014948986470699310e-04;-1.436512538930401206e-04;-5.267453379929065704e-03
-2.014948986470699310e-04;-1.436512538930401206e-04;-5.267453379929065704e-03
-5.856591160409152508e-04;-1.750762021401897073e-04;-5.163988564163446426e-03
-5.856591160409152508e-04;-1.750762021401897073e-04;-5.163988564163446426e-03
-5.721604684367775917e-04;-1.207078530569560826e-04;-4.942147526890039444e-03
-5.721604684367775917e-04;-1.207078530569560826e-04;-4.942147526890039444e-03
-3.926540375687181950e-04;2.351767907384783030e-04;-5.171489901840686798e-03
-3.926540375687181950e-04;2.351767907384783030e-04;-5.171489901840686798e-03
-7.950399303808808327e-04;-5.501109626493416727e-05;-4.919523838907480240e-03
-7.950399303808808327e-04;-5.501109626493416727e-05;-4.919523838907480240e-03
-5.473690689541399479e-04;2.234725106973201036e-04;-4.749039188027381897e-03
-5.473690689541399479e-04;2.234725106973201036e-04;-4.749039188027381897e-03
-2.296193706570193172e-04;3.907423524651676416e-04;-5.003856960684061050e-03
-2.131121291313320398e-04;3.052245301660150290e-04;-4.797415807843208313e-03
-2.131121291313320398e-04;3.052245301660150290e-04;-4.797415807843208313e-03
-2.131121291313320398e-04;3.052245301660150290e-04;-4.797415807843208313e-03
-2.131121291313320398e-04;3.052245301660150290e-04;-4.797415807843208313e-03
-9.890180081129074097e-05;-4.977184580639004707e-04;-5.074793007224798203e-03
-9.890180081129074097e-05;-4.977184580639004707e-04;-5.074793007224798203e-03
-3.216815239284187555e-04;-1.960382214747369289e-04;-4.901529755443334579e-03
-3.216815239284187555e-04;-1.960382214747369289e-04;-4.901529755443334579e-03
-2.208491496276110411e-04;-8.389446884393692017e-05;-4.976609256118535995e-03
-2.208491496276110411e-04;-8.389446884393692017e-05;-4.976609256118535995e-03
-3.116584848612546921e-04;-2.374977484578266740e-04;-4.562572576105594635e-03
-1.326870697084814310e-04;-4.327919159550219774e-04;-4.797341302037239075e-03
-1.326870697084814310e-04;-4.327919159550219774e-04;-4.797341302037239075e-03
-8.769796841079369187e-05;-3.224337415304034948e-04;-5.102918483316898346e-03
-8.769796841079369187e-05;-3.224337415304034948e-04;-5.102918483316898346e-03
3.270152956247329712e-05;-3.228244313504546881e-04;-4.949434194713830948e-03
3.270152956247329712e-05;-3.228244313504546881e-04;-4.949434194713830948e-03
-4.112912574782967567e-05;-1.965376432053744793e-04;-5.029952153563499451e-03
-4.112912574782967567e-05;-1.965376432053744793e-04;-5.029952153563499451e-03
1.749128714436665177e-04;-3.732074983417987823e-04;-5.091059487313032150e-03
1.749128714436665177e-04;-3.732074983417987823e-04;-5.091059487313032150e-03
1.123696638387627900e-04;4.968894645571708679e-04;-5.165728740394115448e-03
2.969646302517503500e-04;2.425415732432156801e-04;-4.760397598147392273e-03
2.969646302517503500e-04;2.425415732432156801e-04;-4.760397598147392273e-03
2.361388324061408639e-04;3.501327591948211193e-04;-4.649450071156024933e-03
2.361388324061408639e-04;3.501327591948211193e-04;-4.649450071156024933e-03
2.860517415683716536e-04;-3.928859587176702917e-05;-4.701113793998956680e-03
2.860517415683716536e-04;-3.928859587176702917e-05;-4.701113793998956680e-03
3.885388141497969627e-04;-1.530010922579094768e-04;-4.519882611930370331e-03
3.885388141497969627e-04;-1.530010922579094768e-04;-4.519882611930370331e-03
6.136695737950503826e-04;-1.585150457685813308e-04;-4.893067758530378342e-03
6.136695737950503826e-04;-1.585150457685813308e-04;-4.893067758530378342e-03
5.023542908020317554e-04;-1.920190552482381463e-04;-4.985297098755836487e-03
5.023542908020317554e-04;-1.920190552482381463e-04;-4.985297098755836487e-03
2.980195567943155766e-04;-1.750957926560658962e-05;-4.856615792959928513e-03
-1.310733059654012322e-04;1.202287385240197182e-04;-4.781691357493400574e-03
-1.310733059654012322e-04;1.202287385240197182e-04;-4.781691357493400574e-03
-5.271416739560663700e-05;3.069638332817703485e-04;-4.748796112835407257e-03
-5.271416739560663700e-05;3.069638332817703485e-04;-4.748796112835407257e-03
2.181130548706278205e-04;4.573522019200026989e-04;-4.680722951889038086e-03
2.181130548706278205e-04;4.573522019200026989e-04;-4.680722951889038086e-03
3.238105273339897394e-04;5.895180511288344860e-04;-4.779542796313762665e-03
3.238105273339897394e-04;5.895180511288344860e-04;-4.779542796313762665e-03
6.512110703624784946e-04;7.798357983119785786e-04;-4.545698873698711395e-03
6.512110703624784946e-04;7.798357983119785786e-04;-4.545698873698711395e-03
2.671941765584051609e-04;6.085600471124053001e-04;-4.481479991227388382e-03
3.694538900163024664e-04;6.216976908035576344e-04;-4.761554300785064697e-03
3.694538900163024664e-04;6.216976908035576344e-04;-4.761554300785064697e-03
2.152479573851451278e-04;2.330108691239729524e-04;-5.129859317094087601e-03
2.152479573851451278e-04;2.330108691239729524e-04;-5.129859317094087601e-03
4.616839287336915731e-04;1.507609995314851403e-04;-5.050652660429477692e-03
4.616839287336915731e-04;1.507609995314851403e-04;-5.050652660429477692e-03
6.176622118800878525e-04;1.223381696036085486e-04;-5.244660656899213791e-03
6.176622118800878525e-04;1.223381696036085486e-04;-5.244660656899213791e-03
5.060180556029081345e-04;2.677015436347573996e-04;-5.346878897398710251e-03
5.060180556029081345e-04;2.677015436347573996e-04;-5.346878897398710251e-03
7.395875290967524052e-04;1.448505645385012031e-04;-5.318355746567249298e-03
7.395875290967524052e-04;1.448505645385012031e-04;-5.318355746567249298e-03
5.196973797865211964e-04;-2.861918765120208263e-04;-5.281085614114999771e-03
4.068920388817787170e-04;-4.923945525661110878e-04;-5.384031683206558228e-03
4.068920388817787170e-04;-4.923945525661110878e-04;-5.384031683206558228e-03
5.332523724064230919e-04;-5.372083396650850773e-04;-5.345901474356651306e-03
5.332523724064230919e-04;-5.372083396650850773e-04;-5.345901474356651306e-03
3.726957656908780336e-04;-1.826740481192246079e-04;-5.257170181721448898e-03
3.726957656908780336e-04;-1.826740481192246079e-04;-5.257170181721448898e-03
8.849480946082621813e-05;1.456708268960937858e-04;-5.207308568060398102e-03
8.849480946082621813e-05;1.456708268960937858e-04;-5.207308568060398102e-03
-2.053225616691634059e-04;1.189906543004326522e-04;-5.141581874340772629e-03
-2.053225616691634059e-04;1.189906543004326522e-04;-5.141581874340772629e-03
-2.188923826906830072e-04;3.995433507952839136e-05;-5.080115050077438354e-03
-9.545338252792134881e-05;1.976550847757607698e-04;-5.195458885282278061e-03
-9.545338252792134881e-05;1.976550847757607698e-04;-5.195458885282278061e-03
-2.349438873352482915e-04;2.858248080883640796e-05;-4.986678250133991241e-03
-2.349438873352482915e-04;2.858248080883640796e-05;-4.986678250133991241e-03
1.743059256114065647e-04;-4.986086860299110413e-04;-4.907422233372926712e-03
1.743059256114065647e-04;-4.986086860299110413e-04;-4.907422233372926712e-03
2.420398668618872762e-04;-4.102035309188067913e-04;-4.978341981768608093e-03
2.420398668618872762e-04;-4.102035309188067913e-04;-4.978341981768608093e-03
4.828283563256263733e-04;-4.907482652924954891e-04;-4.748454783111810684e-03
4.828283563256263733e-04;-4.907482652924954891e-04;-4.748454783111810684e-03
1.902672192954923958e-05;-3.530026297084987164e-04;-5.251880735158920288e-03
1.902672192954923958e-05;-3.530026297084987164e-04;-5.251880735158920288e-03
1.349878584733232856e-04;-3.452514065429568291e-04;-5.163239315152168274e-03
3.833582159131765366e-04;-2.491781488060951233e-04;-5.208970978856086731e-03
3.833582159131765366e-04;-2.491781488060951233e-04;-5.208970978856086731e-03
2.529199118725955486e-04;1.170392060885205865e-04;-5.280383862555027008e-03
2.529199118725955486e-04;1.170392060885205865e-04;-5.280383862555027008e-03
1.901249634101986885e-04;2.144270692951977253e-04;-5.285323131829500198e-03
1.901249634101986885e-04;2.144270692951977253e-04;-5.285323131829500198e-03
8.047027222346514463e-05;3.565188671927899122e-04;-5.162969697266817093e-03
8.047027222346514463e-05;3.565188671927899122e-04;-5.162969697266817093e-03
1.317804999416694045e-04;3.398737171664834023e-04;-5.340115167200565338e-03
1.317804999416694045e-04;3.398737171664834023e-04;-5.340115167200565338e-03
2.500780101399868727e-04;2.229208184871822596e-04;-5.197715479880571365e-03
2.470338076818734407e-04;-3.088670782744884491e-04;-5.189161282032728195e-03
2.470338076818734407e-04;-3.088670782744884491e-04;-5.189161282032728195e-03
1.813505950849503279e-04;-3.551564586814492941e-04;-5.103740375488996506e-03
1.813505950849503279e-04;-3.551564586814492941e-04;-5.103740375488996506e-03
4.597371153067797422e-04;-5.570321227423846722e-04;-4.882000386714935303e-03
4.597371153067797422e-04;-5.570321227423846722e-04;-4.882000386714935303e-03
6.231353036127984524e-04;-1.886702812043949962e-04;-4.757826682180166245e-03
6.231353036127984524e-04;-1.886702812043949962e-04;-4.757826682180166245e-03
2.898052334785461426e-04;-6.589650292880833149e-04;-4.707550164312124252e-03
2.898052334785461426e-04;-6.589650292880833149e-04;-4.707550164312124252e-03
1.783202169463038445e-04;-8.777380571700632572e-04;-4.656557925045490265e-03
1.783202169463038445e-04;-8.777380571700632572e-04;-4.656557925045490265e-03
4.270763893146067858e-04;-5.863350816071033478e-04;-4.680253565311431885e-03
9.261524537578225136e-04;-6.524153868667781353e-04;-4.925965331494808197e-03
9.261524537578225136e-04;-6.524153868667781353e-04;-4.925965331494808197e-03
9.694010368548333645e-04;-9.272548486478626728e-04;-4.989515058696269989e-03
9.694010368548333645e-04;-9.272548486478626728e-04;-4.989515058696269989e-03
8.242625626735389233e-04;-4.317382699809968472e-04;-5.307319574058055878e-03
8.242625626735389233e-04;-4.317382699809968472e-04;-5.307319574058055878e-03
7.003532955422997475e-04;-1.898518385132774711e-04;-5.094061139971017838e-03
7.003532955422997475e-04;-1.898518385132774711e-04;-5.094061139971017838e-03
5.522610154002904892e-04;-3.241422818973660469e-04;-5.161185748875141144e-03
5.522610154002904892e-04;-3.241422818973660469e-04;-5.161185748875141144e-03
5.437714862637221813e-04;-2.146456099580973387e-04;-5.025720689445734024e-03
2.272319543408229947e-04;-1.298105507885338739e-05;-4.906571470201015472e-03
2.272319543408229947e-04;-1.298105507885338739e-05;-4.906571470201015472e-03
-2.183606557082384825e-04;3.715906641446053982e-04;-5.103316623717546463e-03
-2.183606557082384825e-04;3.715906641446053982e-04;-5.103316623717546463e-03
-1.124459740822203457e-04;8.896283543435856700e-05;-4.994137678295373917e-03
-1.124459740822203457e-04;8.896283543435856700e-05;-4.994137678295373917e-03
-4.206790181342512369e-04;3.530960821080952883e-04;-4.931926727294921875e-03
-4.206790181342512369e-04;3.530960821080952883e-04;-4.931926727294921875e-03
-2.522510476410388947e-04;-3.594929876271635294e-04;-5.242764018476009369e-03
-2.522510476410388947e-04;-3.594929876271635294e-04;-5.242764018476009369e-03
2.141791046597063541e-04;-1.363576157018542290e-04;-5.566738080233335495e-03
2.141791046597063541e-04;-1.363576157018542290e-04;-5.566738080233335495e-03
1.310915831709280610e-04;-2.901489497162401676e-04;-5.160328466445207596e-03
6.332400516839697957e-05;-1.087059616111218929e-03;-5.446513183414936066e-03
6.332400516839697957e-05;-1.087059616111218929e-03;-5.446513183414936066e-03
2.447617589496076107e-04;-4.713198286481201649e-04;-5.233942065387964249e-03
2.447617589496076107e-04;-4.713198286481201649e-04;-5.233942065387964249e-03
1.820145698729902506e-04;-2.934173971880227327e-04;-5.365817807614803314e-03
1.820145698729902506e-04;-2.934173971880227327e-04;-5.365817807614803314e-03
1.524546387372538447e-04;4.937512130709365010e-05;-5.222212057560682297e-03
1.524546387372538447e-04;4.937512130709365010e-05;-5.222212057560682297e-03
2.307720133103430271e-04;-1.345524942735210061e-04;-5.249302368611097336e-03
2.307720133103430271e-04;-1.345524942735210061e-04;-5.249302368611097336e-03
2.364143147133290768e-04;-1.231230999110266566e-04;-4.955029580742120743e-03
2.364143147133290768e-04;-1.231230999110266566e-04;-4.955029580742120743e-03
3.211248840671032667e-04;2.071765629807487130e-04;-5.337537266314029694e-03
3.211248840671032667e-04;2.071765629807487130e-04;-5.337537266314029694e-03
-3.991454286733642220e-05;3.934864944312721491e-04;-4.998323041945695877e-03
8.703455932845827192e-06;2.948640321847051382e-04;-5.194055382162332535e-03
8.703455932845827192e-06;2.948640321847051382e-04;-5.194055382162332535e-03
-1.494225725764408708e-04;1.188417663797736168e-04;-4.653113428503274918e-03
-1.494225725764408708e-04;1.188417663797736168e-04;-4.653113428503274918e-03
-1.782882463885471225e-04;2.775141410893411376e-06;-4.937335383147001266e-03
-1.782882463885471225e-04;2.775141410893411376e-06;-4.937335383147001266e-03
-6.578116881428286433e-05;-9.922991739585995674e-05;-4.619431681931018829e-03
-6.578116881428286433e-05;-9.922991739585995674e-05;-4.619431681931018829e-03
1.318635040661320090e-04;-2.084192237816751003e-04;-4.897773265838623047e-03
1.318635040661320090e-04;-2.084192237816751003e-04;-4.897773265838623047e-03
1.123113270296016708e-05;2.349128772038966417e-04;-4.591886885464191437e-03
4.592445179696369451e-07;1.111645542550832033e-04;-4.548861645162105560e-03
4.592445179696369451e-07;1.111645542550832033e-04;-4.548861645162105560e-03
-1.665018935455009341e-04;1.832994021242484450e-04;-4.580154549330472946e-03
-1.665018935455009341e-04;1.832994021242484450e-04;-4.580154549330472946e-03
-1.295225665671750903e-04;-3.043919277843087912e-04;-4.914208780974149704e-03
-1.295225665671750903e-04;-3.043919277843087912e-04;-4.914208780974149704e-03
6.874420796521008015e-05;2.829741060850210488e-05;-4.739756230264902115e-03
6.874420796521008015e-05;2.829741060850210488e-05;-4.739756230264902115e-03
-3.571034758351743221e-04;3.883999015670269728e-04;-5.111405160278081894e-03
-3.571034758351743221e-04;3.883999015670269728e-04;-5.111405160278081894e-03
8.401518243772443384e-06;-1.875407542684115469e-05;-4.981520120054483414e-03
-1.110617813537828624e-04;1.711639633867889643e-04;-4.923168569803237915e-03
-1.110617813537828624e-04;1.711639633867889643e-04;-4.923168569803237915e-03
-1.770129601936787367e-04;-4.966530832462012768e-05;-4.922266118228435516e-03
-1.770129601936787367e-04;-4.966530832462012768e-05;-4.922266118228435516e-03
-2.528801587686757557e-06;-4.929790884489193559e-05;-4.837265703827142715e-03
-2.528801587686757557e-06;-4.929790884489193559e-05;-4.837265703827142715e-03
-1.815433206502348185e-04;-4.838869499508291483e-04;-4.707281477749347687e-03
-1.815433206502348185e-04;-4.838869499508291483e-04;-4.707281477749347687e-03
8.449069719063118100e-05;-2.663771738298237324e-04;-4.954255651682615280e-03
8.449069719063118100e-05;-2.663771738298237324e-04;-4.954255651682615280e-03
1.179332612082362175e-04;-3.582507197279483080e-04;-5.098089110106229782e-03
1.179332612082362175e-04;-3.582507197279483080e-04;-5.098089110106229782e-03
2.102133148582652211e-04;-8.121319842757657170e-05;-5.048694554716348648e-03
2.951776841655373573e-04;-5.426748539321124554e-04;-5.264955572783946991e-03
2.951776841655373573e-04;-5.426748539321124554e-04;-5.264955572783946991e-03
1.344689808320254087e-04;-4.847592790611088276e-04;-5.001049023121595383e-03
1.344689808320254087e-04;-4.847592790611088276e-04;-5.001049023121595383e-03
-6.238148780539631844e-04;2.645319618750363588e-04;-4.760473500937223434e-03
-6.238148780539631844e-04;2.645319618750363588e-04;-4.760473500937223434e-03
-2.516970853321254253e-04;4.370491660665720701e-04;-5.223363637924194336e-03
-2.516970853321254253e-04;4.370491660665720701e-04;-5.223363637924194336e-03
-2.627515641506761312e-04;-3.894107976520899683e-06;-5.237253848463296890e-03
-2.627515641506761312e-04;-3.894107976520899683e-06;-5.237253848463296890e-03
-2.974811941385269165e-04;1.344535849057137966e-05;-5.037029273808002472e-03
-2.974811941385269165e-04;1.344535849057137966e-05;-5.037029273808002472e-03
-3.070583043154329062e-04;9.332720946986228228e-05;-4.958267323672771454e-03
-3.702077665366232395e-04;-2.888886956498026848e-04;-5.293979775160551071e-03
-3.702077665366232395e-04;-2.888886956498026848e-04;-5.293979775160551071e-03
-3.234815667383372784e-04;3.092733095400035381e-05;-5.170906428247690201e-03
-3.234815667383372784e-04;3.092733095400035381e-05;-5.170906428247690201e-03
-1.153260818682610989e-04;-9.954674897016957402e-05;-4.988844040781259537e-03
-1.153260818682610989e-04;-9.954674897016957402e-05;-4.988844040781259537e-03
-2.627185895107686520e-04;-2.385432453593239188e-04;-4.565553274005651474e-03
-2.627185895107686520e-04;-2.385432453593239188e-04;-4.565553274005651474e-03
-4.192080814391374588e-04;8.750439155846834183e-05;-4.606539383530616760e-03
-4.192080814391374588e-04;8.750439155846834183e-05;-4.606539383530616760e-03
-2.388778812019154429e-04;7.869387627579271793e-05;-4.900027066469192505e-03
1.780588499968871474e-04;-7.200830441433936357e-05;-4.743402823805809021e-03
1.780588499968871474e-04;-7.200830441433936357e-05;-4.743402823805809021e-03
-1.150355092249810696e-04;3.197896876372396946e-04;-4.553625825792551041e-03
-1.150355092249810696e-04;3.197896876372396946e-04;-4.553625825792551041e-03
2.661419966898392886e-05;4.602232365868985653e-04;-4.681884776800870895e-03
2.661419966898392886e-05;4.602232365868985653e-04;-4.681884776800870895e-03
-1.636754896026104689e-04;5.164964240975677967e-04;-4.865425173193216324e-03
-1.636754896026104689e-04;5.164964240975677967e-04;-4.865425173193216324e-03
6.999650850048055872e-06;5.441587418317794800e-04;-4.842647816985845566e-03
6.999650850048055872e-06;5.441587418317794800e-04;-4.842647816985845566e-03
-2.043724380200728774e-04;3.724380512721836567e-04;-5.023994017392396927e-03
-2.043724380200728774e-04;3.724380512721836567e-04;-5.023994017392396927e-03
-5.940333358012139797e-04;6.153214490041136742e-04;-4.949875641614198685e-03
-5.940333358012139797e-04;6.153214490041136742e-04;-4.949875641614198685e-03
-3.858479321934282780e-04;6.843003793619573116e-04;-5.072202999144792557e-03
-1.993796613533049822e-04;4.731155640911310911e-04;-5.130088888108730316e-03
-1.993796613533049822e-04;4.731155640911310911e-04;-5.130088888108730316e-03
-5.236217402853071690e-04;4.608928284142166376e-04;-5.136563908308744431e-03
-5.236217402853071690e-04;4.608928284142166376e-04;-5.136563908308744431e-03
-1.289478386752307415e-04;2.442074473947286606e-04;-5.108464974910020828e-03
-1.289478386752307415e-04;2.442074473947286606e-04;-5.108464974910020828e-03
1.070633243216434494e-05;-2.216075881733559072e-05;-5.034424830228090286e-03
1.070633243216434494e-05;-2.216075881733559072e-05;-5.034424830228090286e-03
-2.925168373622000217e-04;-2.945570122392382473e-05;-5.132339429110288620e-03
-2.925168373622000217e-04;-2.945570122392382473e-05;-5.132339429110288620e-03
2.650916576385498047e-04;-5.681727197952568531e-04;-5.076312925666570663e-03
1.834657450672239065e-04;-4.885828820988535881e-04;-4.909470677375793457e-03
1.834657450672239065e-04;-4.885828820988535881e-04;-4.909470677375793457e-03
3.064133925363421440e-04;-3.372271021362394094e-04;-4.937204997986555099e-03
3.064133925363421440e-04;-3.372271021362394094e-04;-4.937204997986555099e-03
5.783852611784823239e-05;-1.069170866685453802e-05;-5.028405226767063141e-03
5.783852611784823239e-05;-1.069170866685453802e-05;-5.028405226767063141e-03
-1.698661653790622950e-04;4.951385781168937683e-04;-4.997025709599256516e-03
-1.698661653790622950e-04;4.951385781168937683e-04;-4.997025709599256516e-03
-1.317878341069445014e-04;6.257420754991471767e-04;-4.831629805266857147e-03
-1.317878341069445014e-04;6.257420754991471767e-04;-4.831629805266857147e-03
-2.619149745441973209e-04;5.663293995894491673e-04;-5.026309750974178314e-03
-2.619149745441973209e-04;5.663293995894491673e-04;-5.026309750974178314e-03
-1.017211106955073774e-04;4.727954365080222487e-05;-4.950070753693580627e-03
-2.673115341167431325e-05;2.867317525669932365e-04;-4.809748381376266479e-03
-2.673115341167431325e-05;2.867317525669932365e-04;-4.809748381376266479e-03
2.006801805691793561e-04;-1.637582499824929982e-05;-4.627337679266929626e-03
2.006801805691793561e-04;-1.637582499824929982e-05;-4.627337679266929626e-03
1.337722787866368890e-04;-2.966485626529902220e-04;-4.465145524591207504e-03
1.337722787866368890e-04;-2.966485626529902220e-04;-4.465145524591207504e-03
-4.760416049975901842e-04;-2.669160021468997002e-04;-4.570979159325361252e-03
-4.760416049975901842e-04;-2.669160021468997002e-04;-4.570979159325361252e-03
-3.362693532835692167e-04;-5.344622186385095119e-04;-4.563837312161922455e-03
-3.382899158168584108e-04;-3.258467404521070421e-05;-4.567194730043411255e-03
-3.382899158168584108e-04;-3.258467404521070421e-05;-4.567194730043411255e-03
-2.402269456069916487e-04;-3.218750352971255779e-04;-4.646225366741418839e-03
-2.402269456069916487e-04;-3.218750352971255779e-04;-4.646225366741418839e-03
2.054056240012869239e-04;1.636513770790770650e-04;-4.650118760764598846e-03
2.054056240012869239e-04;1.636513770790770650e-04;-4.650118760764598846e-03
3.968083765357732773e-04;2.958918921649456024e-04;-4.725940059870481491e-03
3.968083765357732773e-04;2.958918921649456024e-04;-4.725940059870481491e-03
2.681661571841686964e-04;4.924631211906671524e-04;-4.464842844754457474e-03
2.681661571841686964e-04;4.924631211906671524e-04;-4.464842844754457474e-03
4.501303192228078842e-04;3.805975138675421476e-04;-4.657352343201637268e-03
2.685896761249750853e-04;5.116225802339613438e-04;-4.650269169360399246e-03
2.685896761249750853e-04;5.116225802339613438e-04;-4.650269169360399246e-03
1.685351453488692641e-04;6.255680928006768227e-04;-4.361424595117568970e-03
1.685351453488692641e-04;6.255680928006768227e-04;-4.361424595117568970e-03
8.652089309180155396e-05;3.792967618210241199e-05;-4.679528530687093735e-03
8.652089309180155396e-05;3.792967618210241199e-05;-4.679528530687093735e-03
1.971270539797842503e-04;1.627469464438036084e-04;-4.810532089322805405e-03
1.971270539797842503e-04;1.627469464438036084e-04;-4.810532089322805405e-03
6.895119440741837025e-04;-3.537914381013251841e-05;-4.905694164335727692e-03
6.895119440741837025e-04;-3.537914381013251841e-05;-4.905694164335727692e-03
6.574783474206924438e-04;2.249016397399827838e-04;-4.840514622628688812e-03
6.574783474206924438e-04;2.249016397399827838e-04;-4.840514622628688812e-03
4.418703319970518351e-04;3.881985612679272890e-04;-4.814515821635723114e-03
2.637981087900698185e-04;8.730564732104539871e-04;-5.159930326044559479e-03
2.637981087900698185e-04;8.730564732104539871e-04;-5.159930326044559479e-03
1.212411007145419717e-05;6.722442922182381153e-04;-5.081752315163612366e-03
1.212411007145419717e-05;6.722442922182381153e-04;-5.081752315163612366e-03
5.063809221610426903e-04;5.420295055955648422e-04;-5.316050723195075989e-03
5.063809221610426903e-04;5.420295055955648422e-04;-5.316050723195075989e-03
3.277876239735633135e-04;4.480939533095806837e-04;-5.029541440308094025e-03
3.277876239735633135e-04;4.480939533095806837e-04;-5.029541440308094025e-03
-2.029654860962182283e-04;1.782434410415589809e-04;-5.062432959675788879e-03
-2.029654860962182283e-04;1.782434410415589809e-04;-5.062432959675788879e-03
-3.312325134174898267e-05;-5.342127042240463197e-05;-5.392233841121196747e-03
-3.312325134174898267e-05;-5.342127042240463197e-05;-5.392233841121196747e-03
2.278874162584543228e-04;-2.470269919285783544e-06;-5.072701256722211838e-03
1.890333223855122924e-04;3.753845812752842903e-04;-4.966790322214365005e-03
1.890333223855122924e-04;3.753845812752842903e-04;-4.966790322214365005e-03
2.166587073588743806e-04;2.538399712648242712e-04;-4.993034992367029190e-03
2.166587073588743806e-04;2.538399712648242712e-04;-4.993034992367029190e-03
4.667636530939489603e-04;-9.671198495198041201e-05;-5.125541705638170242e-03
4.667636530939489603e-04;-9.671198495198041201e-05;-5.125541705638170242e-03
3.754519857466220856e-04;5.353715096134692430e-06;-5.128263961523771286e-03
3.754519857466220856e-04;5.353715096134692430e-06;-5.128263961523771286e-03
1.226101448992267251e-04;4.347144858911633492e-04;-5.168943665921688080e-03
1.226101448992267251e-04;4.347144858911633492e-04;-5.168943665921688080e-03
8.658781734993681312e-05;7.665609155083075166e-05;-5.050332751125097275e-03
8.658781734993681312e-05;7.665609155083075166e-05;-5.050332751125097275e-03
1.688305201241746545e-04;2.857436193153262138e-04;-5.088823847472667694e-03
4.443542857188731432e-04;1.030590065056458116e-04;-5.329670384526252747e-03
4.443542857188731432e-04;1.030590065056458116e-04;-5.329670384526252747e-03
2.840650813595857471e-05;2.822351816575974226e-04;-5.195619072765111923e-03
2.840650813595857471e-05;2.822351816575974226e-04;-5.195619072765111923e-03
1.360398746328428388e-04;-8.680747851030901074e-05;-4.782252479344606400e-03
1.360398746328428388e-04;-8.680747851030901074e-05;-4.782252479344606400e-03
1.525676052551716566e-04;7.774504047119989991e-05;-5.103259347379207611e-03
1.525676052551716566e-04;7.774504047119989991e-05;-5.103259347379207611e-03
9.779283573152497411e-05;1.645120355533435941e-04;-5.220560822635889053e-03
9.779283573152497411e-05;1.645120355533435941e-04;-5.220560822635889053e-03
9.779283573152497411e-05;1.645120355533435941e-04;-5.220560822635889053e-03
6.126850494183599949e-04;9.076036076294258237e-05;-4.780298564583063126e-03
6.126850494183599949e-04;9.076036076294258237e-05;-4.780298564583063126e-03
3.825677558779716492e-04;1.044909586198627949e-04;-5.076021421700716019e-03
3.825677558779716492e-04;1.044909586198627949e-04;-5.076021421700716019e-03
3.795746015384793282e-04;1.076884145732037723e-04;-5.010882392525672913e-03
3.795746015384793282e-04;1.076884145732037723e-04;-5.010882392525672913e-03
3.645324613898992538e-04;-2.068525354843586683e-04;-4.988353233784437180e-03
3.645324613898992538e-04;-2.068525354843586683e-04;-4.988353233784437180e-03
1.155367135652340949e-04;7.245538290590047836e-05;-4.795787390321493149e-03
1.155367135652340949e-04;7.245538290590047836e-05;-4.795787390321493149e-03
3.015635011252015829e-04;1.331373059656471014e-04;-4.584062378853559494e-03
1.355086278636008501e-04;1.478093763580545783e-04;-4.426054190844297409e-03
1.355086278636008501e-04;1.478093763580545783e-04;-4.426054190844297409e-03
1.944607938639819622e-04;-1.418708416167646646e-04;-4.496054723858833313e-03
1.944607938639819622e-04;-1.418708416167646646e-04;-4.496054723858833313e-03
-3.558738535502925515e-05;-4.077630001120269299e-04;-4.414156079292297363e-03
-3.558738535502925515e-05;-4.077630001120269299e-04;-4.414156079292297363e-03
2.032754273386672139e-04;-8.096653618849813938e-05;-4.666873719543218613e-03
2.032754273386672139e-04;-8.096653618849813938e-05;-4.666873719543218613e-03
1.335636916337534785e-04;-5.318918847478926182e-04;-4.741486161947250366e-03
1.335636916337534785e-04;-5.318918847478926182e-04;-4.741486161947250366e-03
-8.027992589632049203e-05;-1.861276396084576845e-04;-4.751157946884632111e-03
-8.516699745086953044e-05;-3.923007170669734478e-04;-4.778602160513401031e-03
-8.516699745086953044e-05;-3.923007170669734478e-04;-4.778602160513401031e-03
-1.308276259806007147e-04;-3.736165526788681746e-04;-4.938359372317790985e-03
-1.308276259806007147e-04;-3.736165526788681746e-04;-4.938359372317790985e-03
-1.101954112527891994e-04;-5.713771770388120785e-06;-4.938048310577869415e-03
-1.101954112527891994e-04;-5.713771770388120785e-06;-4.938048310577869415e-03
2.671638503670692444e-04;1.404356444254517555e-04;-4.818538203835487366e-03
2.671638503670692444e-04;1.404356444254517555e-04;-4.818538203835487366e-03
3.261206147726625204e-04;4.120732774026691914e-04;-4.782409872859716415e-03
3.261206147726625204e-04;4.120732774026691914e-04;-4.782409872859716415e-03
-7.187316805357113481e-05;5.236805882304906845e-04;-4.720953293144702911e-03
-7.187316805357113481e-05;5.236805882304906845e-04;-4.720953293144702911e-03
-1.425047812517732382e-04;9.330653119832277298e-04;-4.974862094968557358e-03
-1.056781111401505768e-04;6.839015986770391464e-04;-4.851337056607007980e-03
-1.056781111401505768e-04;6.839015986770391464e-04;-4.851337056607007980e-03
-2.495644366717897356e-05;6.836758693680167198e-04;-5.080067086964845657e-03
-2.495644366717897356e-05;6.836758693680167198e-04;-5.080067086964845657e-03
-1.087417113012634218e-04;1.305086305364966393e-03;-4.951341077685356140e-03
-1.087417113012634218e-04;1.305086305364966393e-03;-4.951341077685356140e-03
2.271218254463747144e-04;5.811678711324930191e-04;-5.076608154922723770e-03
2.271218254463747144e-04;5.811678711324930191e-04;-5.076608154922723770e-03
1.063025556504726410e-04;3.885101468767970800e-04;-5.015619099140167236e-03
1.063025556504726410e-04;3.885101468767970800e-04;-5.015619099140167236e-03
8.384256943827494979e-05;-1.569391897646710277e-04;-5.227862857282161713e-03
6.717967335134744644e-05;7.944116077851504087e-05;-4.980296827852725983e-03
6.717967335134744644e-05;7.944116077851504087e-05;-4.980296827852725983e-03
1.279549032915383577e-04;6.554425926879048347e-04;-5.275815725326538086e-03
1.279549032915383577e-04;6.554425926879048347e-04;-5.275815725326538086e-03
1.746420311974361539e-04;3.383321163710206747e-04;-5.067790392786264420e-03
1.746420311974361539e-04;3.383321163710206747e-04;-5.067790392786264420e-03
1.361835602438077331e-04;-1.559563970658928156e-04;-4.888786934316158295e-03
1.361835602438077331e-04;-1.559563970658928156e-04;-4.888786934316158295e-03
-1.084113391698338091e-04;8.031616016523912549e-05;-4.876483697444200516e-03
-1.084113391698338091e-04;8.031616016523912549e-05;-4.876483697444200516e-03
1.905908429762348533e-04;2.178288996219635010e-04;-4.908686969429254532e-03
1.905908429762348533e-04;2.178288996219635010e-04;-4.908686969429254532e-03
2.119366545230150223e-04;5.008011939935386181e-04;-4.940987564623355865e-03
2.119366545230150223e-04;5.008011939935386181e-04;-4.940987564623355865e-03
2.119366545230150223e-04;5.008011939935386181e-04;-4.940987564623355865e-03
4.272935329936444759e-04;2.733143046498298645e-04;-4.837799817323684692e-03
4.272935329936444759e-04;2.733143046498298645e-04;-4.837799817323684692e-03
6.011717487126588821e-04;-1.111982201109640300e-04;-4.909806884825229645e-03
6.011717487126588821e-04;-1.111982201109640300e-04;-4.909806884825229645e-03
7.016784511506557465e-04;1.395536528434604406e-04;-4.975951276719570160e-03
7.016784511506557465e-04;1.395536528434604406e-04;-4.975951276719570160e-03
8.539534173905849457e-04;4.116403579246252775e-04;-5.196789745241403580e-03
8.539534173905849457e-04;4.116403579246252775e-04;-5.196789745241403580e-03
5.197493010200560093e-04;-3.350721672177314758e-04;-4.939339123666286469e-03
5.197493010200560093e-04;-3.350721672177314758e-04;-4.939339123666286469e-03
6.254430045373737812e-04;-4.898751503787934780e-04;-5.170875694602727890e-03
6.254430045373737812e-04;-4.898751503787934780e-04;-5.170875694602727890e-03
4.477104521356523037e-04;-4.702117585111409426e-04;-5.089429672807455063e-03
6.652576848864555359e-04;-3.445073889452032745e-05;-5.121629685163497925e-03
6.652576848864555359e-04;-3.445073889452032745e-05;-5.121629685163497925e-03
4.065003886353224516e-04;-8.385723049286752939e-05;-4.987584892660379410e-03
4.065003886353224516e-04;-8.385723049286752939e-05;-4.987584892660379410e-03
1.818406599340960383e-04;-1.730132789816707373e-04;-5.314533598721027374e-03
1.818406599340960383e-04;-1.730132789816707373e-04;-5.314533598721027374e-03
1.053470477927476168e-04;7.573938637506216764e-05;-5.218907259404659271e-03
1.053470477927476168e-04;7.573938637506216764e-05;-5.218907259404659271e-03
2.710560220293700695e-04;-1.993073819903656840e-04;-5.272820591926574707e-03
2.710560220293700695e-04;-1.993073819903656840e-04;-5.272820591926574707e-03
3.998355823568999767e-04;-3.906171477865427732e-04;-5.024030338972806931e-03
3.998355823568999767e-04;-3.906171477865427732e-04;-5.024030338972806931e-03
5.437688378151506186e-05;3.617504553403705359e-04;-4.630201961845159531e-03
5.464759888127446175e-04;5.135006504133343697e-04;-4.549521021544933319e-03
5.464759888127446175e-04;5.135006504133343697e-04;-4.549521021544933319e-03
3.649862774182111025e-04;7.011514971964061260e-04;-4.687153734266757965e-03
3.649862774182111025e-04;7.011514971964061260e-04;-4.687153734266757965e-03
4.412312700878828764e-04;3.251179296057671309e-04;-4.726210609078407288e-03
4.412312700878828764e-04;3.251179296057671309e-04;-4.726210609078407288e-03
4.294515820220112801e-04;2.332129806745797396e-04;-4.881971981376409531e-03
1.938822679221630096e-04;6.356727681122720242e-04;-5.006458144634962082e-03
1.938822679221630096e-04;6.356727681122720242e-04;-5.006458144634962082e-03
2.579174179118126631e-04;6.943159387446939945e-04;-4.793364088982343674e-03
2.579174179118126631e-04;6.943159387446939945e-04;-4.793364088982343674e-03
2.265930088469758630e-04;3.554967697709798813e-04;-4.722545389086008072e-03
2.265930088469758630e-04;3.554967697709798813e-04;-4.722545389086008072e-03
-6.466699687734944746e-06;-2.474120410624891520e-04;-4.737459123134613037e-03
-6.466699687734944746e-06;-2.474120410624891520e-04;-4.737459123134613037e-03
-7.331512460950762033e-05;-1.720010041026398540e-04;-4.791998770087957382e-03
-7.331512460950762033e-05;-1.720010041026398540e-04;-4.791998770087957382e-03
-1.663905859459191561e-04;-2.286489179823547602e-04;-4.661599639803171158e-03
-1.663905859459191561e-04;-2.286489179823547602e-04;-4.661599639803171158e-03
-1.663905859459191561e-04;-2.286489179823547602e-04;-4.661599639803171158e-03
3.154173609800636768e-04;2.926441266026813537e-05;-4.794690292328596115e-03
3.154173609800636768e-04;2.926441266026813537e-05;-4.794690292328596115e-03
4.404238425195217133e-04;-2.409348526271060109e-04;-4.768230020999908447e-03
4.404238425195217133e-04;-2.409348526271060109e-04;-4.768230020999908447e-03
7.977808709256350994e-04;-3.735376594704575837e-05;-5.000385921448469162e-03
7.977808709256350994e-04;-3.735376594704575837e-05;-5.000385921448469162e-03
7.907138788141310215e-04;-2.369057474425062537e-04;-5.085877608507871628e-03
7.907138788141310215e-04;-2.369057474425062537e-04;-5.085877608507871628e-03
6.654363241977989674e-04;-1.329503284068778157e-04;-5.230831913650035858e-03
4.781779716722667217e-04;9.277716344513464719e-06;-5.297555588185787201e-03
4.781779716722667217e-04;9.277716344513464719e-06;-5.297555588185787201e-03
1.115735503844916821e-04;3.396007523406296968e-04;-5.403629504144191742e-03
1.115735503844916821e-04;3.396007523406296968e-04;-5.403629504144191742e-03
-2.788892888929694891e-04;5.779470084235072136e-04;-5.043733865022659302e-03
-2.788892888929694891e-04;5.779470084235072136e-04;-5.043733865022659302e-03
-2.400446101091802120e-04;3.285850107204169035e-04;-4.790079779922962189e-03
-2.400446101091802120e-04;3.285850107204169035e-04;-4.790079779922962189e-03
-4.595863574650138617e-04;6.135389558039605618e-04;-4.672051873058080673e-03
-4.595863574650138617e-04;6.135389558039605618e-04;-4.672051873058080673e-03
-1.353439147351309657e-04;3.826484316959977150e-04;-5.001978483051061630e-03
-1.353439147351309657e-04;3.826484316959977150e-04;-5.001978483051061630e-03
-2.068259782390668988e-04;2.448217419441789389e-04;-5.207876674830913544e-03
1.001832788460887969e-04;3.065427881665527821e-04;-5.073010921478271484e-03
1.001832788460887969e-04;3.065427881665527821e-04;-5.073010921478271484e-03
2.692246343940496445e-04;-3.063322219531983137e-05;-5.349317099899053574e-03
2.692246343940496445e-04;-3.063322219531983137e-05;-5.349317099899053574e-03
4.402101330924779177e-04;-2.795418549794703722e-05;-5.580530501902103424e-03
4.402101330924779177e-04;-2.795418549794703722e-05;-5.580530501902103424e-03
4.950982402078807354e-04;-2.253335842397063971e-04;-5.459065549075603485e-03
4.950982402078807354e-04;-2.253335842397063971e-04;-5.459065549075603485e-03
2.664849162101745605e-04;9.981507901102304459e-05;-5.021796561777591705e-03
2.664849162101745605e-04;9.981507901102304459e-05;-5.021796561777591705e-03
-3.378672408871352673e-04;-2.710554690565913916e-04;-5.071235354989767075e-03
-1.618297974346205592e-04;-9.371740452479571104e-05;-5.107709206640720367e-03
-1.618297974346205592e-04;-9.371740452479571104e-05;-5.107709206640720367e-03
-6.751367436663713306e-06;9.760136163095012307e-05;-5.320491734892129898e-03
-6.751367436663713306e-06;9.760136163095012307e-05;-5.320491734892129898e-03
1.168778690043836832e-04;-3.046341298613697290e-04;-5.173437763005495071e-03
1.168778690043836832e-04;-3.046341298613697290e-04;-5.173437763005495071e-03
-3.983099304605275393e-05;-3.400363493710756302e-04;-5.296966992318630219e-03
-3.983099304605275393e-05;-3.400363493710756302e-04;-5.296966992318630219e-03
-1.358664303552359343e-04;-9.986802469938993454e-04;-5.368268582969903946e-03
-1.358664303552359343e-04;-9.986802469938993454e-04;-5.368268582969903946e-03
-9.585054067429155111e-05;-5.109755438752472401e-04;-5.230722017586231232e-03
-9.585054067429155111e-05;-5.109755438752472401e-04;-5.230722017586231232e-03
-9.585054067429155111e-05;-5.109755438752472401e-04;-5.230722017586231232e-03
-2.473740642017219216e-05;-7.426459342241287231e-05;-5.093246232718229294e-03
-2.473740642017219216e-05;-7.426459342241287231e-05;-5.093246232718229294e-03
-4.130440065637230873e-04;2.763157826848328114e-04;-4.988100379705429077e-03
-4.130440065637230873e-04;2.763157826848328114e-04;-4.988100379705429077e-03
-3.638183989096432924e-04;1.074771425919607282e-04;-5.416079889982938766e-03
-3.638183989096432924e-04;1.074771425919607282e-04;-5.416079889982938766e-03
-9.409947961103171110e-05;1.361367467325180769e-04;-5.295387003570795059e-03
-9.409947961103171110e-05;1.361367467325180769e-04;-5.295387003570795059e-03
-8.662597974762320518e-05;-2.394633047515526414e-04;-5.186215508729219437e-03
-8.662597974762320518e-05;-2.394633047515526414e-04;-5.186215508729219437e-03
-9.875930118141695857e-05;-3.776487428694963455e-04;-5.076455418020486832e-03
-2.410419256193563342e-05;-1.747223141137510538e-04;-4.962000995874404907e-03
-2.410419256193563342e-05;-1.747223141137510538e-04;-4.962000995874404907e-03
7.541158265667036176e-05;-3.042327298317104578e-04;-4.936038982123136520e-03
7.541158265667036176e-05;-3.042327298317104578e-04;-4.936038982123136520e-03
1.234701485373079777e-04;-3.828145272564142942e-04;-4.910222254693508148e-03
1.234701485373079777e-04;-3.828145272564142942e-04;-4.910222254693508148e-03
5.497281381394714117e-05;-3.162637585774064064e-04;-5.209950730204582214e-03
5.497281381394714117e-05;-3.162637585774064064e-04;-5.209950730204582214e-03
2.378312638029456139e-04;1.095539664675015956e-05;-5.294883623719215393e-03
2.378312638029456139e-04;1.095539664675015956e-05;-5.294883623719215393e-03
-2.384085964877158403e-04;3.135152219329029322e-04;-5.273573566228151321e-03
-2.578530402388423681e-04;8.811717998469248414e-05;-5.113170482218265533e-03
-2.578530402388423681e-04;8.811717998469248414e-05;-5.113170482218265533e-03
9.825455344980582595e-05;-1.091953236027620733e-04;-4.897311795502901077e-03
9.825455344980582595e-05;-1.091953236027620733e-04;-4.897311795502901077e-03
4.290922515792772174e-05;-2.871173201128840446e-04;-5.161555483937263489e-03
4.290922515792772174e-05;-2.871173201128840446e-04;-5.161555483937263489e-03
2.509778132662177086e-04;-2.547611256886739284e-05;-4.992449190467596054e-03
2.509778132662177086e-04;-2.547611256886739284e-05;-4.992449190467596054e-03
-3.852524605463258922e-05;-2.236591535620391369e-04;-5.037274677306413651e-03
-3.852524605463258922e-05;-2.236591535620391369e-04;-5.037274677306413651e-03
7.092732266755774617e-05;7.089573773555457592e-05;-4.834309685975313187e-03
7.092732266755774617e-05;7.089573773555457592e-05;-4.834309685975313187e-03
-7.781773092574439943e-06;-3.444082394707947969e-04;-5.056274123489856720e-03
-7.350699888775125146e-05;-4.099266661796718836e-04;-4.903128370642662048e-03
-7.350699888775125146e-05;-4.099266661796718836e-04;-4.903128370642662048e-03
3.845454193651676178e-05;-8.715478179510682821e-05;-5.252740811556577682e-03
3.845454193651676178e-05;-8.715478179510682821e-05;-5.252740811556577682e-03
-6.966608634684234858e-05;-1.790831302059814334e-04;-5.003352183848619461e-03
-6.966608634684234858e-05;-1.790831302059814334e-04;-5.003352183848619461e-03
2.170866355299949646e-04;-1.475095195928588510e-04;-4.825160373002290726e-03
2.170866355299949646e-04;-1.475095195928588510e-04;-4.825160373002290726e-03
1.932459126692265272e-04;1.231718197232112288e-04;-5.095975473523139954e-03
3.173678123857825994e-04;-1.658524997765198350e-04;-4.984142258763313293e-03
3.173678123857825994e-04;-1.658524997765198350e-04;-4.984142258763313293e-03
4.561371169984340668e-04;-4.357770958449691534e-04;-4.936441779136657715e-03
4.561371169984340668e-04;-4.357770958449691534e-04;-4.936441779136657715e-03
-7.750550867058336735e-05;-6.227737176232039928e-04;-5.023031961172819138e-03
-7.750550867058336735e-05;-6.227737176232039928e-04;-5.023031961172819138e-03
-2.607583592180162668e-04;-3.114620340056717396e-04;-4.906406160444021225e-03
-2.607583592180162668e-04;-3.114620340056717396e-04;-4.906406160444021225e-03
1.133689220296218991e-04;-3.313993220217525959e-04;-4.983136896044015884e-03
1.133689220296218991e-04;-3.313993220217525959e-04;-4.983136896044015884e-03
-2.440931275486946106e-04;-4.683614533860236406e-04;-5.390356760472059250e-03
-2.030189934885129333e-04;-8.979096310213208199e-05;-5.326723679900169373e-03
-2.030189934885129333e-04;-8.979096310213208199e-05;-5.326723679900169373e-03
-2.879566454794257879e-04;1.807579974411055446e-04;-5.304355174303054810e-03
-2.879566454794257879e-04;1.807579974411055446e-04;-5.304355174303054810e-03
-3.034205874428153038e-04;1.623393327463418245e-04;-5.416688043624162674e-03
-3.034205874428153038e-04;1.623393327463418245e-04;-5.416688043624162674e-03
-1.556438946863636374e-04;-4.009300027973949909e-05;-5.245081614702939987e-03
-1.556438946863636374e-04;-4.009300027973949909e-05;-5.245081614702939987e-03
-1.098015491152182221e-04;3.454003308434039354e-04;-5.162809044122695923e-03
-1.098015491152182221e-04;3.454003308434039354e-04;-5.162809044122695923e-03
8.760059427004307508e-05;6.879988359287381172e-05;-5.227051209658384323e-03
2.567001210991293192e-04;-4.960627484251745045e-05;-5.400496069341897964e-03
2.567001210991293192e-04;-4.960627484251745045e-05;-5.400496069341897964e-03
2.487307647243142128e-04;1.725741603877395391e-04;-5.155051127076148987e-03
2.487307647243142128e-04;1.725741603877395391e-04;-5.155051127076148987e-03
-2.052367926808074117e-04;-2.256368752568960190e-04;-5.165014415979385376e-03
-2.052367926808074117e-04;-2.256368752568960190e-04;-5.165014415979385376e-03
-1.517351483926177025e-04;-4.131942478124983609e-05;-4.931543953716754913e-03
-1.517351483926177025e-04;-4.131942478124983609e-05;-4.931543953716754913e-03
-1.039959897752851248e-04;-1.483590494899544865e-05;-4.881532862782478333e-03
-1.039959897752851248e-04;-1.483590494899544865e-05;-4.881532862782478333e-03
-1.691844372544437647e-04;-1.980741653824225068e-04;-5.015486385673284531e-03
-1.691844372544437647e-04;-1.980741653824225068e-04;-5.015486385673284531e-03
-5.478944876813329756e-05;4.232741484884172678e-04;-4.844804760068655014e-03
-8.469290833090781234e-07;4.887301656708586961e-06;-4.657632671296596527e-03
-8.469290833090781234e-07;4.887301656708586961e-06;-4.657632671296596527e-03
3.708737203851342201e-04;1.740282605169340968e-04;-4.746204707771539688e-03
3.708737203851342201e-04;1.740282605169340968e-04;-4.746204707771539688e-03
7.141822716221213341e-04;-9.024309110827744007e-05;-5.115683190524578094e-03
7.141822716221213341e-04;-9.024309110827744007e-05;-5.115683190524578094e-03
6.784535362385213375e-04;-2.258854219689965248e-04;-4.968512803316116333e-03
6.784535362385213375e-04;-2.258854219689965248e-04;-4.968512803316116333e-03
5.754988524131476879e-04;-1.047726691467687488e-04;-4.997604060918092728e-03
5.754988524131476879e-04;-1.047726691467687488e-04;-4.997604060918092728e-03
4.021099593956023455e-04;-8.870106830727308989e-05;-5.077242851257324219e-03
3.400818677619099617e-04;-2.642923209350556135e-04;-5.320610012859106064e-03
3.400818677619099617e-04;-2.642923209350556135e-04;-5.320610012859106064e-03
3.428660565987229347e-04;-1.909252168843522668e-04;-5.323925055563449860e-03
3.428660565987229347e-04;-1.909252168843522668e-04;-5.323925055563449860e-03
6.598404725082218647e-04;-3.022439159394707531e-05;-5.052409134805202484e-03
6.598404725082218647e-04;-3.022439159394707531e-05;-5.052409134805202484e-03
7.130213780328631401e-04;3.062172036152333021e-04;-4.986071959137916565e-03
7.130213780328631401e-04;3.062172036152333021e-04;-4.986071959137916565e-03
7.350273081101477146e-04;1.874741974461358041e-05;-5.155156832188367844e-03
7.676394889131188393e-04;-1.492048322688788176e-04;-4.729678854346275330e-03
7.676394889131188393e-04;-1.492048322688788176e-04;-4.729678854346275330e-03
4.443135985638946295e-04;1.125655180658213794e-04;-4.687170963734388351e-03
4.443135985638946295e-04;1.125655180658213794e-04;-4.687170963734388351e-03
1.099670625990256667e-04;1.858926407294347882e-04;-4.826635122299194336e-03
1.099670625990256667e-04;1.858926407294347882e-04;-4.826635122299194336e-03
-4.455073503777384758e-04;1.978233485715463758e-04;-4.901548847556114197e-03
-4.455073503777384758e-04;1.978233485715463758e-04;-4.901548847556114197e-03
-5.705612129531800747e-04;-4.980542144039645791e-05;-4.723483696579933167e-03
-5.705612129531800747e-04;-4.980542144039645791e-05;-4.723483696579933167e-03
-5.130405188538134098e-04;1.492391456849873066e-04;-4.602558445185422897e-03
-3.720570020959712565e-05;5.147551419213414192e-04;-4.578046500682830811e-03
-3.720570020959712565e-05;5.147551419213414192e-04;-4.578046500682830811e-03
5.574798342422582209e-05;9.114416316151618958e-04;-4.823369905352592468e-03
5.574798342422582209e-05;9.114416316151618958e-04;-4.823369905352592468e-03
3.541725163813680410e-04;8.023878326639533043e-04;-4.794481676071882248e-03
3.541725163813680410e-04;8.023878326639533043e-04;-4.794481676071882248e-03
4.260479472577571869e-04;7.075117318890988827e-04;-4.996442236006259918e-03
4.260479472577571869e-04;7.075117318890988827e-04;-4.996442236006259918e-03
-8.313197031384333968e-05;6.335671059787273407e-04;-4.846104886382818222e-03
-8.313197031384333968e-05;6.335671059787273407e-04;-4.846104886382818222e-03
9.595119627192616463e-05;2.612588286865502596e-04;-5.024344660341739655e-03
9.595119627192616463e-05;2.612588286865502596e-04;-5.024344660341739655e-03
6.450857654272112995e-06;3.905615594703704119e-04;-5.293816328048706055e-03
3.366960299899801612e-05;5.013788468204438686e-04;-5.168241448700428009e-03
3.366960299899801612e-05;5.013788468204438686e-04;-5.168241448700428009e-03
-2.520700800232589245e-04;3.297592338640242815e-04;-5.255917552858591080e-03
-2.520700800232589245e-04;3.297592338640242815e-04;-5.255917552858591080e-03
1.696930303296539932e-05;4.458432085812091827e-04;-5.041931755840778351e-03
1.696930303296539932e-05;4.458432085812091827e-04;-5.041931755840778351e-03
-3.801374623435549438e-05;-2.211542232544161379e-05;-5.347374826669692993e-03
-3.801374623435549438e-05;-2.211542232544161379e-05;-5.347374826669692993e-03
1.744871697155758739e-04;-1.228021428687497973e-04;-5.541466642171144485e-03
1.744871697155758739e-04;-1.228021428687497973e-04;-5.541466642171144485e-03
5.084904478280805051e-05;-1.705419854260981083e-04;-5.413988605141639709e-03
5.084904478280805051e-05;-1.705419854260981083e-04;-5.413988605141639709e-03
2.035672696365509182e-05;-2.067839668598026037e-04;-5.395351909101009369e-03
1.384654296998633072e-05;1.226532040163874626e-04;-5.545627325773239136e-03
1.384654296998633072e-05;1.226532040163874626e-04;-5.545627325773239136e-03
-9.902942110784351826e-05;1.180880863103084266e-04;-5.385002121329307556e-03
-9.902942110784351826e-05;1.180880863103084266e-04;-5.385002121329307556e-03
-3.749437018996104598e-05;1.623492717044427991e-04;-5.313671659678220749e-03
-3.749437018996104598e-05;1.623492717044427991e-04;-5.313671659678220749e-03
2.529713674448430538e-05;-2.405582745268475264e-05;-5.271953996270895004e-03
-1.296252157771959901e-04;1.574303314555436373e-04;-5.070145241916179657e-03
-1.296252157771959901e-04;1.574303314555436373e-04;-5.070145241916179657e-03
1.164926070487126708e-04;3.444187750574201345e-04;-4.917150828987360001e-03
1.164926070487126708e-04;3.444187750574201345e-04;-4.917150828987360001e-03
-9.444114402867853642e-05;2.794721804093569517e-04;-4.901907872408628464e-03
-9.444114402867853642e-05;2.794721804093569517e-04;-4.901907872408628464e-03
-3.683281829580664635e-05;3.736842772923409939e-04;-4.877652507275342941e-03
-3.683281829580664635e-05;3.736842772923409939e-04;-4.877652507275342941e-03
-4.516222106758505106e-04;4.337106947787106037e-04;-5.191811826080083847e-03
-2.008914598263800144e-04;3.932680992875248194e-04;-5.202093627303838730e-03
-2.008914598263800144e-04;3.932680992875248194e-04;-5.202093627303838730e-03
-2.649111556820571423e-04;3.518415906000882387e-04;-5.038852803409099579e-03
-2.649111556820571423e-04;3.518415906000882387e-04;-5.038852803409099579e-03
4.460241689230315387e-05;2.242249611299484968e-04;-5.166745278984308243e-03
4.460241689230315387e-05;2.242249611299484968e-04;-5.166745278984308243e-03
2.081804705085232854e-04;3.557444724719971418e-04;-5.207485985010862350e-03
2.081804705085232854e-04;3.557444724719971418e-04;-5.207485985010862350e-03
3.555345465429127216e-04;1.760912564350292087e-04;-5.291528534144163132e-03
3.555345465429127216e-04;1.760912564350292087e-04;-5.291528534144163132e-03
1.344488118775188923e-04;6.240581860765814781e-04;-5.066554993391036987e-03
1.344488118775188923e-04;6.240581860765814781e-04;-5.066554993391036987e-03
-6.263572868192568421e-05;7.641551201231777668e-04;-5.109582096338272095e-03
2.664466592250391841e-05;7.000530022196471691e-04;-5.586819723248481750e-03
2.664466592250391841e-05;7.000530022196471691e-04;-5.586819723248481750e-03
-6.661133511443040334e-08;1.135347993113100529e-03;-5.636501125991344452e-03
-6.661133511443040334e-08;1.135347993113100529e-03;-5.636501125991344452e-03
-2.422368852421641350e-04;1.133214333094656467e-03;-5.177212413400411606e-03
-2.422368852421641350e-04;1.133214333094656467e-03;-5.177212413400411606e-03
-2.418916701572015882e-04;5.467695882543921471e-04;-5.111344624310731888e-03
-2.418916701572015882e-04;5.467695882543921471e-04;-5.111344624310731888e-03
-2.723619982134550810e-04;7.227698806673288345e-04;-5.019474774599075317e-03
-2.723619982134550810e-04;7.227698806673288345e-04;-5.019474774599075317e-03
-3.155931772198528051e-04;9.031941299326717854e-04;-5.005131475627422333e-03
-3.155931772198528051e-04;9.031941299326717854e-04;-5.005131475627422333e-03
-3.894863766618072987e-05;1.170692848972976208e-03;-5.031426437199115753e-03
1.103593531297519803e-04;1.061098999343812466e-03;-5.347599275410175323e-03
1.103593531297519803e-04;1.061098999343812466e-03;-5.347599275410175323e-03
1.143284971476532519e-04;1.062046736478805542e-03;-5.213564261794090271e-03
1.143284971476532519e-04;1.062046736478805542e-03;-5.213564261794090271e-03
-3.073727712035179138e-04;8.822013624012470245e-04;-5.205601919442415237e-03
-3.073727712035179138e-04;8.822013624012470245e-04;-5.205601919442415237e-03
-2.381302010689978488e-06;9.426164324395358562e-04;-5.151197314262390137e-03
-2.381302010689978488e-06;9.426164324395358562e-04;-5.151197314262390137e-03
-2.455949143040925264e-04;7.478428306058049202e-04;-5.407413467764854431e-03
-2.455949143040925264e-04;7.478428306058049202e-04;-5.407413467764854431e-03
5.809170033899135888e-05;8.999619749374687672e-04;-4.933052696287631989e-03
5.809170033899135888e-05;8.999619749374687672e-04;-4.933052696287631989e-03
1.322417811024934053e-04;7.575560593977570534e-04;-4.918672144412994385e-03
1.322417811024934053e-04;7.575560593977570534e-04;-4.918672144412994385e-03
3.675528278108686209e-04;6.471513770520687103e-04;-5.024564452469348907e-03
-4.073501622769981623e-05;3.616126487031579018e-04;-4.993546288460493088e-03
-4.073501622769981623e-05;3.616126487031579018e-04;-4.993546288460493088e-03
-6.805986049585044384e-05;4.176121728960424662e-04;-4.875122569501399994e-03
-6.805986049585044384e-05;4.176121728960424662e-04;-4.875122569501399994e-03
-4.739058203995227814e-05;3.470780502539128065e-04;-5.163353867828845978e-03
-4.739058203995227814e-05;3.470780502539128065e-04;-5.163353867828845978e-03
-2.145107428077608347e-04;4.247640608809888363e-04;-5.131719168275594711e-03
-2.145107428077608347e-04;4.247640608809888363e-04;-5.131719168275594711e-03
-2.145107428077608347e-04;4.247640608809888363e-04;-5.131719168275594711e-03
-2.145107428077608347e-04;4.247640608809888363e-04;-5.131719168275594711e-03
2.395588962826877832e-04;4.477440379559993744e-04;-5.446665454655885696e-03
1.906180696096271276e-04;4.265910538379102945e-04;-5.456507671624422073e-03
1.906180696096271276e-04;4.265910538379102945e-04;-5.456507671624422073e-03
2.870801836252212524e-04;2.863052068278193474e-04;-5.181613378226757050e-03
2.870801836252212524e-04;2.863052068278193474e-04;-5.181613378226757050e-03
2.104701707139611244e-04;3.047499922104179859e-04;-5.302702076733112335e-03
2.104701707139611244e-04;3.047499922104179859e-04;-5.302702076733112335e-03
2.492747444193810225e-04;3.780543338507413864e-04;-5.167287774384021759e-03
2.492747444193810225e-04;3.780543338507413864e-04;-5.167287774384021759e-03
2.401210367679595947e-04;5.102390423417091370e-04;-5.010344553738832474e-03
2.401210367679595947e-04;5.102390423417091370e-04;-5.010344553738832474e-03
-1.428034447599202394e-04;2.920949327744892798e-06;-4.883369896560907364e-03
-1.428034447599202394e-04;2.920949327744892798e-06;-4.883369896560907364e-03
-2.952029171865433455e-04;1.847211242420598865e-04;-5.282359197735786438e-03
-2.952029171865433455e-04;1.847211242420598865e-04;-5.282359197735786438e-03
-7.466810347978025675e-05;-1.117172450904035941e-05;-5.095570813864469528e-03
-1.550908054923638701e-04;3.087824734393507242e-04;-5.172669887542724609e-03
-1.550908054923638701e-04;3.087824734393507242e-04;-5.172669887542724609e-03
-1.304943434661254287e-04;3.853443777188658714e-04;-5.020925775170326233e-03
-1.304943434661254287e-04;3.853443777188658714e-04;-5.020925775170326233e-03
-2.021490508923307061e-04;4.741037264466285706e-04;-5.034674424678087234e-03
-2.021490508923307061e-04;4.741037264466285706e-04;-5.034674424678087234e-03
1.095772968255914748e-04;6.593818543478846550e-04;-5.047393962740898132e-03
1.095772968255914748e-04;6.593818543478846550e-04;-5.047393962740898132e-03
-4.842038470087572932e-05;1.086425152607262135e-03;-4.958481527864933014e-03
-4.842038470087572932e-05;1.086425152607262135e-03;-4.958481527864933014e-03
-7.066169928293675184e-05;8.075979421846568584e-04;-4.880925174802541733e-03
-7.066169928293675184e-05;8.075979421846568584e-04;-4.880925174802541733e-03
1.125487615354359150e-04;6.342652486637234688e-04;-4.943484906107187271e-03
3.173889417666941881e-04;8.660427993163466454e-04;-5.109595600515604019e-03
3.173889417666941881e-04;8.660427993163466454e-04;-5.109595600515604019e-03
2.728028630372136831e-04;3.944930795114487410e-04;-5.144548602402210236e-03
2.728028630372136831e-04;3.944930795114487410e-04;-5.144548602402210236e-03
3.865693870466202497e-04;2.193227846873924136e-04;-5.195381119847297668e-03
3.865693870466202497e-04;2.193227846873924136e-04;-5.195381119847297668e-03
1.842282654251903296e-05;8.042652043513953686e-04;-4.978402517735958099e-03
1.842282654251903296e-05;8.042652043513953686e-04;-4.978402517735958099e-03
6.771049083909019828e-05;7.185828289948403835e-04;-5.145704373717308044e-03
1.096828345907852054e-04;1.058444613590836525e-03;-5.143082235008478165e-03
1.096828345907852054e-04;1.058444613590836525e-03;-5.143082235008478165e-03
7.330675725825130939e-05;1.087922835722565651e-03;-5.339188035577535629e-03
7.330675725825130939e-05;1.087922835722565651e-03;-5.339188035577535629e-03
-2.396606869297102094e-04;6.267083808779716492e-04;-5.164509639143943787e-03
-2.396606869297102094e-04;6.267083808779716492e-04;-5.164509639143943787e-03
6.361409032251685858e-05;7.765977061353623867e-04;-5.443661473691463470e-03
6.361409032251685858e-05;7.765977061353623867e-04;-5.443661473691463470e-03
7.783250111970119178e-06;5.889898748137056828e-04;-5.038014613091945648e-03
7.783250111970119178e-06;5.889898748137056828e-04;-5.038014613091945648e-03
-2.008616866078227758e-04;4.438936011865735054e-04;-4.981829319149255753e-03
-2.008616866078227758e-04;4.438936011865735054e-04;-4.981829319149255753e-03
-1.533036120235919952e-04;6.108861416578292847e-04;-4.850741475820541382e-03
3.111419937340542674e-05;-4.808276935364119709e-05;-4.831861238926649094e-03
3.111419937340542674e-05;-4.808276935364119709e-05;-4.831861238926649094e-03
4.291454024496488273e-05;2.639401354826986790e-04;-4.692113026976585388e-03
4.291454024496488273e-05;2.639401354826986790e-04;-4.692113026976585388e-03
1.443235942133469507e-05;1.760532031767070293e-04;-4.587777424603700638e-03
1.443235942133469507e-05;1.760532031767070293e-04;-4.587777424603700638e-03
-1.953027640411164612e-05;-2.924554974015336484e-05;-4.904076457023620605e-03
-1.953027640411164612e-05;-2.924554974015336484e-05;-4.904076457023620605e-03
-3.204086387995630503e-04;2.120272256433963776e-04;-4.917928483337163925e-03
-3.204086387995630503e-04;2.120272256433963776e-04;-4.917928483337163925e-03
-2.565373724792152643e-04;-5.124868039274588227e-05;-4.652949515730142593e-03
-2.565373724792152643e-04;-5.124868039274588227e-05;-4.652949515730142593e-03
-3.126664087176322937e-04;1.213666982948780060e-04;-4.571761004626750946e-03
-2.502089482732117176e-04;4.707803018391132355e-04;-4.726342391222715378e-03
-2.502089482732117176e-04;4.707803018391132355e-04;-4.726342391222715378e-03
-1.599356182850897312e-04;4.203426360618323088e-04;-4.757255781441926956e-03
-1.599356182850897312e-04;4.203426360618323088e-04;-4.757255781441926956e-03
-1.434278528904542327e-04;5.246429354883730412e-04;-4.760422743856906891e-03
-1.434278528904542327e-04;5.246429354883730412e-04;-4.760422743856906891e-03
-1.505455729784443974e-04;3.444959002081304789e-04;-4.926684312522411346e-03
-1.505455729784443974e-04;3.444959002081304789e-04;-4.926684312522411346e-03
-2.054289143416099250e-05;1.642078277654945850e-04;-4.881651140749454498e-03
-2.054289143416099250e-05;1.642078277654945850e-04;-4.881651140749454498e-03
3.647011544671840966e-05;6.669009599136188626e-05;-4.941495135426521301e-03
1.793304836610332131e-04;-6.540294998558238149e-05;-5.011789966374635696e-03
1.793304836610332131e-04;-6.540294998558238149e-05;-5.011789966374635696e-03
2.036390069406479597e-04;-2.433427289361134171e-04;-5.305291153490543365e-03
2.036390069406479597e-04;-2.433427289361134171e-04;-5.305291153490543365e-03
4.088807691005058587e-05;9.046494233189150691e-05;-4.890301730483770370e-03
4.088807691005058587e-05;9.046494233189150691e-05;-4.890301730483770370e-03
-8.424267434747889638e-05;6.830067140981554985e-04;-4.924146458506584167e-03
-8.424267434747889638e-05;6.830067140981554985e-04;-4.924146458506584167e-03
-8.598557178629562259e-05;3.668498538900166750e-04;-4.808112513273954391e-03
-8.598557178629562259e-05;3.668498538900166750e-04;-4.808112513273954391e-03
-1.309474027948454022e-04;3.035026602447032928e-04;-4.862597677856683731e-03
-1.309474027948454022e-04;3.035026602447032928e-04;-4.862597677856683731e-03
-8.256164437625557184e-05;1.706508483039215207e-04;-4.983748774975538254e-03
-8.256164437625557184e-05;1.706508483039215207e-04;-4.983748774975538254e-03
-1.516506017651408911e-04;1.126610368373803794e-04;-4.740592557936906815e-03
-1.516506017651408911e-04;1.126610368373803794e-04;-4.740592557936906815e-03
-9.337015217170119286e-05;3.465439949650317430e-04;-4.888795781880617142e-03
-2.795934851747006178e-04;2.599358558654785156e-04;-4.893296398222446442e-03
-2.795934851747006178e-04;2.599358558654785156e-04;-4.893296398222446442e-03
-7.428012395394034684e-06;4.535705375019460917e-04;-5.050951614975929260e-03
-7.428012395394034684e-06;4.535705375019460917e-04;-5.050951614975929260e-03
-7.742358138784766197e-05;4.581871617119759321e-04;-5.175945349037647247e-03
-7.742358138784766197e-05;4.581871617119759321e-04;-5.175945349037647247e-03
1.365064817946404219e-04;4.431189736351370811e-04;-5.137206520885229111e-03
1.365064817946404219e-04;4.431189736351370811e-04;-5.137206520885229111e-03
3.091476974077522755e-04;1.627549208933487535e-04;-5.247505381703376770e-03
3.091476974077522755e-04;1.627549208933487535e-04;-5.247505381703376770e-03
2.440407697577029467e-04;7.776243728585541248e-05;-5.128149874508380890e-03
2.440407697577029467e-04;7.776243728585541248e-05;-5.128149874508380890e-03
1.053943378792610019e-05;2.160185104003176093e-04;-5.279702134430408478e-03
-3.154962905682623386e-04;-4.805719654541462660e-04;-5.022801924496889114e-03
-3.154962905682623386e-04;-4.805719654541462660e-04;-5.022801924496889114e-03
-5.363861564546823502e-04;-3.295538481324911118e-04;-5.274239927530288696e-03
-5.363861564546823502e-04;-3.295538481324911118e-04;-5.274239927530288696e-03
-3.060993331018835306e-04;-5.065029472461901605e-05;-5.154934246093034744e-03
-3.060993331018835306e-04;-5.065029472461901605e-05;-5.154934246093034744e-03
-5.383811658248305321e-04;-2.799791691359132528e-04;-5.375491455197334290e-03
-5.383811658248305321e-04;-2.799791691359132528e-04;-5.375491455197334290e-03
-4.281264846213161945e-04;-2.128835767507553101e-04;-5.043090321123600006e-03
-4.281264846213161945e-04;-2.128835767507553101e-04;-5.043090321123600006e-03
-4.697448457591235638e-04;-3.477662394288927317e-04;-5.187538452446460724e-03
-4.697448457591235638e-04;-3.477662394288927317e-04;-5.187538452446460724e-03
-1.289964711759239435e-04;3.277900395914912224e-04;-4.995789844542741776e-03
-1.143221525126136839e-04;-9.060845331987366080e-05;-5.053363740444183350e-03
-1.143221525126136839e-04;-9.060845331987366080e-05;-5.053363740444183350e-03
-1.054342574207112193e-04;-2.701348857954144478e-04;-4.853373393416404724e-03
-1.054342574207112193e-04;-2.701348857954144478e-04;-4.853373393416404724e-03
-3.103003837168216705e-04;-5.194246768951416016e-04;-5.162261892110109329e-03
-3.103003837168216705e-04;-5.194246768951416016e-04;-5.162261892110109329e-03
-1.655360974837094545e-04;-2.392221540503669530e-05;-5.231303162872791290e-03
-1.655360974837094545e-04;-2.392221540503669530e-05;-5.231303162872791290e-03
5.463407796924002469e-05;-2.313388104084879160e-04;-5.191830918192863464e-03
5.463407796924002469e-05;-2.313388104084879160e-04;-5.191830918192863464e-03
2.137461560778319836e-04;-2.134378737537190318e-04;-5.175045225769281387e-03
3.027465390914585441e-05;-3.118715249001979828e-04;-5.062771495431661606e-03
3.027465390914585441e-05;-3.118715249001979828e-04;-5.062771495431661606e-03
1.109464719775132835e-04;-1.847423263825476170e-04;-4.958786536008119583e-03
1.109464719775132835e-04;-1.847423263825476170e-04;-4.958786536008119583e-03
-6.404574378393590450e-05;-5.128413322381675243e-04;-4.951892420649528503e-03
-6.404574378393590450e-05;-5.128413322381675243e-04;-4.951892420649528503e-03
-3.187149122823029757e-04;-3.756440128199756145e-04;-5.117211025208234787e-03
-3.187149122823029757e-04;-3.756440128199756145e-04;-5.117211025208234787e-03
-1.019604169414378703e-04;-2.908633323386311531e-04;-5.310163833200931549e-03
-1.019604169414378703e-04;-2.908633323386311531e-04;-5.310163833200931549e-03
-4.266346513759344816e-04;-4.408327513374388218e-04;-4.976372234523296356e-03
-4.266346513759344816e-04;-4.408327513374388218e-04;-4.976372234523296356e-03
-3.054453118238598108e-04;-2.969436718558426946e-05;-5.123678594827651978e-03
-5.180441658012568951e-04;-3.084132040385156870e-04;-5.134696140885353088e-03
-5.180441658012568951e-04;-3.084132040385156870e-04;-5.134696140885353088e-03
-3.297931689303368330e-04;-3.568117099348455667e-04;-5.108388606458902359e-03
