-1.901313476264476776e-02;-1.392869651317596436e-02;2.326852560043334961e+00
-1.901313476264476776e-02;-1.392869651317596436e-02;2.326852560043334961e+00
-1.899815537035465240e-02;-1.395924016833305359e-02;2.326859235763549805e+00
-1.899815537035465240e-02;-1.395924016833305359e-02;2.326859235763549805e+00
-1.896041631698608398e-02;-1.399607490748167038e-02;2.326879739761352539e+00
-1.896041631698608398e-02;-1.399607490748167038e-02;2.326879739761352539e+00
-1.898261904716491699e-02;-1.402447558939456940e-02;2.326853752136230469e+00
-1.898261904716491699e-02;-1.402447558939456940e-02;2.326853752136230469e+00
-1.892374455928802490e-02;-1.399623230099678040e-02;2.326829195022583008e+00
-1.892374455928802490e-02;-1.399623230099678040e-02;2.326829195022583008e+00
-1.888749375939369202e-02;-1.399590540677309036e-02;2.326876640319824219e+00
-1.893340609967708588e-02;-1.400851085782051086e-02;2.326877593994140625e+00
-1.893340609967708588e-02;-1.400851085782051086e-02;2.326877593994140625e+00
-1.893092878162860870e-02;-1.401429902762174606e-02;2.326838254928588867e+00
-1.893092878162860870e-02;-1.401429902762174606e-02;2.326838254928588867e+00
-1.890664733946323395e-02;-1.404262240976095200e-02;2.326821804046630859e+00
-1.890664733946323395e-02;-1.404262240976095200e-02;2.326821804046630859e+00
-1.893254928290843964e-02;-1.402940414845943451e-02;2.326820135116577148e+00
-1.893254928290843964e-02;-1.402940414845943451e-02;2.326820135116577148e+00
-1.897302456200122833e-02;-1.404907833784818649e-02;2.326841592788696289e+00
-1.897302456200122833e-02;-1.404907833784818649e-02;2.326841592788696289e+00
-1.902358233928680420e-02;-1.411351002752780914e-02;2.326856374740600586e+00
-1.902358233928680420e-02;-1.411351002752780914e-02;2.326856374740600586e+00
-1.901867985725402832e-02;-1.411046087741851807e-02;2.326874256134033203e+00
-1.901605539023876190e-02;-1.410789787769317627e-02;2.326894283294677734e+00
-1.901605539023876190e-02;-1.410789787769317627e-02;2.326894283294677734e+00
-1.901957392692565918e-02;-1.412233524024486542e-02;2.326878309249877930e+00
-1.901957392692565918e-02;-1.412233524024486542e-02;2.326878309249877930e+00
-1.903205551207065582e-02;-1.414034236222505569e-02;2.326884031295776367e+00
-1.903205551207065582e-02;-1.414034236222505569e-02;2.326884031295776367e+00
-1.899420097470283508e-02;-1.412888150662183762e-02;2.326887845993041992e+00
-1.899420097470283508e-02;-1.412888150662183762e-02;2.326887845993041992e+00
-1.899981312453746796e-02;-1.409888453781604767e-02;2.326923847198486328e+00
-1.904975809156894684e-02;-1.412491127848625183e-02;2.326926231384277344e+00
-1.904975809156894684e-02;-1.412491127848625183e-02;2.326926231384277344e+00
-1.903581805527210236e-02;-1.412930805236101151e-02;2.326915740966796875e+00
-1.903581805527210236e-02;-1.412930805236101151e-02;2.326915740966796875e+00
-1.903918758034706116e-02;-1.415102183818817139e-02;2.326889514923095703e+00
-1.903918758034706116e-02;-1.415102183818817139e-02;2.326889514923095703e+00
-1.903247088193893433e-02;-1.413962244987487793e-02;2.326883792877197266e+00
-1.903247088193893433e-02;-1.413962244987487793e-02;2.326883792877197266e+00
-1.900765858590602875e-02;-1.417160220444202423e-02;2.326914072036743164e+00
-1.901032961905002594e-02;-1.412263792008161545e-02;2.326886653900146484e+00
-1.901032961905002594e-02;-1.412263792008161545e-02;2.326886653900146484e+00
-1.899484172463417053e-02;-1.411326136440038681e-02;2.326900243759155273e+00
-1.899484172463417053e-02;-1.411326136440038681e-02;2.326900243759155273e+00
-1.900487951934337616e-02;-1.412792503833770752e-02;2.326902627944946289e+00
-1.900487951934337616e-02;-1.412792503833770752e-02;2.326902627944946289e+00
-1.896953769028186798e-02;-1.407077070325613022e-02;2.326905727386474609e+00
-1.896953769028186798e-02;-1.407077070325613022e-02;2.326905727386474609e+00
-1.892911829054355621e-02;-1.405154541134834290e-02;2.326861858367919922e+00
-1.895705796778202057e-02;-1.408861763775348663e-02;2.326875209808349609e+00
-1.895705796778202057e-02;-1.408861763775348663e-02;2.326875209808349609e+00
-1.895164512097835541e-02;-1.412050891667604446e-02;2.326830148696899414e+00
-1.895164512097835541e-02;-1.412050891667604446e-02;2.326830148696899414e+00
-1.897308789193630219e-02;-1.406951062381267548e-02;2.326829433441162109e+00
-1.897308789193630219e-02;-1.406951062381267548e-02;2.326829433441162109e+00
-1.895097643136978149e-02;-1.414662692695856094e-02;2.326868772506713867e+00
-1.895097643136978149e-02;-1.414662692695856094e-02;2.326868772506713867e+00
-1.898074895143508911e-02;-1.419478282332420349e-02;2.326868772506713867e+00
-1.898074895143508911e-02;-1.419478282332420349e-02;2.326868772506713867e+00
-1.895327679812908173e-02;-1.417131628841161728e-02;2.326827764511108398e+00
-1.895327679812908173e-02;-1.417131628841161728e-02;2.326827764511108398e+00
-1.897387951612472534e-02;-1.413742732256650925e-02;2.326779365539550781e+00
-1.895756460726261139e-02;-1.415045745670795441e-02;2.326756238937377930e+00
-1.895756460726261139e-02;-1.415045745670795441e-02;2.326756238937377930e+00
-1.897185854613780975e-02;-1.415824703872203827e-02;2.326829671859741211e+00
-1.897185854613780975e-02;-1.415824703872203827e-02;2.326829671859741211e+00
-1.898256130516529083e-02;-1.417438406497240067e-02;2.326820135116577148e+00
-1.898256130516529083e-02;-1.417438406497240067e-02;2.326820135116577148e+00
-1.901619881391525269e-02;-1.416530832648277283e-02;2.326805114746093750e+00
-1.901619881391525269e-02;-1.416530832648277283e-02;2.326805114746093750e+00
-1.899509876966476440e-02;-1.415246538817882538e-02;2.326828241348266602e+00
-1.899509876966476440e-02;-1.415246538817882538e-02;2.326828241348266602e+00
-1.903113909065723419e-02;-1.414230652153491974e-02;2.326835632324218750e+00
-1.903113909065723419e-02;-1.414230652153491974e-02;2.326835632324218750e+00
-1.903929375112056732e-02;-1.412830408662557602e-02;2.326761960983276367e+00
-1.908212900161743164e-02;-1.416513696312904358e-02;2.326783180236816406e+00
-1.908212900161743164e-02;-1.416513696312904358e-02;2.326783180236816406e+00
-1.903316564857959747e-02;-1.413497142493724823e-02;2.326809883117675781e+00
-1.903316564857959747e-02;-1.413497142493724823e-02;2.326809883117675781e+00
-1.908219046890735626e-02;-1.414849143475294113e-02;2.326851606369018555e+00
-1.908219046890735626e-02;-1.414849143475294113e-02;2.326851606369018555e+00
-1.904410868883132935e-02;-1.411654800176620483e-02;2.326851129531860352e+00
-1.904410868883132935e-02;-1.411654800176620483e-02;2.326851129531860352e+00
-1.901846937835216522e-02;-1.414533611387014389e-02;2.326813459396362305e+00
-1.897851563990116119e-02;-1.411970611661672592e-02;2.326829910278320312e+00
-1.897851563990116119e-02;-1.411970611661672592e-02;2.326829910278320312e+00
-1.901333406567573547e-02;-1.411348395049571991e-02;2.326841592788696289e+00
-1.901333406567573547e-02;-1.411348395049571991e-02;2.326841592788696289e+00
-1.902409642934799194e-02;-1.414444390684366226e-02;2.326829433441162109e+00
-1.902409642934799194e-02;-1.414444390684366226e-02;2.326829433441162109e+00
-1.905228011310100555e-02;-1.420288626104593277e-02;2.326855659484863281e+00
-1.905228011310100555e-02;-1.420288626104593277e-02;2.326855659484863281e+00
-1.907736249268054962e-02;-1.424637716263532639e-02;2.326875925064086914e+00
-1.910901069641113281e-02;-1.425741706043481827e-02;2.326883554458618164e+00
-1.910901069641113281e-02;-1.425741706043481827e-02;2.326883554458618164e+00
-1.911679096519947052e-02;-1.428320631384849548e-02;2.326839447021484375e+00
-1.911679096519947052e-02;-1.428320631384849548e-02;2.326839447021484375e+00
-1.914567314088344574e-02;-1.432383619248867035e-02;2.326875209808349609e+00
-1.914567314088344574e-02;-1.432383619248867035e-02;2.326875209808349609e+00
-1.911642961204051971e-02;-1.431894581764936447e-02;2.326897382736206055e+00
-1.911642961204051971e-02;-1.431894581764936447e-02;2.326897382736206055e+00
-1.918466389179229736e-02;-1.437484472990036011e-02;2.326949357986450195e+00
-1.918466389179229736e-02;-1.437484472990036011e-02;2.326949357986450195e+00
-1.912510581314563751e-02;-1.432405039668083191e-02;2.326923847198486328e+00
-1.914041303098201752e-02;-1.434952579438686371e-02;2.326927661895751953e+00
-1.914041303098201752e-02;-1.434952579438686371e-02;2.326927661895751953e+00
-1.915503293275833130e-02;-1.437338255345821381e-02;2.326987981796264648e+00
-1.915503293275833130e-02;-1.437338255345821381e-02;2.326987981796264648e+00
-1.913836039602756500e-02;-1.440441422164440155e-02;2.326981782913208008e+00
-1.913836039602756500e-02;-1.440441422164440155e-02;2.326981782913208008e+00
-1.910311914980411530e-02;-1.443183608353137970e-02;2.326935768127441406e+00
-1.910311914980411530e-02;-1.443183608353137970e-02;2.326935768127441406e+00
-1.910600624978542328e-02;-1.444515120238065720e-02;2.326972007751464844e+00
-1.910600624978542328e-02;-1.444515120238065720e-02;2.326972007751464844e+00
-1.910144463181495667e-02;-1.443977002054452896e-02;2.327022075653076172e+00
-1.910144463181495667e-02;-1.443977002054452896e-02;2.327022075653076172e+00
-1.906452141702175140e-02;-1.441104244440793991e-02;2.327020168304443359e+00
-1.906452141702175140e-02;-1.441104244440793991e-02;2.327020168304443359e+00
-1.908738724887371063e-02;-1.443558000028133392e-02;2.327036619186401367e+00
-1.907451637089252472e-02;-1.444572489708662033e-02;2.327072858810424805e+00
-1.907451637089252472e-02;-1.444572489708662033e-02;2.327072858810424805e+00
-1.910851523280143738e-02;-1.443158462643623352e-02;2.327066183090209961e+00
-1.910851523280143738e-02;-1.443158462643623352e-02;2.327066183090209961e+00
-1.909628510475158691e-02;-1.445056125521659851e-02;2.327067613601684570e+00
-1.909628510475158691e-02;-1.445056125521659851e-02;2.327067613601684570e+00
-1.911431364715099335e-02;-1.442807540297508240e-02;2.327043771743774414e+00
-1.911431364715099335e-02;-1.442807540297508240e-02;2.327043771743774414e+00
-1.910582557320594788e-02;-1.441239658743143082e-02;2.327043533325195312e+00
-1.910582557320594788e-02;-1.441239658743143082e-02;2.327043533325195312e+00
-1.907205209136009216e-02;-1.437107101082801819e-02;2.327006578445434570e+00
-1.907653920352458954e-02;-1.436164975166320801e-02;2.327039003372192383e+00
-1.907653920352458954e-02;-1.436164975166320801e-02;2.327039003372192383e+00
-1.911490969359874725e-02;-1.436481531709432602e-02;2.327026128768920898e+00
-1.911490969359874725e-02;-1.436481531709432602e-02;2.327026128768920898e+00
-1.913651078939437866e-02;-1.439875736832618713e-02;2.327047824859619141e+00
-1.913651078939437866e-02;-1.439875736832618713e-02;2.327047824859619141e+00
-1.913082040846347809e-02;-1.448536757379770279e-02;2.327074766159057617e+00
-1.913082040846347809e-02;-1.448536757379770279e-02;2.327074766159057617e+00
-1.911379210650920868e-02;-1.447036303579807281e-02;2.327096462249755859e+00
-1.911379210650920868e-02;-1.447036303579807281e-02;2.327096462249755859e+00
-1.909236982464790344e-02;-1.448245253413915634e-02;2.327152729034423828e+00
-1.908498816192150116e-02;-1.449107937514781952e-02;2.327100753784179688e+00
-1.908498816192150116e-02;-1.449107937514781952e-02;2.327100753784179688e+00
-1.912757009267807007e-02;-1.447265502065420151e-02;2.327115774154663086e+00
-1.912757009267807007e-02;-1.447265502065420151e-02;2.327115774154663086e+00
-1.908743381500244141e-02;-1.445771194994449615e-02;2.327106714248657227e+00
-1.908743381500244141e-02;-1.445771194994449615e-02;2.327106714248657227e+00
-1.905283145606517792e-02;-1.444580312818288803e-02;2.327108621597290039e+00
-1.905283145606517792e-02;-1.444580312818288803e-02;2.327108621597290039e+00
-1.903038844466209412e-02;-1.442835666239261627e-02;2.327062129974365234e+00
-1.903038844466209412e-02;-1.442835666239261627e-02;2.327062129974365234e+00
-1.903710141777992249e-02;-1.445933617651462555e-02;2.327110290527343750e+00
-1.903710141777992249e-02;-1.445933617651462555e-02;2.327110290527343750e+00
-1.900985091924667358e-02;-1.445236802101135254e-02;2.327092647552490234e+00
-1.900539174675941467e-02;-1.447990071028470993e-02;2.327059984207153320e+00
-1.900539174675941467e-02;-1.447990071028470993e-02;2.327059984207153320e+00
-1.902122609317302704e-02;-1.444660965353250504e-02;2.327039003372192383e+00
-1.902122609317302704e-02;-1.444660965353250504e-02;2.327039003372192383e+00
-1.904363371431827545e-02;-1.443665940314531326e-02;2.327010869979858398e+00
-1.904363371431827545e-02;-1.443665940314531326e-02;2.327010869979858398e+00
-1.901853270828723907e-02;-1.441044546663761139e-02;2.327016592025756836e+00
-1.901853270828723907e-02;-1.441044546663761139e-02;2.327016592025756836e+00
-1.903733424842357635e-02;-1.440518256276845932e-02;2.327032089233398438e+00
-1.903733424842357635e-02;-1.440518256276845932e-02;2.327032089233398438e+00
-1.899778470396995544e-02;-1.441119424998760223e-02;2.327059745788574219e+00
-1.899778470396995544e-02;-1.441119424998760223e-02;2.327059745788574219e+00
-1.905160956084728241e-02;-1.446225121617317200e-02;2.327066898345947266e+00
-1.905160956084728241e-02;-1.446225121617317200e-02;2.327066898345947266e+00
-1.902951300144195557e-02;-1.445162575691938400e-02;2.327069282531738281e+00
-1.902951300144195557e-02;-1.445162575691938400e-02;2.327069282531738281e+00
-1.903176680207252502e-02;-1.444095280021429062e-02;2.327066898345947266e+00
-1.903176680207252502e-02;-1.444095280021429062e-02;2.327066898345947266e+00
-1.903029158711433411e-02;-1.441859733313322067e-02;2.327113866806030273e+00
-1.903029158711433411e-02;-1.441859733313322067e-02;2.327113866806030273e+00
-1.905307359993457794e-02;-1.447947695851325989e-02;2.327095985412597656e+00
-1.905307359993457794e-02;-1.447947695851325989e-02;2.327095985412597656e+00
-1.899286918342113495e-02;-1.449188869446516037e-02;2.327086210250854492e+00
-1.899286918342113495e-02;-1.449188869446516037e-02;2.327086210250854492e+00
-1.901217363774776459e-02;-1.449561771005392075e-02;2.327119112014770508e+00
-1.901217363774776459e-02;-1.449561771005392075e-02;2.327119112014770508e+00
-1.904462650418281555e-02;-1.448725163936614990e-02;2.327089071273803711e+00
-1.904462650418281555e-02;-1.448725163936614990e-02;2.327089071273803711e+00
-1.904212683439254761e-02;-1.446240954101085663e-02;2.327089309692382812e+00
-1.899144612252712250e-02;-1.438594702631235123e-02;2.327093839645385742e+00
-1.899144612252712250e-02;-1.438594702631235123e-02;2.327093839645385742e+00
-1.899144612252712250e-02;-1.438594702631235123e-02;2.327093839645385742e+00
-1.899144612252712250e-02;-1.438594702631235123e-02;2.327093839645385742e+00
-1.897215284407138824e-02;-1.436543278396129608e-02;2.327078342437744141e+00
-1.897215284407138824e-02;-1.436543278396129608e-02;2.327078342437744141e+00
-1.901925727725028992e-02;-1.437350176274776459e-02;2.327099561691284180e+00
-1.901925727725028992e-02;-1.437350176274776459e-02;2.327099561691284180e+00
-1.903262175619602203e-02;-1.437439024448394775e-02;2.327076911926269531e+00
-1.903262175619602203e-02;-1.437439024448394775e-02;2.327076911926269531e+00
-1.899701170623302460e-02;-1.437473949044942856e-02;2.327060461044311523e+00
-1.897751726210117340e-02;-1.435408834367990494e-02;2.327064275741577148e+00
-1.897751726210117340e-02;-1.435408834367990494e-02;2.327064275741577148e+00
-1.900397986173629761e-02;-1.435956079512834549e-02;2.327115058898925781e+00
-1.900397986173629761e-02;-1.435956079512834549e-02;2.327115058898925781e+00
-1.898386329412460327e-02;-1.433387491852045059e-02;2.327104091644287109e+00
-1.898386329412460327e-02;-1.433387491852045059e-02;2.327104091644287109e+00
-1.899904571473598480e-02;-1.433928962796926498e-02;2.327099561691284180e+00
-1.899904571473598480e-02;-1.433928962796926498e-02;2.327099561691284180e+00
-1.900098100304603577e-02;-1.432448253035545349e-02;2.327081918716430664e+00
-1.900098100304603577e-02;-1.432448253035545349e-02;2.327081918716430664e+00
-1.902253367006778717e-02;-1.437685638666152954e-02;2.327116489410400391e+00
-1.907271333038806915e-02;-1.439543813467025757e-02;2.327129125595092773e+00
-1.907271333038806915e-02;-1.439543813467025757e-02;2.327129125595092773e+00
-1.909881643950939178e-02;-1.439231820404529572e-02;2.327167034149169922e+00
-1.909881643950939178e-02;-1.439231820404529572e-02;2.327167034149169922e+00
-1.907662674784660339e-02;-1.438706740736961365e-02;2.327198505401611328e+00
-1.907662674784660339e-02;-1.438706740736961365e-02;2.327198505401611328e+00
-1.909138262271881104e-02;-1.439775060862302780e-02;2.327151536941528320e+00
-1.909138262271881104e-02;-1.439775060862302780e-02;2.327151536941528320e+00
-1.910465583205223083e-02;-1.434113550931215286e-02;2.327105760574340820e+00
-1.910465583205223083e-02;-1.434113550931215286e-02;2.327105760574340820e+00
-1.913180947303771973e-02;-1.435049809515476227e-02;2.327133655548095703e+00
-1.913180947303771973e-02;-1.435049809515476227e-02;2.327133655548095703e+00
-1.915410161018371582e-02;-1.436046976596117020e-02;2.327155590057373047e+00
-1.914303936064243317e-02;-1.436167396605014801e-02;2.327161788940429688e+00
-1.914303936064243317e-02;-1.436167396605014801e-02;2.327161788940429688e+00
-1.910291053354740143e-02;-1.429030857980251312e-02;2.327117681503295898e+00
-1.910291053354740143e-02;-1.429030857980251312e-02;2.327117681503295898e+00
-1.907912641763687134e-02;-1.427861675620079041e-02;2.327123641967773438e+00
-1.907912641763687134e-02;-1.427861675620079041e-02;2.327123641967773438e+00
-1.911585032939910889e-02;-1.426738686859607697e-02;2.327094078063964844e+00
-1.911585032939910889e-02;-1.426738686859607697e-02;2.327094078063964844e+00
-1.913766004145145416e-02;-1.420872099697589874e-02;2.327105760574340820e+00
-1.913766004145145416e-02;-1.420872099697589874e-02;2.327105760574340820e+00
-1.913930848240852356e-02;-1.423241104930639267e-02;2.327129840850830078e+00
-1.916460879147052765e-02;-1.426153630018234253e-02;2.327126502990722656e+00
-1.916460879147052765e-02;-1.426153630018234253e-02;2.327126502990722656e+00
-1.913924515247344971e-02;-1.428782474249601364e-02;2.327154636383056641e+00
-1.913924515247344971e-02;-1.428782474249601364e-02;2.327154636383056641e+00
-1.913692988455295563e-02;-1.422917190939188004e-02;2.327116727828979492e+00
-1.913692988455295563e-02;-1.422917190939188004e-02;2.327116727828979492e+00
-1.914122328162193298e-02;-1.426924299448728561e-02;2.327108144760131836e+00
-1.914122328162193298e-02;-1.426924299448728561e-02;2.327108144760131836e+00
-1.914596371352672577e-02;-1.427990756928920746e-02;2.327095746994018555e+00
-1.914596371352672577e-02;-1.427990756928920746e-02;2.327095746994018555e+00
-1.913757249712944031e-02;-1.420835405588150024e-02;2.327112674713134766e+00
-1.913757249712944031e-02;-1.420835405588150024e-02;2.327112674713134766e+00
-1.908968202769756317e-02;-1.419241912662982941e-02;2.327133893966674805e+00
-1.905334368348121643e-02;-1.415691990405321121e-02;2.327109098434448242e+00
-1.905334368348121643e-02;-1.415691990405321121e-02;2.327109098434448242e+00
-1.907650381326675415e-02;-1.415070239454507828e-02;2.327093362808227539e+00
-1.907650381326675415e-02;-1.415070239454507828e-02;2.327093362808227539e+00
-1.908110640943050385e-02;-1.416000258177518845e-02;2.327125787734985352e+00
-1.908110640943050385e-02;-1.416000258177518845e-02;2.327125787734985352e+00
-1.907946728169918060e-02;-1.412464119493961334e-02;2.327127456665039062e+00
-1.907946728169918060e-02;-1.412464119493961334e-02;2.327127456665039062e+00
-1.910961046814918518e-02;-1.414940040558576584e-02;2.327113389968872070e+00
-1.910961046814918518e-02;-1.414940040558576584e-02;2.327113389968872070e+00
-1.911346800625324249e-02;-1.416874490678310394e-02;2.327171564102172852e+00
-1.907940208911895752e-02;-1.414986141026020050e-02;2.327157497406005859e+00
-1.907940208911895752e-02;-1.414986141026020050e-02;2.327157497406005859e+00
-1.907825469970703125e-02;-1.416928693652153015e-02;2.327134847640991211e+00
-1.907825469970703125e-02;-1.416928693652153015e-02;2.327134847640991211e+00
-1.897041685879230499e-02;-1.417401898652315140e-02;2.327156066894531250e+00
-1.897041685879230499e-02;-1.417401898652315140e-02;2.327156066894531250e+00
-1.899000443518161774e-02;-1.417482458055019379e-02;2.327149152755737305e+00
-1.899000443518161774e-02;-1.417482458055019379e-02;2.327149152755737305e+00
-1.899499632418155670e-02;-1.414150744676589966e-02;2.327176332473754883e+00
-1.899499632418155670e-02;-1.414150744676589966e-02;2.327176332473754883e+00
-1.900850236415863037e-02;-1.417383458465337753e-02;2.327192068099975586e+00
-1.900850236415863037e-02;-1.417383458465337753e-02;2.327192068099975586e+00
-1.899676211178302765e-02;-1.412904262542724609e-02;2.327216148376464844e+00
-1.896182820200920105e-02;-1.407987345010042191e-02;2.327239751815795898e+00
-1.896182820200920105e-02;-1.407987345010042191e-02;2.327239751815795898e+00
-1.898179203271865845e-02;-1.407504919916391373e-02;2.327195405960083008e+00
-1.898179203271865845e-02;-1.407504919916391373e-02;2.327195405960083008e+00
-1.899783685803413391e-02;-1.408734358847141266e-02;2.327198028564453125e+00
-1.899783685803413391e-02;-1.408734358847141266e-02;2.327198028564453125e+00
-1.898011751472949982e-02;-1.407679170370101929e-02;2.327171564102172852e+00
-1.898011751472949982e-02;-1.407679170370101929e-02;2.327171564102172852e+00
-1.892548799514770508e-02;-1.401589345186948776e-02;2.327123880386352539e+00
-1.892548799514770508e-02;-1.401589345186948776e-02;2.327123880386352539e+00
-1.887484081089496613e-02;-1.401767786592245102e-02;2.327180385589599609e+00
-1.892390660941600800e-02;-1.401396933943033218e-02;2.327209234237670898e+00
-1.892390660941600800e-02;-1.401396933943033218e-02;2.327209234237670898e+00
-1.892637088894844055e-02;-1.396733056753873825e-02;2.327187538146972656e+00
-1.892637088894844055e-02;-1.396733056753873825e-02;2.327187538146972656e+00
-1.887836866080760956e-02;-1.394000370055437088e-02;2.327217102050781250e+00
-1.887836866080760956e-02;-1.394000370055437088e-02;2.327217102050781250e+00
-1.889562420547008514e-02;-1.393426489084959030e-02;2.327244758605957031e+00
-1.889562420547008514e-02;-1.393426489084959030e-02;2.327244758605957031e+00
-1.882386580109596252e-02;-1.395798008888959885e-02;2.327243328094482422e+00
-1.882386580109596252e-02;-1.395798008888959885e-02;2.327243328094482422e+00
-1.884362287819385529e-02;-1.399113889783620834e-02;2.327258110046386719e+00
-1.884362287819385529e-02;-1.399113889783620834e-02;2.327258110046386719e+00
-1.885722950100898743e-02;-1.398477051407098770e-02;2.327260255813598633e+00
-1.881051622331142426e-02;-1.392579078674316406e-02;2.327282905578613281e+00
-1.881051622331142426e-02;-1.392579078674316406e-02;2.327282905578613281e+00
-1.882173120975494385e-02;-1.393316313624382019e-02;2.327275753021240234e+00
-1.882173120975494385e-02;-1.393316313624382019e-02;2.327275753021240234e+00
-1.881638541817665100e-02;-1.391492132097482681e-02;2.327300310134887695e+00
-1.881638541817665100e-02;-1.391492132097482681e-02;2.327300310134887695e+00
-1.883946731686592102e-02;-1.392294280230998993e-02;2.327246427536010742e+00
-1.883946731686592102e-02;-1.392294280230998993e-02;2.327246427536010742e+00
-1.881293579936027527e-02;-1.394531037658452988e-02;2.327256679534912109e+00
-1.881293579936027527e-02;-1.394531037658452988e-02;2.327256679534912109e+00
-1.882966607809066772e-02;-1.393481995910406113e-02;2.327272653579711914e+00
-1.886076107621192932e-02;-1.392595469951629639e-02;2.327313423156738281e+00
-1.886076107621192932e-02;-1.392595469951629639e-02;2.327313423156738281e+00
-1.888094283640384674e-02;-1.396637782454490662e-02;2.327271699905395508e+00
-1.888094283640384674e-02;-1.396637782454490662e-02;2.327271699905395508e+00
-1.887493953108787537e-02;-1.394936069846153259e-02;2.327286481857299805e+00
-1.887493953108787537e-02;-1.394936069846153259e-02;2.327286481857299805e+00
-1.881919987499713898e-02;-1.397317089140415192e-02;2.327321290969848633e+00
-1.881919987499713898e-02;-1.397317089140415192e-02;2.327321290969848633e+00
-1.882773824036121368e-02;-1.399789471179246902e-02;2.327333927154541016e+00
-1.882773824036121368e-02;-1.399789471179246902e-02;2.327333927154541016e+00
-1.883174665272235870e-02;-1.397826615720987320e-02;2.327306985855102539e+00
-1.883174665272235870e-02;-1.397826615720987320e-02;2.327306985855102539e+00
-1.883615553379058838e-02;-1.393661648035049438e-02;2.327361822128295898e+00
-1.875834539532661438e-02;-1.388689409941434860e-02;2.327373504638671875e+00
-1.875834539532661438e-02;-1.388689409941434860e-02;2.327373504638671875e+00
-1.880663633346557617e-02;-1.392397657036781311e-02;2.327387809753417969e+00
-1.880663633346557617e-02;-1.392397657036781311e-02;2.327387809753417969e+00
-1.881569065153598785e-02;-1.389269903302192688e-02;2.327370882034301758e+00
-1.881569065153598785e-02;-1.389269903302192688e-02;2.327370882034301758e+00
-1.884946972131729126e-02;-1.386824809014797211e-02;2.327330827713012695e+00
-1.884946972131729126e-02;-1.386824809014797211e-02;2.327330827713012695e+00
-1.884048432111740112e-02;-1.385064329952001572e-02;2.327392816543579102e+00
-1.884048432111740112e-02;-1.385064329952001572e-02;2.327392816543579102e+00
-1.886304840445518494e-02;-1.387310959398746490e-02;2.327404737472534180e+00
-1.886304840445518494e-02;-1.387310959398746490e-02;2.327404737472534180e+00
-1.885536126792430878e-02;-1.388200093060731888e-02;2.327440500259399414e+00
-1.885536126792430878e-02;-1.388200093060731888e-02;2.327440500259399414e+00
-1.893655024468898773e-02;-1.391404680907726288e-02;2.327480316162109375e+00
-1.894039101898670197e-02;-1.389706507325172424e-02;2.327419996261596680e+00
-1.894039101898670197e-02;-1.389706507325172424e-02;2.327419996261596680e+00
-1.895578578114509583e-02;-1.390457432717084885e-02;2.327440977096557617e+00
-1.895578578114509583e-02;-1.390457432717084885e-02;2.327440977096557617e+00
-1.893487758934497833e-02;-1.395925134420394897e-02;2.327440500259399414e+00
-1.893487758934497833e-02;-1.395925134420394897e-02;2.327440500259399414e+00
-1.894293166697025299e-02;-1.395069714635610580e-02;2.327463626861572266e+00
-1.894293166697025299e-02;-1.395069714635610580e-02;2.327463626861572266e+00
-1.889456808567047119e-02;-1.395358424633741379e-02;2.327488660812377930e+00
-1.889456808567047119e-02;-1.395358424633741379e-02;2.327488660812377930e+00
-1.888524368405342102e-02;-1.398589741438627243e-02;2.327518701553344727e+00
-1.887928135693073273e-02;-1.401871256530284882e-02;2.327534914016723633e+00
-1.887928135693073273e-02;-1.401871256530284882e-02;2.327534914016723633e+00
-1.886244304478168488e-02;-1.403865590691566467e-02;2.327535152435302734e+00
-1.886244304478168488e-02;-1.403865590691566467e-02;2.327535152435302734e+00
-1.887465827167034149e-02;-1.405797153711318970e-02;2.327553272247314453e+00
-1.887465827167034149e-02;-1.405797153711318970e-02;2.327553272247314453e+00
-1.894760131835937500e-02;-1.398414839059114456e-02;2.327538728713989258e+00
-1.894760131835937500e-02;-1.398414839059114456e-02;2.327538728713989258e+00
-1.897147856652736664e-02;-1.401955354958772659e-02;2.327544450759887695e+00
-1.897147856652736664e-02;-1.401955354958772659e-02;2.327544450759887695e+00
-1.892039924860000610e-02;-1.403685472905635834e-02;2.327548742294311523e+00
-1.893529295921325684e-02;-1.405019219964742661e-02;2.327565670013427734e+00
-1.893529295921325684e-02;-1.405019219964742661e-02;2.327565670013427734e+00
-1.896206103265285492e-02;-1.403993181884288788e-02;2.327577829360961914e+00
-1.896206103265285492e-02;-1.403993181884288788e-02;2.327577829360961914e+00
-1.894153468310832977e-02;-1.403919886797666550e-02;2.327561616897583008e+00
-1.894153468310832977e-02;-1.403919886797666550e-02;2.327561616897583008e+00
-1.888315193355083466e-02;-1.403720118105411530e-02;2.327553987503051758e+00
-1.888315193355083466e-02;-1.403720118105411530e-02;2.327553987503051758e+00
-1.889465376734733582e-02;-1.399575266987085342e-02;2.327534914016723633e+00
-1.889465376734733582e-02;-1.399575266987085342e-02;2.327534914016723633e+00
-1.887830533087253571e-02;-1.396041270345449448e-02;2.327508449554443359e+00
-1.887830533087253571e-02;-1.396041270345449448e-02;2.327508449554443359e+00
-1.888898015022277832e-02;-1.392703782767057419e-02;2.327504634857177734e+00
-1.887692883610725403e-02;-1.389421708881855011e-02;2.327505588531494141e+00
-1.887692883610725403e-02;-1.389421708881855011e-02;2.327505588531494141e+00
-1.887158304452896118e-02;-1.394290197640657425e-02;2.327537059783935547e+00
-1.887158304452896118e-02;-1.394290197640657425e-02;2.327537059783935547e+00
-1.887271553277969360e-02;-1.399510260671377182e-02;2.327540636062622070e+00
-1.887271553277969360e-02;-1.399510260671377182e-02;2.327540636062622070e+00
-1.888118870556354523e-02;-1.396706141531467438e-02;2.327502965927124023e+00
-1.888118870556354523e-02;-1.396706141531467438e-02;2.327502965927124023e+00
-1.886167749762535095e-02;-1.398070994764566422e-02;2.327514648437500000e+00
-1.886167749762535095e-02;-1.398070994764566422e-02;2.327514648437500000e+00
-1.886956021189689636e-02;-1.397951971739530563e-02;2.327509164810180664e+00
-1.886956021189689636e-02;-1.397951971739530563e-02;2.327509164810180664e+00
-1.884380541741847992e-02;-1.401027757674455643e-02;2.327545166015625000e+00
-1.884229108691215515e-02;-1.404946763068437576e-02;2.327577114105224609e+00
-1.884229108691215515e-02;-1.404946763068437576e-02;2.327577114105224609e+00
-1.884499005973339081e-02;-1.405397057533264160e-02;2.327549695968627930e+00
-1.884499005973339081e-02;-1.405397057533264160e-02;2.327549695968627930e+00
-1.885445602238178253e-02;-1.404763199388980865e-02;2.327592611312866211e+00
-1.885445602238178253e-02;-1.404763199388980865e-02;2.327592611312866211e+00
-1.887623593211174011e-02;-1.411340665072202682e-02;2.327624559402465820e+00
-1.887623593211174011e-02;-1.411340665072202682e-02;2.327624559402465820e+00
-1.889829896390438080e-02;-1.415382139384746552e-02;2.327657699584960938e+00
-1.889829896390438080e-02;-1.415382139384746552e-02;2.327657699584960938e+00
-1.890954002737998962e-02;-1.411564089357852936e-02;2.327729940414428711e+00
-1.886295899748802185e-02;-1.409352105110883713e-02;2.327713251113891602e+00
-1.886295899748802185e-02;-1.409352105110883713e-02;2.327713251113891602e+00
-1.887600868940353394e-02;-1.408428605645895004e-02;2.327725648880004883e+00
-1.887600868940353394e-02;-1.408428605645895004e-02;2.327725648880004883e+00
-1.888258010149002075e-02;-1.406465284526348114e-02;2.327714204788208008e+00
-1.888258010149002075e-02;-1.406465284526348114e-02;2.327714204788208008e+00
-1.888416521251201630e-02;-1.404592394828796387e-02;2.327710390090942383e+00
-1.888416521251201630e-02;-1.404592394828796387e-02;2.327710390090942383e+00
-1.888886652886867523e-02;-1.404938194900751114e-02;2.327709913253784180e+00
-1.888886652886867523e-02;-1.404938194900751114e-02;2.327709913253784180e+00
-1.888219825923442841e-02;-1.408420782536268234e-02;2.327749490737915039e+00
-1.888219825923442841e-02;-1.408420782536268234e-02;2.327749490737915039e+00
-1.889527589082717896e-02;-1.409586053341627121e-02;2.327786445617675781e+00
-1.889527589082717896e-02;-1.409586053341627121e-02;2.327786445617675781e+00
-1.886088959872722626e-02;-1.407141424715518951e-02;2.327781438827514648e+00
-1.891919784247875214e-02;-1.404898334294557571e-02;2.327786207199096680e+00
-1.891919784247875214e-02;-1.404898334294557571e-02;2.327786207199096680e+00
-1.891476660966873169e-02;-1.402303017675876617e-02;2.327781200408935547e+00
-1.891476660966873169e-02;-1.402303017675876617e-02;2.327781200408935547e+00
-1.888694986701011658e-02;-1.399288233369588852e-02;2.327765226364135742e+00
-1.888694986701011658e-02;-1.399288233369588852e-02;2.327765226364135742e+00
-1.889761537313461304e-02;-1.400013733655214310e-02;2.327724695205688477e+00
-1.889761537313461304e-02;-1.400013733655214310e-02;2.327724695205688477e+00
-1.890861056745052338e-02;-1.401736866682767868e-02;2.327729225158691406e+00
-1.890861056745052338e-02;-1.401736866682767868e-02;2.327729225158691406e+00
-1.889750920236110687e-02;-1.398493256419897079e-02;2.327733755111694336e+00
-1.891854219138622284e-02;-1.403005607426166534e-02;2.327721834182739258e+00
-1.891854219138622284e-02;-1.403005607426166534e-02;2.327721834182739258e+00
-1.895239949226379395e-02;-1.403366401791572571e-02;2.327715396881103516e+00
-1.895239949226379395e-02;-1.403366401791572571e-02;2.327715396881103516e+00
-1.897487975656986237e-02;-1.405756175518035889e-02;2.327740907669067383e+00
-1.897487975656986237e-02;-1.405756175518035889e-02;2.327740907669067383e+00
-1.898351311683654785e-02;-1.402072608470916748e-02;2.327728509902954102e+00
-1.898351311683654785e-02;-1.402072608470916748e-02;2.327728509902954102e+00
-1.903326809406280518e-02;-1.405227463692426682e-02;2.327728748321533203e+00
-1.903326809406280518e-02;-1.405227463692426682e-02;2.327728748321533203e+00
-1.901749335229396820e-02;-1.409673318266868591e-02;2.327752351760864258e+00
-1.901749335229396820e-02;-1.409673318266868591e-02;2.327752351760864258e+00
-1.896698400378227234e-02;-1.411922276020050049e-02;2.327729463577270508e+00
-1.898612268269062042e-02;-1.410864852368831635e-02;2.327730178833007812e+00
-1.898612268269062042e-02;-1.410864852368831635e-02;2.327730178833007812e+00
-1.896175928413867950e-02;-1.406189799308776855e-02;2.327740669250488281e+00
-1.896175928413867950e-02;-1.406189799308776855e-02;2.327740669250488281e+00
-1.893044263124465942e-02;-1.402789074927568436e-02;2.327711343765258789e+00
-1.893044263124465942e-02;-1.402789074927568436e-02;2.327711343765258789e+00
-1.895342767238616943e-02;-1.403922773897647858e-02;2.327764749526977539e+00
-1.895342767238616943e-02;-1.403922773897647858e-02;2.327764749526977539e+00
-1.892549544572830200e-02;-1.400237530469894409e-02;2.327743768692016602e+00
-1.894478127360343933e-02;-1.398273743689060211e-02;2.327699899673461914e+00
-1.894478127360343933e-02;-1.398273743689060211e-02;2.327699899673461914e+00
-1.886278949677944183e-02;-1.394794881343841553e-02;2.327686309814453125e+00
-1.886278949677944183e-02;-1.394794881343841553e-02;2.327686309814453125e+00
-1.883914507925510406e-02;-1.393510121852159500e-02;2.327687978744506836e+00
-1.883914507925510406e-02;-1.393510121852159500e-02;2.327687978744506836e+00
-1.885051652789115906e-02;-1.393210049718618393e-02;2.327636718750000000e+00
-1.885051652789115906e-02;-1.393210049718618393e-02;2.327636718750000000e+00
-1.883333921432495117e-02;-1.391934417188167572e-02;2.327608346939086914e+00
-1.883333921432495117e-02;-1.391934417188167572e-02;2.327608346939086914e+00
-1.889744773507118225e-02;-1.391173899173736572e-02;2.327597379684448242e+00
-1.891565881669521332e-02;-1.386205293238162994e-02;2.327611207962036133e+00
-1.891565881669521332e-02;-1.386205293238162994e-02;2.327611207962036133e+00
-1.893850229680538177e-02;-1.388603542000055313e-02;2.327661275863647461e+00
-1.893850229680538177e-02;-1.388603542000055313e-02;2.327661275863647461e+00
-1.893714256584644318e-02;-1.388842053711414337e-02;2.327699422836303711e+00
-1.893714256584644318e-02;-1.388842053711414337e-02;2.327699422836303711e+00
-1.894727163016796112e-02;-1.384329050779342651e-02;2.327654838562011719e+00
-1.894727163016796112e-02;-1.384329050779342651e-02;2.327654838562011719e+00
-1.891957968473434448e-02;-1.381572708487510681e-02;2.327620029449462891e+00
-1.891957968473434448e-02;-1.381572708487510681e-02;2.327620029449462891e+00
-1.895238645374774933e-02;-1.382727548480033875e-02;2.327622175216674805e+00
-1.895238645374774933e-02;-1.382727548480033875e-02;2.327622175216674805e+00
-1.896328106522560120e-02;-1.383048575371503830e-02;2.327563762664794922e+00
-1.897816732525825500e-02;-1.387041341513395309e-02;2.327602148056030273e+00
-1.897816732525825500e-02;-1.387041341513395309e-02;2.327602148056030273e+00
-1.896512322127819061e-02;-1.387268956750631332e-02;2.327596902847290039e+00
-1.896512322127819061e-02;-1.387268956750631332e-02;2.327596902847290039e+00
-1.899018697440624237e-02;-1.378098130226135254e-02;2.327532529830932617e+00
-1.899018697440624237e-02;-1.378098130226135254e-02;2.327532529830932617e+00
-1.900287903845310211e-02;-1.381665375083684921e-02;2.327554225921630859e+00
-1.900287903845310211e-02;-1.381665375083684921e-02;2.327554225921630859e+00
-1.900418102741241455e-02;-1.386138889938592911e-02;2.327548265457153320e+00
-1.900418102741241455e-02;-1.386138889938592911e-02;2.327548265457153320e+00
-1.900955662131309509e-02;-1.386090554296970367e-02;2.327575683593750000e+00
-1.900955662131309509e-02;-1.386090554296970367e-02;2.327575683593750000e+00
-1.903185620903968811e-02;-1.388112548738718033e-02;2.327541828155517578e+00
-1.905147545039653778e-02;-1.387940160930156708e-02;2.327522516250610352e+00
-1.905147545039653778e-02;-1.387940160930156708e-02;2.327522516250610352e+00
-1.904276013374328613e-02;-1.389259286224842072e-02;2.327530145645141602e+00
-1.904276013374328613e-02;-1.389259286224842072e-02;2.327530145645141602e+00
-1.901625841856002808e-02;-1.389235630631446838e-02;2.327474594116210938e+00
-1.901625841856002808e-02;-1.389235630631446838e-02;2.327474594116210938e+00
-1.904515363276004791e-02;-1.390663906931877136e-02;2.327470541000366211e+00
-1.904515363276004791e-02;-1.390663906931877136e-02;2.327470541000366211e+00
-1.906262524425983429e-02;-1.391183398663997650e-02;2.327521085739135742e+00
-1.906262524425983429e-02;-1.391183398663997650e-02;2.327521085739135742e+00
-1.903185993432998657e-02;-1.390280108898878098e-02;2.327523946762084961e+00
-1.903185993432998657e-02;-1.390280108898878098e-02;2.327523946762084961e+00
-1.899299398064613342e-02;-1.387606561183929443e-02;2.327525377273559570e+00
-1.900897547602653503e-02;-1.382667943835258484e-02;2.327503204345703125e+00
-1.900897547602653503e-02;-1.382667943835258484e-02;2.327503204345703125e+00
-1.904741488397121429e-02;-1.385572552680969238e-02;2.327497243881225586e+00
-1.904741488397121429e-02;-1.385572552680969238e-02;2.327497243881225586e+00
-1.909591630101203918e-02;-1.388644892722368240e-02;2.327527046203613281e+00
-1.909591630101203918e-02;-1.388644892722368240e-02;2.327527046203613281e+00
-1.913513988256454468e-02;-1.388389151543378830e-02;2.327564001083374023e+00
-1.913513988256454468e-02;-1.388389151543378830e-02;2.327564001083374023e+00
-1.911139301955699921e-02;-1.387679111212491989e-02;2.327580690383911133e+00
-1.911139301955699921e-02;-1.387679111212491989e-02;2.327580690383911133e+00
-1.911139301955699921e-02;-1.387679111212491989e-02;2.327580690383911133e+00
-1.908579468727111816e-02;-1.387194450944662094e-02;2.327588796615600586e+00
-1.908579468727111816e-02;-1.387194450944662094e-02;2.327588796615600586e+00
-1.908707804977893829e-02;-1.388056948781013489e-02;2.327588796615600586e+00
-1.908707804977893829e-02;-1.388056948781013489e-02;2.327588796615600586e+00
-1.907402276992797852e-02;-1.391856744885444641e-02;2.327594518661499023e+00
-1.907402276992797852e-02;-1.391856744885444641e-02;2.327594518661499023e+00
-1.904536411166191101e-02;-1.391654182225465775e-02;2.327646493911743164e+00
-1.904536411166191101e-02;-1.391654182225465775e-02;2.327646493911743164e+00
-1.908501982688903809e-02;-1.394349429756402969e-02;2.327686071395874023e+00
-1.908501982688903809e-02;-1.394349429756402969e-02;2.327686071395874023e+00
-1.910951361060142517e-02;-1.393273007124662399e-02;2.327676057815551758e+00
-1.907396689057350159e-02;-1.390929985791444778e-02;2.327670335769653320e+00
-1.907396689057350159e-02;-1.390929985791444778e-02;2.327670335769653320e+00
-1.907303929328918457e-02;-1.390447374433279037e-02;2.327639341354370117e+00
-1.907303929328918457e-02;-1.390447374433279037e-02;2.327639341354370117e+00
-1.906832121312618256e-02;-1.391040254384279251e-02;2.327630758285522461e+00
-1.906832121312618256e-02;-1.391040254384279251e-02;2.327630758285522461e+00
-1.906557567417621613e-02;-1.385161746293306351e-02;2.327602148056030273e+00
-1.906557567417621613e-02;-1.385161746293306351e-02;2.327602148056030273e+00
-1.905082724988460541e-02;-1.387951243668794632e-02;2.327606201171875000e+00
-1.905082724988460541e-02;-1.387951243668794632e-02;2.327606201171875000e+00
-1.903583481907844543e-02;-1.387346442788839340e-02;2.327606678009033203e+00
-1.901637390255928040e-02;-1.389469392597675323e-02;2.327601671218872070e+00
-1.901637390255928040e-02;-1.389469392597675323e-02;2.327601671218872070e+00
-1.899770274758338928e-02;-1.392473466694355011e-02;2.327516317367553711e+00
-1.899770274758338928e-02;-1.392473466694355011e-02;2.327516317367553711e+00
-1.901860535144805908e-02;-1.390037685632705688e-02;2.327559232711791992e+00
-1.901860535144805908e-02;-1.390037685632705688e-02;2.327559232711791992e+00
-1.902891509234905243e-02;-1.389701478183269501e-02;2.327500581741333008e+00
-1.902891509234905243e-02;-1.389701478183269501e-02;2.327500581741333008e+00
-1.904737949371337891e-02;-1.389841269701719284e-02;2.327489852905273438e+00
-1.904737949371337891e-02;-1.389841269701719284e-02;2.327489852905273438e+00
-1.905930042266845703e-02;-1.393255405128002167e-02;2.327457427978515625e+00
-1.905930042266845703e-02;-1.393255405128002167e-02;2.327457427978515625e+00
-1.910485513508319855e-02;-1.392857916653156281e-02;2.327466726303100586e+00
-1.910249702632427216e-02;-1.398303266614675522e-02;2.327514171600341797e+00
-1.910249702632427216e-02;-1.398303266614675522e-02;2.327514171600341797e+00
-1.910855434834957123e-02;-1.395291183143854141e-02;2.327486991882324219e+00
-1.910855434834957123e-02;-1.395291183143854141e-02;2.327486991882324219e+00
-1.915019191801548004e-02;-1.393315196037292480e-02;2.327507972717285156e+00
-1.915019191801548004e-02;-1.393315196037292480e-02;2.327507972717285156e+00
-1.910276152193546295e-02;-1.388410478830337524e-02;2.327507019042968750e+00
-1.910276152193546295e-02;-1.388410478830337524e-02;2.327507019042968750e+00
-1.907824352383613586e-02;-1.390880718827247620e-02;2.327559232711791992e+00
-1.907824352383613586e-02;-1.390880718827247620e-02;2.327559232711791992e+00
-1.903735473752021790e-02;-1.392375025898218155e-02;2.327544689178466797e+00
-1.903925277292728424e-02;-1.391953509300947189e-02;2.327517747879028320e+00
-1.903925277292728424e-02;-1.391953509300947189e-02;2.327517747879028320e+00
-1.903236843645572662e-02;-1.390433125197887421e-02;2.327498197555541992e+00
-1.903236843645572662e-02;-1.390433125197887421e-02;2.327498197555541992e+00
-1.900310441851615906e-02;-1.390380319207906723e-02;2.327478885650634766e+00
-1.900310441851615906e-02;-1.390380319207906723e-02;2.327478885650634766e+00
-1.897597499191761017e-02;-1.388368103653192520e-02;2.327443361282348633e+00
-1.897597499191761017e-02;-1.388368103653192520e-02;2.327443361282348633e+00
-1.902366243302822113e-02;-1.390564441680908203e-02;2.327456474304199219e+00
-1.902366243302822113e-02;-1.390564441680908203e-02;2.327456474304199219e+00
-1.899195834994316101e-02;-1.390920393168926239e-02;2.327431917190551758e+00
-1.899195834994316101e-02;-1.390920393168926239e-02;2.327431917190551758e+00
-1.895166747272014618e-02;-1.392381358891725540e-02;2.327435255050659180e+00
-1.895166747272014618e-02;-1.392381358891725540e-02;2.327435255050659180e+00
-1.895166747272014618e-02;-1.392381358891725540e-02;2.327435255050659180e+00
-1.893271505832672119e-02;-1.398977637290954590e-02;2.327438116073608398e+00
-1.893271505832672119e-02;-1.398977637290954590e-02;2.327438116073608398e+00
-1.895187795162200928e-02;-1.399239245802164078e-02;2.327459573745727539e+00
-1.895187795162200928e-02;-1.399239245802164078e-02;2.327459573745727539e+00
-1.891693845391273499e-02;-1.395901385694742203e-02;2.327415227890014648e+00
-1.891693845391273499e-02;-1.395901385694742203e-02;2.327415227890014648e+00
-1.888522133231163025e-02;-1.397788990288972855e-02;2.327388763427734375e+00
-1.888522133231163025e-02;-1.397788990288972855e-02;2.327388763427734375e+00
-1.885697431862354279e-02;-1.403000019490718842e-02;2.327354669570922852e+00
-1.885697431862354279e-02;-1.403000019490718842e-02;2.327354669570922852e+00
-1.882403343915939331e-02;-1.399287395179271698e-02;2.327327251434326172e+00
-1.882403343915939331e-02;-1.399287395179271698e-02;2.327327251434326172e+00
-1.882342249155044556e-02;-1.399428583681583405e-02;2.327307939529418945e+00
-1.880012080073356628e-02;-1.397335436195135117e-02;2.327316999435424805e+00
-1.880012080073356628e-02;-1.397335436195135117e-02;2.327316999435424805e+00
-1.878343708813190460e-02;-1.396217662841081619e-02;2.327321052551269531e+00
-1.878343708813190460e-02;-1.396217662841081619e-02;2.327321052551269531e+00
-1.874149590730667114e-02;-1.393042504787445068e-02;2.327354431152343750e+00
-1.874149590730667114e-02;-1.393042504787445068e-02;2.327354431152343750e+00
-1.876743510365486145e-02;-1.392690651118755341e-02;2.327341318130493164e+00
-1.876743510365486145e-02;-1.392690651118755341e-02;2.327341318130493164e+00
-1.874768733978271484e-02;-1.389650069177150726e-02;2.327285528182983398e+00
-1.874768733978271484e-02;-1.389650069177150726e-02;2.327285528182983398e+00
-1.868167892098426819e-02;-1.389847323298454285e-02;2.327223777770996094e+00
-1.868167892098426819e-02;-1.389847323298454285e-02;2.327223777770996094e+00
-1.868656836450099945e-02;-1.395865902304649353e-02;2.327177524566650391e+00
-1.869176700711250305e-02;-1.393724046647548676e-02;2.327173709869384766e+00
-1.869176700711250305e-02;-1.393724046647548676e-02;2.327173709869384766e+00
-1.868417486548423767e-02;-1.392958965152502060e-02;2.327099084854125977e+00
-1.868417486548423767e-02;-1.392958965152502060e-02;2.327099084854125977e+00
-1.862735301256179810e-02;-1.389929093420505524e-02;2.327104806900024414e+00
-1.862735301256179810e-02;-1.389929093420505524e-02;2.327104806900024414e+00
-1.862709783017635345e-02;-1.392078027129173279e-02;2.327100753784179688e+00
-1.862960308790206909e-02;-1.392759289592504501e-02;2.327100515365600586e+00
-1.862960308790206909e-02;-1.392759289592504501e-02;2.327100515365600586e+00
-1.861323043704032898e-02;-1.389905810356140137e-02;2.327097177505493164e+00
-1.861323043704032898e-02;-1.389905810356140137e-02;2.327097177505493164e+00
-1.857466064393520355e-02;-1.387421321123838425e-02;2.327095508575439453e+00
-1.857466064393520355e-02;-1.387421321123838425e-02;2.327095508575439453e+00
-1.857430674135684967e-02;-1.390204578638076782e-02;2.327062129974365234e+00
-1.857430674135684967e-02;-1.390204578638076782e-02;2.327062129974365234e+00
-1.860809139907360077e-02;-1.394365821033716202e-02;2.327070474624633789e+00
-1.860809139907360077e-02;-1.394365821033716202e-02;2.327070474624633789e+00
-1.861864514648914337e-02;-1.399469655007123947e-02;2.327066183090209961e+00
-1.861864514648914337e-02;-1.399469655007123947e-02;2.327066183090209961e+00
-1.861864514648914337e-02;-1.399469655007123947e-02;2.327066183090209961e+00
-1.863216236233711243e-02;-1.396790146827697754e-02;2.327094316482543945e+00
-1.863216236233711243e-02;-1.396790146827697754e-02;2.327094316482543945e+00
-1.866381429135799408e-02;-1.394199207425117493e-02;2.327070474624633789e+00
-1.866381429135799408e-02;-1.394199207425117493e-02;2.327070474624633789e+00
-1.863727718591690063e-02;-1.398031879216432571e-02;2.327080726623535156e+00
-1.863727718591690063e-02;-1.398031879216432571e-02;2.327080726623535156e+00
-1.865853928029537201e-02;-1.397300790995359421e-02;2.327082872390747070e+00
-1.865853928029537201e-02;-1.397300790995359421e-02;2.327082872390747070e+00
-1.866105385124683380e-02;-1.398794725537300110e-02;2.327057600021362305e+00
-1.863796822726726532e-02;-1.397637836635112762e-02;2.327075481414794922e+00
-1.863796822726726532e-02;-1.397637836635112762e-02;2.327075481414794922e+00
-1.866719312965869904e-02;-1.399374939501285553e-02;2.327161788940429688e+00
-1.866719312965869904e-02;-1.399374939501285553e-02;2.327161788940429688e+00
-1.872121356427669525e-02;-1.402077078819274902e-02;2.327150821685791016e+00
-1.872121356427669525e-02;-1.402077078819274902e-02;2.327150821685791016e+00
-1.872797310352325439e-02;-1.402762532234191895e-02;2.327135086059570312e+00
-1.872797310352325439e-02;-1.402762532234191895e-02;2.327135086059570312e+00
-1.877003349363803864e-02;-1.405478455126285553e-02;2.327092170715332031e+00
-1.877003349363803864e-02;-1.405478455126285553e-02;2.327092170715332031e+00
-1.877132058143615723e-02;-1.408942323178052902e-02;2.327087640762329102e+00
-1.877132058143615723e-02;-1.408942323178052902e-02;2.327087640762329102e+00
-1.879238523542881012e-02;-1.411460340023040771e-02;2.327112674713134766e+00
-1.881554350256919861e-02;-1.410028710961341858e-02;2.327154159545898438e+00
-1.881554350256919861e-02;-1.410028710961341858e-02;2.327154159545898438e+00
-1.884989440441131592e-02;-1.409155968576669693e-02;2.327156782150268555e+00
-1.884989440441131592e-02;-1.409155968576669693e-02;2.327156782150268555e+00
-1.889490149915218353e-02;-1.411051582545042038e-02;2.327175140380859375e+00
-1.889490149915218353e-02;-1.411051582545042038e-02;2.327175140380859375e+00
-1.891647465527057648e-02;-1.414276380091905594e-02;2.327188730239868164e+00
-1.891647465527057648e-02;-1.414276380091905594e-02;2.327188730239868164e+00
-1.895065978169441223e-02;-1.416569948196411133e-02;2.327235698699951172e+00
-1.895065978169441223e-02;-1.416569948196411133e-02;2.327235698699951172e+00
-1.897920668125152588e-02;-1.414730306714773178e-02;2.327230453491210938e+00
-1.897860877215862274e-02;-1.415258087217807770e-02;2.327203035354614258e+00
-1.897860877215862274e-02;-1.415258087217807770e-02;2.327203035354614258e+00
-1.901277154684066772e-02;-1.416622288525104523e-02;2.327201366424560547e+00
-1.901277154684066772e-02;-1.416622288525104523e-02;2.327201366424560547e+00
-1.898057945072650909e-02;-1.416510250419378281e-02;2.327159881591796875e+00
-1.898057945072650909e-02;-1.416510250419378281e-02;2.327159881591796875e+00
-1.902221515774726868e-02;-1.419871672987937927e-02;2.327176570892333984e+00
-1.902221515774726868e-02;-1.419871672987937927e-02;2.327176570892333984e+00
-1.896730251610279083e-02;-1.419216673821210861e-02;2.327161788940429688e+00
-1.896730251610279083e-02;-1.419216673821210861e-02;2.327161788940429688e+00
-1.897105574607849121e-02;-1.419419143348932266e-02;2.327161788940429688e+00
-1.897105574607849121e-02;-1.419419143348932266e-02;2.327161788940429688e+00
-1.897105574607849121e-02;-1.419419143348932266e-02;2.327161788940429688e+00
-1.894834451377391815e-02;-1.422402262687683105e-02;2.327180385589599609e+00
-1.894834451377391815e-02;-1.422402262687683105e-02;2.327180385589599609e+00
-1.895097643136978149e-02;-1.423727534711360931e-02;2.327254295349121094e+00
-1.895097643136978149e-02;-1.423727534711360931e-02;2.327254295349121094e+00
-1.892612129449844360e-02;-1.423035655170679092e-02;2.327285766601562500e+00
-1.892612129449844360e-02;-1.423035655170679092e-02;2.327285766601562500e+00
-1.891004480421543121e-02;-1.429996453225612640e-02;2.327289342880249023e+00
-1.891004480421543121e-02;-1.429996453225612640e-02;2.327289342880249023e+00
-1.887720823287963867e-02;-1.430332753807306290e-02;2.327296733856201172e+00
-1.887720823287963867e-02;-1.430332753807306290e-02;2.327296733856201172e+00
-1.880651339888572693e-02;-1.430577039718627930e-02;2.327250242233276367e+00
-1.876558177173137665e-02;-1.431616954505443573e-02;2.327272891998291016e+00
-1.876558177173137665e-02;-1.431616954505443573e-02;2.327272891998291016e+00
-1.874182373285293579e-02;-1.431247219443321228e-02;2.327285528182983398e+00
-1.874182373285293579e-02;-1.431247219443321228e-02;2.327285528182983398e+00
-1.870929449796676636e-02;-1.429128926247358322e-02;2.327279806137084961e+00
-1.870929449796676636e-02;-1.429128926247358322e-02;2.327279806137084961e+00
-1.872479915618896484e-02;-1.431700121611356735e-02;2.327315330505371094e+00
-1.872479915618896484e-02;-1.431700121611356735e-02;2.327315330505371094e+00
-1.875590160489082336e-02;-1.433410309255123138e-02;2.327313661575317383e+00
-1.875590160489082336e-02;-1.433410309255123138e-02;2.327313661575317383e+00
-1.876923814415931702e-02;-1.437327731400728226e-02;2.327306032180786133e+00
-1.881173811852931976e-02;-1.442881301045417786e-02;2.327332735061645508e+00
-1.881173811852931976e-02;-1.442881301045417786e-02;2.327332735061645508e+00
-1.878795772790908813e-02;-1.439957413822412491e-02;2.327355384826660156e+00
-1.878795772790908813e-02;-1.439957413822412491e-02;2.327355384826660156e+00
-1.878292299807071686e-02;-1.437380257993936539e-02;2.327386856079101562e+00
-1.878292299807071686e-02;-1.437380257993936539e-02;2.327386856079101562e+00
-1.881457492709159851e-02;-1.441128458827733994e-02;2.327410936355590820e+00
-1.881457492709159851e-02;-1.441128458827733994e-02;2.327410936355590820e+00
-1.877844519913196564e-02;-1.443562097847461700e-02;2.327385902404785156e+00
-1.877844519913196564e-02;-1.443562097847461700e-02;2.327385902404785156e+00
-1.874655298888683319e-02;-1.444797776639461517e-02;2.327368497848510742e+00
-1.874655298888683319e-02;-1.444797776639461517e-02;2.327368497848510742e+00
-1.873100921511650085e-02;-1.445077825337648392e-02;2.327339410781860352e+00
-1.874535344541072845e-02;-1.446354296058416367e-02;2.327418804168701172e+00
-1.874535344541072845e-02;-1.446354296058416367e-02;2.327418804168701172e+00
-1.876661367714405060e-02;-1.449711713939905167e-02;2.327430725097656250e+00
-1.876661367714405060e-02;-1.449711713939905167e-02;2.327430725097656250e+00
-1.875123567879199982e-02;-1.449359580874443054e-02;2.327475786209106445e+00
-1.875123567879199982e-02;-1.449359580874443054e-02;2.327475786209106445e+00
-1.873867772519588470e-02;-1.445027068257331848e-02;2.327470541000366211e+00
-1.873867772519588470e-02;-1.445027068257331848e-02;2.327470541000366211e+00
-1.874475926160812378e-02;-1.441212184727191925e-02;2.327432155609130859e+00
-1.872732676565647125e-02;-1.436094380915164948e-02;2.327422380447387695e+00
-1.872732676565647125e-02;-1.436094380915164948e-02;2.327422380447387695e+00
-1.875529438257217407e-02;-1.432094816118478775e-02;2.327395677566528320e+00
-1.875529438257217407e-02;-1.432094816118478775e-02;2.327395677566528320e+00
-1.873302273452281952e-02;-1.435458753257989883e-02;2.327462673187255859e+00
-1.873302273452281952e-02;-1.435458753257989883e-02;2.327462673187255859e+00
-1.877076737582683563e-02;-1.434081420302391052e-02;2.327448368072509766e+00
-1.877076737582683563e-02;-1.434081420302391052e-02;2.327448368072509766e+00
-1.876109093427658081e-02;-1.428772322833538055e-02;2.327432155609130859e+00
-1.876109093427658081e-02;-1.428772322833538055e-02;2.327432155609130859e+00
-1.872773282229900360e-02;-1.430137734860181808e-02;2.327480792999267578e+00
-1.873735152184963226e-02;-1.432680618017911911e-02;2.327502012252807617e+00
-1.873735152184963226e-02;-1.432680618017911911e-02;2.327502012252807617e+00
-1.876058802008628845e-02;-1.434431038796901703e-02;2.327492475509643555e+00
-1.876058802008628845e-02;-1.434431038796901703e-02;2.327492475509643555e+00
-1.872186549007892609e-02;-1.433327607810497284e-02;2.327508687973022461e+00
-1.872186549007892609e-02;-1.433327607810497284e-02;2.327508687973022461e+00
-1.870361715555191040e-02;-1.430234685540199280e-02;2.327519416809082031e+00
-1.870361715555191040e-02;-1.430234685540199280e-02;2.327519416809082031e+00
-1.865830458700656891e-02;-1.427024882286787033e-02;2.327503442764282227e+00
-1.865830458700656891e-02;-1.427024882286787033e-02;2.327503442764282227e+00
-1.868838258087635040e-02;-1.425858214497566223e-02;2.327501773834228516e+00
-1.865927502512931824e-02;-1.424323674291372299e-02;2.327477693557739258e+00
-1.865927502512931824e-02;-1.424323674291372299e-02;2.327477693557739258e+00
-1.866212487220764160e-02;-1.425826642662286758e-02;2.327508449554443359e+00
-1.866212487220764160e-02;-1.425826642662286758e-02;2.327508449554443359e+00
-1.861234009265899658e-02;-1.423826068639755249e-02;2.327491760253906250e+00
-1.861234009265899658e-02;-1.423826068639755249e-02;2.327491760253906250e+00
-1.863681524991989136e-02;-1.417961716651916504e-02;2.327496767044067383e+00
-1.863681524991989136e-02;-1.417961716651916504e-02;2.327496767044067383e+00
-1.867139711976051331e-02;-1.417831424623727798e-02;2.327473878860473633e+00
-1.867139711976051331e-02;-1.417831424623727798e-02;2.327473878860473633e+00
-1.869131624698638916e-02;-1.418797951191663742e-02;2.327486515045166016e+00
-1.869131624698638916e-02;-1.418797951191663742e-02;2.327486515045166016e+00
-1.866758242249488831e-02;-1.420531701296567917e-02;2.327541589736938477e+00
-1.866350136697292328e-02;-1.421666704118251801e-02;2.327553033828735352e+00
-1.866350136697292328e-02;-1.421666704118251801e-02;2.327553033828735352e+00
-1.863130927085876465e-02;-1.414216682314872742e-02;2.327517986297607422e+00
-1.863130927085876465e-02;-1.414216682314872742e-02;2.327517986297607422e+00
-1.864545978605747223e-02;-1.411581505089998245e-02;2.327507734298706055e+00
-1.864545978605747223e-02;-1.411581505089998245e-02;2.327507734298706055e+00
-1.870324835181236267e-02;-1.410898193717002869e-02;2.327540159225463867e+00
-1.870324835181236267e-02;-1.410898193717002869e-02;2.327540159225463867e+00
-1.871878653764724731e-02;-1.407381612807512283e-02;2.327502012252807617e+00
-1.871878653764724731e-02;-1.407381612807512283e-02;2.327502012252807617e+00
-1.871404796838760376e-02;-1.409615483134984970e-02;2.327491283416748047e+00
-1.874069310724735260e-02;-1.405985001474618912e-02;2.327495574951171875e+00
-1.874069310724735260e-02;-1.405985001474618912e-02;2.327495574951171875e+00
-1.876258291304111481e-02;-1.403005048632621765e-02;2.327528476715087891e+00
-1.876258291304111481e-02;-1.403005048632621765e-02;2.327528476715087891e+00
-1.880080997943878174e-02;-1.400029752403497696e-02;2.327510356903076172e+00
-1.880080997943878174e-02;-1.400029752403497696e-02;2.327510356903076172e+00
-1.882749609649181366e-02;-1.399476733058691025e-02;2.327521562576293945e+00
-1.882749609649181366e-02;-1.399476733058691025e-02;2.327521562576293945e+00
-1.881435327231884003e-02;-1.397011335939168930e-02;2.327541828155517578e+00
-1.872896403074264526e-02;-1.397227589040994644e-02;2.327531576156616211e+00
-1.872896403074264526e-02;-1.397227589040994644e-02;2.327531576156616211e+00
-1.873599179089069366e-02;-1.397458743304014206e-02;2.327549457550048828e+00
-1.873599179089069366e-02;-1.397458743304014206e-02;2.327549457550048828e+00
-1.871619746088981628e-02;-1.401315256953239441e-02;2.327525377273559570e+00
-1.871619746088981628e-02;-1.401315256953239441e-02;2.327525377273559570e+00
-1.871169731020927429e-02;-1.403136178851127625e-02;2.327534914016723633e+00
-1.871169731020927429e-02;-1.403136178851127625e-02;2.327534914016723633e+00
-1.876167766749858856e-02;-1.404008921235799789e-02;2.327565431594848633e+00
-1.876167766749858856e-02;-1.404008921235799789e-02;2.327565431594848633e+00
-1.872313953936100006e-02;-1.405980996787548065e-02;2.327635288238525391e+00
-1.875647902488708496e-02;-1.405304204672574997e-02;2.327624082565307617e+00
-1.875647902488708496e-02;-1.405304204672574997e-02;2.327624082565307617e+00
-1.878288015723228455e-02;-1.405670493841171265e-02;2.327605724334716797e+00
-1.878288015723228455e-02;-1.405670493841171265e-02;2.327605724334716797e+00
-1.878191530704498291e-02;-1.399948075413703918e-02;2.327584266662597656e+00
-1.878191530704498291e-02;-1.399948075413703918e-02;2.327584266662597656e+00
-1.879784464836120605e-02;-1.400395110249519348e-02;2.327585458755493164e+00
-1.879784464836120605e-02;-1.400395110249519348e-02;2.327585458755493164e+00
-1.878264546394348145e-02;-1.402815710753202438e-02;2.327603578567504883e+00
-1.878264546394348145e-02;-1.402815710753202438e-02;2.327603578567504883e+00
-1.881653815507888794e-02;-1.402763742953538895e-02;2.327621221542358398e+00
-1.881653815507888794e-02;-1.402763742953538895e-02;2.327621221542358398e+00
-1.879766955971717834e-02;-1.404324732720851898e-02;2.327584266662597656e+00
-1.881109923124313354e-02;-1.403927244246006012e-02;2.327618122100830078e+00
-1.881109923124313354e-02;-1.403927244246006012e-02;2.327618122100830078e+00
-1.876578107476234436e-02;-1.407454069703817368e-02;2.327577590942382812e+00
-1.876578107476234436e-02;-1.407454069703817368e-02;2.327577590942382812e+00
-1.876085065305233002e-02;-1.408097892999649048e-02;2.327605485916137695e+00
-1.876085065305233002e-02;-1.408097892999649048e-02;2.327605485916137695e+00
-1.874783821403980255e-02;-1.404941733926534653e-02;2.327539443969726562e+00
-1.874783821403980255e-02;-1.404941733926534653e-02;2.327539443969726562e+00
-1.871694251894950867e-02;-1.399794314056634903e-02;2.327562093734741211e+00
-1.871694251894950867e-02;-1.399794314056634903e-02;2.327562093734741211e+00
-1.869577355682849884e-02;-1.402487140148878098e-02;2.327585220336914062e+00
-1.869577355682849884e-02;-1.402487140148878098e-02;2.327585220336914062e+00
-1.872232742607593536e-02;-1.399581320583820343e-02;2.327605247497558594e+00
-1.874810270965099335e-02;-1.400786824524402618e-02;2.327580213546752930e+00
-1.874810270965099335e-02;-1.400786824524402618e-02;2.327580213546752930e+00
-1.876714825630187988e-02;-1.398832630366086960e-02;2.327532052993774414e+00
-1.876714825630187988e-02;-1.398832630366086960e-02;2.327532052993774414e+00
-1.880597695708274841e-02;-1.397049240767955780e-02;2.327470541000366211e+00
-1.880597695708274841e-02;-1.397049240767955780e-02;2.327470541000366211e+00
-1.878737099468708038e-02;-1.396391820162534714e-02;2.327485322952270508e+00
-1.878662966191768646e-02;-1.397433225065469742e-02;2.327485799789428711e+00
-1.878662966191768646e-02;-1.397433225065469742e-02;2.327485799789428711e+00
-1.880307495594024658e-02;-1.399071235209703445e-02;2.327492713928222656e+00
-1.880307495594024658e-02;-1.399071235209703445e-02;2.327492713928222656e+00
-1.887064427137374878e-02;-1.404522918164730072e-02;2.327481031417846680e+00
-1.887064427137374878e-02;-1.404522918164730072e-02;2.327481031417846680e+00
-1.890295743942260742e-02;-1.403440907597541809e-02;2.327492952346801758e+00
-1.890295743942260742e-02;-1.403440907597541809e-02;2.327492952346801758e+00
-1.892261393368244171e-02;-1.403735298663377762e-02;2.327439069747924805e+00
-1.890988461673259735e-02;-1.404466200619935989e-02;2.327399969100952148e+00
-1.890988461673259735e-02;-1.404466200619935989e-02;2.327399969100952148e+00
-1.892532408237457275e-02;-1.406379416584968567e-02;2.327350854873657227e+00
-1.892532408237457275e-02;-1.406379416584968567e-02;2.327350854873657227e+00
-1.891385391354560852e-02;-1.410473696887493134e-02;2.327360391616821289e+00
-1.891385391354560852e-02;-1.410473696887493134e-02;2.327360391616821289e+00
-1.896975748240947723e-02;-1.409231405705213547e-02;2.327373027801513672e+00
-1.896975748240947723e-02;-1.409231405705213547e-02;2.327373027801513672e+00
-1.895906031131744385e-02;-1.407751161605119705e-02;2.327331304550170898e+00
-1.895906031131744385e-02;-1.407751161605119705e-02;2.327331304550170898e+00
-1.897339150309562683e-02;-1.404770649969577789e-02;2.327379703521728516e+00
-1.897339150309562683e-02;-1.404770649969577789e-02;2.327379703521728516e+00
-1.898870803415775299e-02;-1.402831077575683594e-02;2.327383995056152344e+00
-1.901916787028312683e-02;-1.399222761392593384e-02;2.327346324920654297e+00
-1.901916787028312683e-02;-1.399222761392593384e-02;2.327346324920654297e+00
-1.905285567045211792e-02;-1.400096900761127472e-02;2.327316999435424805e+00
-1.905285567045211792e-02;-1.400096900761127472e-02;2.327316999435424805e+00
-1.905567198991775513e-02;-1.403630338609218597e-02;2.327334642410278320e+00
-1.905567198991775513e-02;-1.403630338609218597e-02;2.327334642410278320e+00
-1.907788589596748352e-02;-1.406555064022541046e-02;2.327378988265991211e+00
-1.907788589596748352e-02;-1.406555064022541046e-02;2.327378988265991211e+00
-1.913517899811267853e-02;-1.408577989786863327e-02;2.327416658401489258e+00
-1.913517899811267853e-02;-1.408577989786863327e-02;2.327416658401489258e+00
-1.912875100970268250e-02;-1.405895315110683441e-02;2.327400445938110352e+00
-1.912875100970268250e-02;-1.405895315110683441e-02;2.327400445938110352e+00
-1.914467662572860718e-02;-1.403663400560617447e-02;2.327394008636474609e+00
-1.914671994745731354e-02;-1.403450034558773041e-02;2.327409029006958008e+00
-1.914671994745731354e-02;-1.403450034558773041e-02;2.327409029006958008e+00
-1.915968582034111023e-02;-1.406981982290744781e-02;2.327403306961059570e+00
-1.915968582034111023e-02;-1.406981982290744781e-02;2.327403306961059570e+00
-1.919358409941196442e-02;-1.417353842407464981e-02;2.327425718307495117e+00
-1.919358409941196442e-02;-1.417353842407464981e-02;2.327425718307495117e+00
-1.917656511068344116e-02;-1.413372997194528580e-02;2.327435493469238281e+00
-1.917656511068344116e-02;-1.413372997194528580e-02;2.327435493469238281e+00
-1.914249174296855927e-02;-1.416062191128730774e-02;2.327460527420043945e+00
-1.914249174296855927e-02;-1.416062191128730774e-02;2.327460527420043945e+00
-1.915149204432964325e-02;-1.411331444978713989e-02;2.327455520629882812e+00
-1.915149204432964325e-02;-1.411331444978713989e-02;2.327455520629882812e+00
-1.912949234247207642e-02;-1.411001849919557571e-02;2.327440500259399414e+00
-1.912949234247207642e-02;-1.411001849919557571e-02;2.327440500259399414e+00
-1.907696016132831573e-02;-1.412882003933191299e-02;2.327403068542480469e+00
-1.910145208239555359e-02;-1.412141416221857071e-02;2.327409505844116211e+00
-1.910145208239555359e-02;-1.412141416221857071e-02;2.327409505844116211e+00
-1.911595650017261505e-02;-1.409179251641035080e-02;2.327387094497680664e+00
-1.911595650017261505e-02;-1.409179251641035080e-02;2.327387094497680664e+00
-1.908209547400474548e-02;-1.407176535576581955e-02;2.327383995056152344e+00
-1.908209547400474548e-02;-1.407176535576581955e-02;2.327383995056152344e+00
-1.910106651484966278e-02;-1.401058956980705261e-02;2.327399969100952148e+00
-1.910106651484966278e-02;-1.401058956980705261e-02;2.327399969100952148e+00
-1.910106651484966278e-02;-1.401058956980705261e-02;2.327399969100952148e+00
-1.910106651484966278e-02;-1.401058956980705261e-02;2.327399969100952148e+00
-1.911404356360435486e-02;-1.392857450991868973e-02;2.327440261840820312e+00
-1.910636015236377716e-02;-1.391308940947055817e-02;2.327423334121704102e+00
-1.910636015236377716e-02;-1.391308940947055817e-02;2.327423334121704102e+00
-1.909347251057624817e-02;-1.389779988676309586e-02;2.327426910400390625e+00
-1.909347251057624817e-02;-1.389779988676309586e-02;2.327426910400390625e+00
-1.906048320233821869e-02;-1.390882115811109543e-02;2.327435970306396484e+00
-1.906048320233821869e-02;-1.390882115811109543e-02;2.327435970306396484e+00
-1.911937259137630463e-02;-1.392287109047174454e-02;2.327378988265991211e+00
-1.911937259137630463e-02;-1.392287109047174454e-02;2.327378988265991211e+00
-1.906393654644489288e-02;-1.392048876732587814e-02;2.327391862869262695e+00
-1.906393654644489288e-02;-1.392048876732587814e-02;2.327391862869262695e+00
-1.905428431928157806e-02;-1.394260022789239883e-02;2.327417135238647461e+00
-1.905428431928157806e-02;-1.394260022789239883e-02;2.327417135238647461e+00
-1.904701627790927887e-02;-1.396714616566896439e-02;2.327439546585083008e+00
-1.904701627790927887e-02;-1.396714616566896439e-02;2.327439546585083008e+00
-1.906339637935161591e-02;-1.394197344779968262e-02;2.327428817749023438e+00
-1.907691359519958496e-02;-1.394375041127204895e-02;2.327463150024414062e+00
-1.907691359519958496e-02;-1.394375041127204895e-02;2.327463150024414062e+00
-1.909890398383140564e-02;-1.393492333590984344e-02;2.327504634857177734e+00
-1.909890398383140564e-02;-1.393492333590984344e-02;2.327504634857177734e+00
-1.910390891134738922e-02;-1.397315971553325653e-02;2.327503442764282227e+00
-1.910390891134738922e-02;-1.397315971553325653e-02;2.327503442764282227e+00
-1.910519041121006012e-02;-1.398439984768629074e-02;2.327451944351196289e+00
-1.910519041121006012e-02;-1.398439984768629074e-02;2.327451944351196289e+00
-1.916598156094551086e-02;-1.398349460214376450e-02;2.327490568161010742e+00
-1.916598156094551086e-02;-1.398349460214376450e-02;2.327490568161010742e+00
-1.917635835707187653e-02;-1.398375071585178375e-02;2.327532291412353516e+00
-1.917635835707187653e-02;-1.398375071585178375e-02;2.327532291412353516e+00
-1.913114637136459351e-02;-1.394186168909072876e-02;2.327496290206909180e+00
-1.915921829640865326e-02;-1.395607087761163712e-02;2.327510595321655273e+00
-1.915921829640865326e-02;-1.395607087761163712e-02;2.327510595321655273e+00
-1.909305527806282043e-02;-1.396907586604356766e-02;2.327512264251708984e+00
-1.909305527806282043e-02;-1.396907586604356766e-02;2.327512264251708984e+00
-1.909621804952621460e-02;-1.398740522563457489e-02;2.327517271041870117e+00
-1.909621804952621460e-02;-1.398740522563457489e-02;2.327517271041870117e+00
-1.913901604712009430e-02;-1.403378695249557495e-02;2.327493906021118164e+00
-1.913901604712009430e-02;-1.403378695249557495e-02;2.327493906021118164e+00
-1.912582293152809143e-02;-1.401989720761775970e-02;2.327444314956665039e+00
-1.913499832153320312e-02;-1.402137894183397293e-02;2.327471017837524414e+00
-1.913499832153320312e-02;-1.402137894183397293e-02;2.327471017837524414e+00
-1.912002079188823700e-02;-1.403027307242155075e-02;2.327487468719482422e+00
-1.912002079188823700e-02;-1.403027307242155075e-02;2.327487468719482422e+00
-1.912065595388412476e-02;-1.404502615332603455e-02;2.327534198760986328e+00
-1.912065595388412476e-02;-1.404502615332603455e-02;2.327534198760986328e+00
-1.907756179571151733e-02;-1.400780119001865387e-02;2.327509164810180664e+00
-1.907756179571151733e-02;-1.400780119001865387e-02;2.327509164810180664e+00
-1.907981745898723602e-02;-1.402179803699254990e-02;2.327472448348999023e+00
-1.907981745898723602e-02;-1.402179803699254990e-02;2.327472448348999023e+00
-1.906608231365680695e-02;-1.401515584439039230e-02;2.327446222305297852e+00
-1.906608231365680695e-02;-1.401515584439039230e-02;2.327446222305297852e+00
-1.906398497521877289e-02;-1.402223855257034302e-02;2.327431440353393555e+00
-1.904826238751411438e-02;-1.398704573512077332e-02;2.327400445938110352e+00
-1.904826238751411438e-02;-1.398704573512077332e-02;2.327400445938110352e+00
-1.907312124967575073e-02;-1.394012477248907089e-02;2.327405214309692383e+00
-1.907312124967575073e-02;-1.394012477248907089e-02;2.327405214309692383e+00
-1.905187219381332397e-02;-1.393511984497308731e-02;2.327425718307495117e+00
-1.905187219381332397e-02;-1.393511984497308731e-02;2.327425718307495117e+00
-1.903055049479007721e-02;-1.400053501129150391e-02;2.327404022216796875e+00
-1.903055049479007721e-02;-1.400053501129150391e-02;2.327404022216796875e+00
-1.903303712606430054e-02;-1.401842851191759109e-02;2.327438592910766602e+00
-1.903303712606430054e-02;-1.401842851191759109e-02;2.327438592910766602e+00
-1.906327344477176666e-02;-1.399121899157762527e-02;2.327399492263793945e+00
-1.906327344477176666e-02;-1.399121899157762527e-02;2.327399492263793945e+00
-1.908252201974391937e-02;-1.399946026504039764e-02;2.327434062957763672e+00
-1.912542805075645447e-02;-1.403618045151233673e-02;2.327414751052856445e+00
-1.912542805075645447e-02;-1.403618045151233673e-02;2.327414751052856445e+00
-1.914411969482898712e-02;-1.405215729027986526e-02;2.327425003051757812e+00
-1.914411969482898712e-02;-1.405215729027986526e-02;2.327425003051757812e+00
-1.916259713470935822e-02;-1.408387813717126846e-02;2.327413082122802734e+00
-1.916259713470935822e-02;-1.408387813717126846e-02;2.327413082122802734e+00
-1.916944235563278198e-02;-1.406702958047389984e-02;2.327382564544677734e+00
-1.916944235563278198e-02;-1.406702958047389984e-02;2.327382564544677734e+00
-1.918860338628292084e-02;-1.411211024969816208e-02;2.327373027801513672e+00
-1.918860338628292084e-02;-1.411211024969816208e-02;2.327373027801513672e+00
-1.919283345341682434e-02;-1.412282790988683701e-02;2.327361822128295898e+00
-1.919222623109817505e-02;-1.406823005527257919e-02;2.327326774597167969e+00
-1.919222623109817505e-02;-1.406823005527257919e-02;2.327326774597167969e+00
-1.919012516736984253e-02;-1.408480945974588394e-02;2.327357530593872070e+00
-1.919012516736984253e-02;-1.408480945974588394e-02;2.327357530593872070e+00
-1.923894323408603668e-02;-1.412909477949142456e-02;2.327370405197143555e+00
-1.923894323408603668e-02;-1.412909477949142456e-02;2.327370405197143555e+00
-1.923394761979579926e-02;-1.416734233498573303e-02;2.327398061752319336e+00
-1.923394761979579926e-02;-1.416734233498573303e-02;2.327398061752319336e+00
-1.926152035593986511e-02;-1.416011806577444077e-02;2.327422380447387695e+00
-1.926152035593986511e-02;-1.416011806577444077e-02;2.327422380447387695e+00
-1.924694888293743134e-02;-1.417991053313016891e-02;2.327412843704223633e+00
-1.924694888293743134e-02;-1.417991053313016891e-02;2.327412843704223633e+00
-1.922199130058288574e-02;-1.420815847814083099e-02;2.327471971511840820e+00
-1.922199130058288574e-02;-1.420815847814083099e-02;2.327471971511840820e+00
-1.917105168104171753e-02;-1.418142486363649368e-02;2.327484607696533203e+00
-1.917105168104171753e-02;-1.418142486363649368e-02;2.327484607696533203e+00
-1.919940114021301270e-02;-1.419182121753692627e-02;2.327491521835327148e+00
-1.919418759644031525e-02;-1.422060467302799225e-02;2.327503919601440430e+00
-1.919418759644031525e-02;-1.422060467302799225e-02;2.327503919601440430e+00
-1.919006183743476868e-02;-1.419371180236339569e-02;2.327521800994873047e+00
-1.919006183743476868e-02;-1.419371180236339569e-02;2.327521800994873047e+00
-1.916772127151489258e-02;-1.418117713183164597e-02;2.327515125274658203e+00
-1.916772127151489258e-02;-1.418117713183164597e-02;2.327515125274658203e+00
-1.916199177503585815e-02;-1.416671182960271835e-02;2.327457904815673828e+00
-1.916199177503585815e-02;-1.416671182960271835e-02;2.327457904815673828e+00
-1.910523325204849243e-02;-1.415620371699333191e-02;2.327439069747924805e+00
-1.910523325204849243e-02;-1.415620371699333191e-02;2.327439069747924805e+00
-1.910472474992275238e-02;-1.417159289121627808e-02;2.327387809753417969e+00
-1.910472474992275238e-02;-1.417159289121627808e-02;2.327387809753417969e+00
-1.907749287784099579e-02;-1.418351568281650543e-02;2.327416896820068359e+00
-1.907392777502536774e-02;-1.422770600765943527e-02;2.327386856079101562e+00
-1.907392777502536774e-02;-1.422770600765943527e-02;2.327386856079101562e+00
-1.904636248946189880e-02;-1.426647137850522995e-02;2.327424526214599609e+00
-1.904636248946189880e-02;-1.426647137850522995e-02;2.327424526214599609e+00
-1.906711794435977936e-02;-1.427383348345756531e-02;2.327419042587280273e+00
-1.906711794435977936e-02;-1.427383348345756531e-02;2.327419042587280273e+00
-1.896691136062145233e-02;-1.432535424828529358e-02;2.327432155609130859e+00
-1.896691136062145233e-02;-1.432535424828529358e-02;2.327432155609130859e+00
-1.897855848073959351e-02;-1.428769621998071671e-02;2.327457666397094727e+00
-1.897855848073959351e-02;-1.428769621998071671e-02;2.327457666397094727e+00
-1.897983066737651825e-02;-1.434672810137271881e-02;2.327480792999267578e+00
-1.897983066737651825e-02;-1.434672810137271881e-02;2.327480792999267578e+00
-1.900586299598217010e-02;-1.434393692761659622e-02;2.327464342117309570e+00
-1.896077021956443787e-02;-1.430156640708446503e-02;2.327413558959960938e+00
-1.896077021956443787e-02;-1.430156640708446503e-02;2.327413558959960938e+00
-1.891726814210414886e-02;-1.429126132279634476e-02;2.327383995056152344e+00
-1.891726814210414886e-02;-1.429126132279634476e-02;2.327383995056152344e+00
-1.882295496761798859e-02;-1.430374570190906525e-02;2.327383995056152344e+00
-1.882295496761798859e-02;-1.430374570190906525e-02;2.327383995056152344e+00
-1.883803308010101318e-02;-1.431530155241489410e-02;2.327383995056152344e+00
-1.883803308010101318e-02;-1.431530155241489410e-02;2.327383995056152344e+00
-1.880810037255287170e-02;-1.429819222539663315e-02;2.327378749847412109e+00
-1.880810037255287170e-02;-1.429819222539663315e-02;2.327378749847412109e+00
-1.885297894477844238e-02;-1.427205558866262436e-02;2.327409029006958008e+00
-1.884174719452857971e-02;-1.425427570939064026e-02;2.327329635620117188e+00
-1.884174719452857971e-02;-1.425427570939064026e-02;2.327329635620117188e+00
-1.884514279663562775e-02;-1.421383395791053772e-02;2.327316999435424805e+00
-1.884514279663562775e-02;-1.421383395791053772e-02;2.327316999435424805e+00
-1.881333254277706146e-02;-1.425312459468841553e-02;2.327340364456176758e+00
-1.881333254277706146e-02;-1.425312459468841553e-02;2.327340364456176758e+00
-1.880092360079288483e-02;-1.426576264202594757e-02;2.327356338500976562e+00
-1.880092360079288483e-02;-1.426576264202594757e-02;2.327356338500976562e+00
-1.879039220511913300e-02;-1.423539966344833374e-02;2.327296972274780273e+00
-1.879039220511913300e-02;-1.423539966344833374e-02;2.327296972274780273e+00
-1.881480216979980469e-02;-1.428592484444379807e-02;2.327314615249633789e+00
-1.881480216979980469e-02;-1.428592484444379807e-02;2.327314615249633789e+00
-1.879936642944812775e-02;-1.423011068254709244e-02;2.327324867248535156e+00
-1.877102442085742950e-02;-1.423288695514202118e-02;2.327262878417968750e+00
-1.877102442085742950e-02;-1.423288695514202118e-02;2.327262878417968750e+00
-1.878950931131839752e-02;-1.423347741365432739e-02;2.327275276184082031e+00
